PuzzleId,FEN,Moves,Rating,RatingDeviation,Popularity,NbPlays,Themes,GameUrl,OpeningTags
A9nnb,2k4r/1pp1r1pp/3p4/Pp2p3/4P1n1/3Q1NPq/2P2P1P/R4RK1 w - - 0 19,d3b5 e7f7 a5a6 c8d8 a6b7 d8e7 b7b8q h8b8 b5b8 f7f3 b8c7 e7e6 c7c8 e6f7 c8d7 f7g6 d7g4 h3g4,3046,121,90,4699,crushing defensiveMove middlegame veryLong,https://lichess.org/gSR1VL8I#37,Philidor_Defense Philidor_Defense_Other_variations
hRVhQ,8/8/p3p1p1/4P1kp/2R1B3/5R2/r2r4/5K2 w - - 2 42,f3g3 g5f4 g3f3 f4e5 f3e3 d2d1 e3e1 a2a1 e1d1 a1d1 f1e2 d1d4 c4c5 e5e4,3061,112,90,4196,crushing defensiveMove endgame exposedKing interference quietMove veryLong,https://lichess.org/u5JPQU5l#83,
59KHK,r4bnr/ppR2ppp/4pk2/4P3/Q2p1P2/P2q3P/1P1B4/4K2R b K - 0 17,f6g6 h1g1 g6f5 a4d1 f8e7 d1g4 f5e4 g1g2 e7h4 g4h4,3071,142,90,4058,crushing exposedKing middlegame quietMove veryLong,https://lichess.org/zqwni1jk/black#34,Zukertort_Opening Zukertort_Opening_Reversed_Mexican_Defense
kvotW,r2q1r2/1p1n3p/1bp2k2/5p2/Pp1PP3/1B1Q3P/5P2/R3K1R1 b Q - 0 25,f8e8 e1c1 e8e4 d3g3 f6e7 f2f3,3026,122,90,3840,advantage castling long middlegame quietMove,https://lichess.org/62kbnhBQ/black#50,
3N9B8,2kr1b1r/ppp2ppp/2n2n2/3P2N1/2P1p2q/8/PP2BP2/RNBQ1RK1 w - - 2 15,g5f7 f8d6 f7d6 d8d6 g1g2 f6d7 e2h5 h8f8 f2f4 e4f3,3009,109,92,3793,advantage enPassant opening quietMove veryLong,https://lichess.org/U8A0ZJmF#29,Scandinavian_Defense Scandinavian_Defense_Portuguese_Variation
SUC1t,r2q3r/p3npp1/1p2pk1p/3b4/3N2QP/bP1B4/P1P2PP1/4RRK1 b - - 3 17,g7g5 f2f4 g5h4 f4f5 e6e5 g4h4 f6g7 d4e6 d5e6 h4g3 e7g6 f5e6 a3c5 g1h2 f7f5 f1f5 d8h4 g3h4 g6h4 f5f7,3091,143,90,3695,crushing intermezzo middlegame sacrifice veryLong,https://lichess.org/W2CnDFdX/black#34,French_Defense French_Defense_Tarrasch_Variation
zcW0b,8/8/4K3/6Rp/3Pn3/5k2/8/8 w - - 9 58,d4d5 e4g5 e6f5 g5e4 d5d6 h5h4 d6d7 e4d6 f5g5 f3g3,3016,103,91,3623,crushing defensiveMove endgame hangingPiece master quietMove veryLong,https://lichess.org/0UcLib4W#115,
ccVA2,8/3pk3/K7/3P1P2/4r3/4p3/4R3/8 w - - 4 49,a6b5 e7f6 b5c5 f6e5 f5f6 e5f6 c5d6 e4e5,3079,98,91,3491,crushing endgame rookEndgame veryLong zugzwang,https://lichess.org/AGiVoxMr#97,
D3jkU,r1b2rk1/pp3Npp/8/3B4/3nQ3/3K4/Pq1B1PPP/7R b - - 2 17,d4e6 f7g5 f8f2 d5e6 c8e6 e4h7 g8f8 g5e6 f8e7 h7h4 e7e6 h1e1,3010,116,90,3433,advantage fork middlegame veryLong,https://lichess.org/h4jEsy4q/black#34,Queens_Gambit_Accepted Queens_Gambit_Accepted_Other_variations
V5UQg,5rk1/p2q1ppp/3b4/3Q4/4pP2/4B3/PPr3PP/R3R1K1 w - - 0 17,e1d1 c2g2 g1g2 d7g4 g2f1 g4h3 f1e2 h3f3 e2d2 f3g2 d2c3 f8c8,3039,116,91,3424,advantage attraction fork middlegame sacrifice veryLong,https://lichess.org/I6nPtrlT#33,Sicilian_Defense Sicilian_Defense_Lowenthal_Variation
0O04M,3r2k1/b3qp2/5Npp/np2P3/6Q1/P4N2/1B3PPP/3rR1K1 b - - 5 27,g8h8 g4f4 h8g7 f6g4 g6g5 e5e6,3061,128,90,3363,crushing discoveredAttack discoveredCheck long middlegame,https://lichess.org/FOu0Y2OM/black#54,
FhyeW,8/b7/P3p3/4p1Pp/1p3k1P/5P2/3p2K1/1R6 w - - 2 46,b1b4 e5e4 b4b1 e4e3 g5g6 e3e2 g6g7 d2d1q g7g8q e2e1n,3052,116,90,3350,advancedPawn crushing defensiveMove endgame promotion underPromotion veryLong,https://lichess.org/SJ1ivDph#91,
Ivt5K,8/p2k3p/1p3p2/2p3p1/2P1P1K1/5P1P/P5P1/8 w - - 0 43,h3h4 b6b5 h4g5 b5b4 g4f5 f6g5 f5f6 d7e8,3034,134,86,3337,crushing defensiveMove endgame pawnEndgame quietMove veryLong,https://lichess.org/N5PgFNPr#85,
tEJoM,rnb1k1nr/pp3p1p/1q2p1p1/3pP3/5P2/2BBbNP1/PPQ4P/RN3K1R b kq - 0 14,g8h6 c3d4 e3d4 c2c8 e8e7 c8h8 h6g4 f1g2 d4e5 f4e5 b8d7 h8h7,3076,110,91,3244,advantage discoveredAttack middlegame skewer veryLong,https://lichess.org/SAxcSbYQ/black#28,French_Defense French_Defense_La_Bourdonnais_Variation
877xz,2kr4/1pp4P/2p5/5pK1/2B5/p7/6P1/8 b - - 1 50,b7b5 c4g8 a3a2 g8a2 d8h8 a2e6 c8b7 e6f5,3022,109,90,3236,crushing endgame quietMove veryLong,https://lichess.org/W5XvGc4q/black#100,
LQCMG,8/8/1kp5/1p6/6p1/PQ4K1/2P1q1P1/8 w - - 2 41,b3d3 e2d3 c2d3 b6a5 g3g4 c6c5 d3d4 b5b4 a3b4 c5b4,3017,121,90,3201,crushing endgame master queenEndgame quietMove veryLong,https://lichess.org/OmwxNGpl#81,
rHT5N,1nkr4/Qpp3p1/1P1p4/N7/3Nq3/K1P5/P5r1/3R4 b - - 0 33,c7c5 d1e1 e4d5 d4b3 g2f2 e1e7,3001,126,89,3141,crushing long middlegame,https://lichess.org/EUSFF4Ul/black#66,
IyOGp,r2q1rk1/5p1p/3p1ppQ/8/p3bP2/7R/1PP1B1PP/R5K1 b - - 1 24,g6g5 e2d3 d8b6 g1f1 b6b4 f4g5 f6g5 d3e4 b4e4 h6g5,3063,137,89,3074,advantage defensiveMove master masterVsMaster middlegame veryLong,https://lichess.org/qdjIavkE/black#48,
yU0RG,1R6/5p2/kR1p4/3qp2p/8/4P3/2K5/8 b - - 1 41,a6a5 b6b7 d5g2 c2c3,3016,108,91,3044,crushing defensiveMove endgame queenRookEndgame short,https://lichess.org/i2GTF5yr/black#82,
eC07g,8/p5p1/3p3p/8/3B4/P2K1k2/8/8 b - - 2 51,g7g5 d4a7 f3f4 d3d4 f4f5 d4d5 h6h5 a7b8 h5h4 b8d6 g5g4 d6e7 g4g3 e7h4 g3g2 h4f2,3068,128,90,2998,bishopEndgame crushing defensiveMove endgame veryLong,https://lichess.org/Q9qtNNyI/black#102,
ivFl8,8/8/8/p2k1ppp/8/1pK2P2/P5PP/8 w - - 0 33,c3b3 d5d4 b3a4 f5f4 a4a5 g5g4 h2h4 g4g3 a5b5 d4e3 a2a4 e3f2 a4a5 f2g2 a5a6 g2h3 a6a7 g3g2 a7a8q g2g1q,3096,129,89,2967,advancedPawn crushing endgame pawnEndgame promotion quietMove veryLong,https://lichess.org/Gyma42eH#65,
0pGLq,3rk1r1/p2n1p2/qpQP2p1/4P2p/2P4P/6PB/P7/2R3K1 b - - 2 33,f7f5 e5f6 e8f8 c6e4 d8e8 e4f4 a6a3 f6f7,3047,138,88,2966,advancedPawn crushing enPassant middlegame pin quietMove veryLong,https://lichess.org/6fuh1HNl/black#66,
bCcbJ,r5rk/6p1/1q2p1Qp/p1ppPp2/3p3P/PPb5/2P2P1P/1RB3RK b - - 3 22,a8a7 g6h5 g7g6 g1g6 g8g6 h5g6,3037,104,91,2913,crushing long middlegame,https://lichess.org/ma0wLWcc/black#44,
RNZ5L,2b5/8/3p4/P1k1p3/1pB1Pp2/1P3Pp1/3K2P1/8 w - - 11 47,d2c2 d6d5 e4d5 e5e4 c4e2 c8f5,3023,105,91,2910,bishopEndgame crushing defensiveMove endgame long master,https://lichess.org/AGdmZMvJ#93,
zgvCK,1bkr4/p2q4/2p2p2/3p3p/5PrP/BP3Q2/P2N2P1/R2R2K1 w - - 3 23,g2g3 d8g8 d2f1 g4f4 f3e2 f4f1 g1f1 b8g3,3045,120,90,2902,advantage discoveredAttack exposedKing kingsideAttack middlegame pin quietMove veryLong,https://lichess.org/htfL2R72#45,
kRioN,8/k7/6p1/PP2pp1p/3pP3/3K2P1/7P/8 b - - 0 41,a7b7 e4f5 g6f5 b5b6 b7c6 h2h3 e5e4 d3d4,3023,110,91,2893,crushing endgame pawnEndgame quietMove veryLong zugzwang,https://lichess.org/jlUijQqO/black#82,
lRI5L,r5k1/pb4pp/1pn1pr2/3q1p2/P2Pn3/B3PN2/2Q1BPPP/R4RK1 w - - 0 16,f3e5 c6d4 e3d4 e4d2 f2f3 d5d4 g1h1 d2f1 a1f1 d4e5,3081,113,91,2892,crushing fork intermezzo middlegame sacrifice veryLong,https://lichess.org/TOTWNXIg#31,Indian_Defense Indian_Defense_Other_variations
kisJp,r4rk1/p2P3p/1pQ1p1p1/5pq1/2R5/8/P1R2PPP/6K1 b - - 0 26,g5e7 c6a8 f8a8 c4c8 g8f7 c2d2,3027,97,91,2860,clearance crushing defensiveMove endgame long sacrifice,https://lichess.org/R83jcYOC/black#52,
SBZRi,r3k2r/pp1n2pp/8/8/4P1q1/Q7/P4P1P/3R1R1K b kq - 2 25,g4e4 f2f3 e4e7 f1e1 d7e5 a3b3 a8d8 d1d5 d8d5 b3d5,3044,135,90,2851,advantage collinearMove defensiveMove middlegame pin veryLong,https://lichess.org/8EeDbDm5/black#50,
lewkO,1r1q4/5Q2/3kp3/2pp1P2/Pr1n2P1/1P1P4/1R5P/4R2K b - - 0 36,d8h4 b2e2 d4e2 e1e2 e6e5 f7e6 d6c7 e6e5 c7b7 e5d5 b7a6 a4a5 h4g4 e2e6,3008,113,91,2844,crushing deflection master middlegame quietMove sacrifice veryLong,https://lichess.org/UKyfkeOf/black#72,
F7BEN,8/kp3p1p/2nq2p1/4p3/PPQ5/1KPNRP1P/3r2r1/1R6 w - - 0 37,c4b5 g2e2 e3e2 d6e6 c3c4 c6d4,3009,110,92,2834,advantage long middlegame sacrifice,https://lichess.org/yca9icKH#73,
dFXCx,r2q4/4kr2/1nb4Q/1p1pP3/PbpP1P2/2N5/1B4PP/5RK1 b - - 0 25,d8g8 h6c6 f7g7 f1f2 g8e6 c6b5 b4c3 f4f5 e6h6 f5f6 e7f7 f6g7,3021,125,89,2833,advancedPawn advantage discoveredAttack discoveredCheck exposedKing fork hangingPiece middlegame quietMove veryLong,https://lichess.org/Uh1P1Qw7/black#50,
lmRci,8/1p3k2/1Pp3p1/p1Pp1nP1/P2P2K1/8/4N3/8 b - - 10 50,f7g7 g4f4 g7f7 e2c1 f5d4 f4e5 d4f3 e5d6,3031,96,91,2821,crushing endgame knightEndgame quietMove veryLong,https://lichess.org/zXjnYrPN/black#100,
kqk9Z,1k4r1/1bq5/pp1p4/5Qr1/3pP3/N2P2p1/PP4B1/R3R1K1 w - - 0 29,f5h3 c7g7 e1f1 b7c8 h3h4 c8g4,3036,124,90,2818,advantage long master middlegame quietMove,https://lichess.org/kvfQWZBe#57,
16fcm,r4b1r/pppk2p1/4p1n1/3P1q2/3QN2p/5PB1/PP3P1P/R3R1K1 b - - 0 17,e6d5 d4d3 d7d8 e4f6 f5f6 d3d5 f8d6 g3d6,3005,125,90,2785,advantage deflection middlegame pin sacrifice veryLong,https://lichess.org/GElWfZcY/black#34,Nimzowitsch_Defense Nimzowitsch_Defense_Scandinavian_Variation
Fk8qk,r1bqk2r/ppp2p2/4pnp1/2bPN3/2P1P3/P1NB4/1P4PP/R2Q1R1K b kq - 2 18,f6e4 d1e1 e4f2 f1f2 d8h4 g2g3,3035,133,87,2778,advantage long master middlegame,https://lichess.org/Bfll4SaQ/black#36,English_Opening English_Opening_Other_variations
YzrgG,6k1/2P2pp1/7p/8/1Q6/1P6/p3qPPP/4B1K1 w - - 0 33,b4b8 g8h7 h2h4 a2a1q c7c8q a1e1 g1h2 e2f2 c8g8 h7g6 b8d6 g6h5 d6d5 f7f5 d5f3 f2f3 g2f3 e1f2,3058,122,89,2769,advancedPawn clearance crushing deflection endgame pin promotion veryLong,https://lichess.org/lfL7Y87u#65,
f6gle,8/2b5/1p2k2p/p3P1p1/P1PPK1P1/7P/8/8 b - - 0 36,e6e7 e4d5 e7d7 e5e6 d7e8 d5c6 c7d8 c6b7 e8e7 b7c8 b6b5 c4b5 d8b6 d4d5,3070,117,89,2752,bishopEndgame crushing defensiveMove endgame exposedKing veryLong,https://lichess.org/sHTukLR3/black#72,
HdWJD,Q6r/2p1kppp/p1P1bn2/4p3/P3P3/3qP3/6PP/RN2K1NR w KQ - 1 16,a8h8 e6c4 h8b8 d3e3 e1d1 c4b3 b8b3 e3b3,3053,105,91,2743,crushing exposedKing middlegame quietMove veryLong,https://lichess.org/IfDQN8Kw#31,English_Opening English_Opening_The_Whale
9P4Up,6k1/2q2p2/p1r4p/7P/2pR4/2Q2P2/P5P1/K7 b - - 2 34,a6a5 d4g4 g8f8 g4e4 f7f6 c3e3 c4c3 e4e8 f8f7 e8h8 c7e5 e3a7 f7e6 h8e8,3045,113,90,2727,crushing endgame veryLong,https://lichess.org/j3fFmBNQ/black#68,
fcbIg,8/8/6p1/3k1p2/5P2/1R1K3P/1p4P1/1r6 w - - 0 46,d3c3 d5e4 g2g3 b1f1 b3b4 e4e3 c3b2 f1f3,3006,116,90,2712,advantage defensiveMove endgame rookEndgame veryLong,https://lichess.org/xh96ZRC2#91,
xkAEp,rnb2rk1/pp1n1pp1/4p2p/3pP3/3N2QP/5N2/PqP2PP1/2RK1B1R b - - 1 13,b2a2 h1h3 f7f5 g4g6 d7c5 f3g5 h6g5 d4f3 c5e4 f3g5 e4g5 h4g5 a2a4 f1e2 a4d4 d1e1,3083,137,90,2697,crushing defensiveMove opening quietMove sacrifice veryLong,https://lichess.org/9ifDkArI/black#26,French_Defense French_Defense_Alekhine-Chatard_Attack
kzAw5,2bqr1k1/r4p2/4p1p1/pp2Q1PB/2pNP3/P7/1P5R/3K4 b - - 0 25,g8f8 d1c1 d8c7 e5h8 f8e7 h8f6 e7d7 h2d2,3021,122,90,2696,advantage defensiveMove middlegame veryLong,https://lichess.org/kZsbKzwg/black#50,
Nvqeh,3r3k/3q2bp/pB4p1/3n4/2B5/NQ3P2/P3p1pP/2R3K1 w - - 0 30,b6d8 d5f4 d8h4 g7d4 h4f2 d4f2 g1f2 d7d2 b3b8 h8g7 b8e5 g7h6 e5f4 d2f4,3054,132,89,2673,clearance crushing middlegame quietMove veryLong,https://lichess.org/irTjU0pm#59,
mFVnE,3r3k/p1q2pp1/Ppp1p2p/3r3P/1P1P1R2/2P2QP1/5PK1/4R3 b - - 7 31,d8d7 e1e6 f7e6 f4f8 h8h7 f3g4 d5h5 g4h5,3018,90,92,2630,crushing endgame kingsideAttack master sacrifice veryLong,https://lichess.org/mdxJOB4g/black#62,
wi7dB,2r1k3/5p1p/3p1B2/p2qn3/P2N4/1P6/1P4rP/1K1RQ3 b - - 0 26,g2h2 d4b5 d5b3 f6e5 b3c2 b1a2,3043,110,91,2627,advantage long master middlegame,https://lichess.org/iFz2fGs8/black#52,
fOyYb,k2r4/p5p1/np2Pp1p/4p2P/3p2P1/8/PP6/1KR1R3 w - - 0 35,c1c6 a8b7 e6e7 d8e8 c6d6 b7c7 d6d5 a6c5 b2b3 a7a5,3033,119,90,2619,advantage defensiveMove endgame quietMove veryLong,https://lichess.org/letsZ7tN#69,
RMBsN,8/8/8/p4p2/Pk6/1P3R1b/5Kp1/6Rr w - - 0 36,f3h3 h1h3 g1g2 h3b3 g2g5 f5f4 g5g4 b4a4 g4f4 b3b4 f4f5 b4e4,3000,111,90,2605,crushing defensiveMove endgame hangingPiece quietMove rookEndgame veryLong,https://lichess.org/yztPSzhJ#71,
UDpmy,3brr1k/pp1q3P/1n1p4/5P2/3p2Q1/2N5/PPP4K/R1B3R1 w - - 1 27,g4d4 d8f6 g1g8 h8h7 d4g4 f6e5 h2h1 f8g8 g4h5 h7g7 c3e4 b6d5 c2c4 g7f8 c1h6 f8e7 c4d5 e7d8,3010,129,90,2602,crushing defensiveMove exposedKing middlegame quietMove veryLong,https://lichess.org/NsCLfCxa#53,
ZHGb1,2r2rk1/pp3ppp/1q3P2/3pP1B1/b2n4/P2B1N2/1nP3KP/R3QR2 b - - 3 21,d4f3 d3h7 g8h7 f1f3 c8c4 f3h3 h7g8 f6g7 c4g4 g2f3,3030,123,90,2597,advancedPawn advantage intermezzo middlegame veryLong,https://lichess.org/juaSSsdp/black#42,
bvtiA,r1b2r2/2q2ppk/p2ppb2/1p2n1N1/7P/2N5/PP2QPP1/3RK2R b K - 1 18,f6g5 h4g5 h7g8 e2h5 f7f5 g5f6 f8f6 c3e4,3053,127,89,2581,crushing discoveredAttack discoveredCheck enPassant middlegame veryLong,https://lichess.org/tc0eLizF/black#36,Sicilian_Defense Sicilian_Defense_Smith-Morra_Gambit
3iqEK,8/p7/1bp5/5k2/1PKB4/P7/8/8 b - - 2 38,f5e4 d4b6 a7b6 b4b5 c6c5 a3a4 e4e5 a4a5 b6a5 b5b6 e5d6 c4b5 a5a4 b5a6,3021,106,91,2576,bishopEndgame crushing defensiveMove endgame quietMove veryLong,https://lichess.org/gjZPDNjN/black#76,
tRbwb,r1b2r1k/1p3qn1/2p1pb1B/p7/P2PR3/2P2RQP/1P3PP1/6K1 b - - 10 29,f8g8 f3f6 f7f6 h6g5 f6g6 e4h4 g7h5 g5f6 h8h7 g3c7,3015,112,90,2570,crushing exposedKing kingsideAttack middlegame pin sacrifice veryLong,https://lichess.org/GULAYfUt/black#58,
Kv9Ti,2rr2k1/6P1/2q1pp2/7p/1b5P/1PN1Q3/pKP1N3/6R1 b - - 0 33,c6c5 e3e6 g8h7 c3d5 c5g1 e2g1 c8c2 b2c2 a2a1q g7g8q d8g8 d5f6 a1f6 e6f6,3077,106,91,2566,advancedPawn advantage exposedKing fork master middlegame promotion veryLong,https://lichess.org/wKIcT5tE/black#66,
Utt23,8/5pk1/6p1/P6p/1r6/1P6/1R6/4K3 b - - 2 47,h5h4 e1f1 h4h3 f1g1 g7f6 a5a6 b4b6 b2a2 h3h2 g1h1 b6b8 b3b4 f6e5 b4b5 e5d6 b5b6 d6c6 b6b7,3090,135,90,2564,advancedPawn crushing defensiveMove endgame quietMove rookEndgame veryLong,https://lichess.org/zzC3ZYig/black#94,
06oZg,1rb2rk1/6bp/1qppp1p1/2n3P1/p3PP2/1PN2B2/P1PB3Q/2KR3R b - - 1 19,a4b3 h2h7 g8f7 c3b5 b6b5 d2c3,3018,95,91,2536,clearance crushing long middlegame pin sacrifice,https://lichess.org/IzMiUt9P/black#38,Sicilian_Defense Sicilian_Defense_OKelly_Variation
zv3D7,3q4/1p3k2/p5pp/2PP1p2/1P1p1p2/5B1P/P3RPP1/6K1 b - - 0 28,d8f6 d5d6 d4d3 e2e7 f7f8 e7b7 f6e5 b7e7 e5a1 g1h2 a1d4 c5c6 d3d2 c6c7,3046,129,89,2530,advancedPawn crushing endgame master masterVsMaster veryLong,https://lichess.org/21Er1G2M/black#56,
cDl20,4r1kr/p1q2p2/2p2Pp1/3b3p/7Q/3Bp1R1/PP4PP/R5K1 b - - 2 27,g8h7 h4g5 d5e4 g3h3 h7g8 g5e3 e4d3 e3e8,3056,124,90,2525,advantage middlegame veryLong,https://lichess.org/mvwGZHIi/black#54,
KcQsL,6k1/5pp1/2P1p2p/1p6/1P5P/4r1P1/r3qP2/1QR2RK1 w - - 0 33,g1g2 a2a3 g2h3 g7g5 h4g5 e2h5,3076,134,90,2506,crushing endgame long pin quietMove,https://lichess.org/heFZscjt#65,
jDAMj,8/5pk1/8/P7/5r2/1P5p/2K5/4R3 b - - 1 48,f4f5 b3b4 f5f3 e1h1 g7f6 c2b2 f3g3 a5a6 f6e6 a6a7,3016,120,90,2492,advancedPawn crushing endgame quietMove rookEndgame veryLong,https://lichess.org/TgzK2zwE/black#96,
WV0ol,6k1/qQ3p2/P5pp/5p2/8/7P/6P1/7K b - - 4 58,a7e3 b7b8 g8h7 b8c7 h6h5 a6a7 f5f4 c7a5 f4f3 a7a8q f3f2 a5a1 e3e1 h1h2,3050,124,89,2491,advancedPawn crushing endgame pin promotion queenEndgame quietMove veryLong,https://lichess.org/QLMD5mRH/black#116,
WqhEP,r5k1/2p3pp/p5q1/3Ppr2/2P1N2b/5pPP/P4P1K/R2Q1R2 b - - 2 26,h4e7 d5d6 a8d8 d1d5 g8h8 d6e7 d8d5 c4d5 g6e8 d5d6 c7d6 e4d6 e8e7 d6f5,3012,108,90,2490,advancedPawn clearance crushing fork middlegame veryLong,https://lichess.org/5RJMECNg/black#52,
R3er7,r2r4/P5bk/3NQnpp/2p5/8/2B5/1PqN1PPP/R5K1 b - - 0 26,d8d7 d6e4 f6e4 e6d7 e4c3 b2c3,3032,110,91,2456,crushing deflection long master middlegame pin,https://lichess.org/dwkfw1QB/black#52,
eZtcp,r1b2rk1/pp1pb1pp/4pn2/1Nq3B1/8/3Q1N2/PPP5/2KR3R b - - 9 21,g7g6 h1h7 f6h7 d3g6 g8h8 d1h1 e7g5 c1d1 f8f7 g6f7 c5f5 f7f5 e6f5 f3g5,3085,131,89,2420,capturingDefender crushing kingsideAttack middlegame pin sacrifice veryLong,https://lichess.org/qd7RXpTY/black#42,
QjrAb,8/1p4r1/p3Kpk1/5R1p/5pp1/2P2P1P/1P4P1/8 b - - 1 40,g7e7 e6e7 g6f5 h3h4 f5e5 e7f7 g4f3 g2f3 b7b5 b2b4 e5d5 f7g6 d5c4 g6h5,3067,121,89,2414,advantage endgame quietMove rookEndgame veryLong,https://lichess.org/snq4AVuA/black#80,
un8Xu,8/5p1p/4k1p1/2R1p3/2Pr4/4K1PP/5P2/8 b - - 4 48,h7h5 c5e5 e6e5 f2f4 d4f4 g3f4 e5d6 h3h4 d6c5 e3d3 f7f6 d3c3 g6g5 h4g5 f6g5 f4f5 c5d6 c3d4,3033,118,89,2411,attraction crushing defensiveMove endgame quietMove rookEndgame sacrifice veryLong,https://lichess.org/YYwAtPMy/black#96,
hk4g4,2rk1b2/p2qp1p1/6Q1/N2pB3/4n2r/P7/1PP5/1K1R4 b - - 1 29,d7g4 d1d5 e4d6 g6f7 h4h1 b1a2 c8c2 e5d6 c2b2 a2b2 g4e2 b2c3 h1c1 c3b4,3047,122,89,2402,advantage defensiveMove middlegame pin veryLong,https://lichess.org/wMvU1hUg/black#58,
XWdFu,2r4k/pp3Qp1/4p2p/q1rp4/1bn3P1/2N5/PPP1N1BP/1K1R1R2 w - - 2 22,f7e6 b4c3 e2c3 a5b4 c3a4 c4a3 b1a1 a3c2 a1b1 c2a3,3031,123,90,2394,advantage clearance deflection middlegame pin queensideAttack veryLong,https://lichess.org/AOStTgUW#43,
43U7P,3r1r1k/pp4pp/2pq4/8/4p3/P1P2b1P/BPQB1P2/R3K1R1 w Q - 2 21,a2c4 b7b5 c4e2 f3e2 e1e2 f8f2 e2f2 d6h2 f2e3 h2h3,3002,125,89,2393,advantage attraction middlegame sacrifice veryLong,https://lichess.org/MRfpJX2s#41,
0Vvbn,2krb2r/2p4p/p1p1N1pn/3p4/5q2/1R6/P1P2PPP/1R4K1 b - - 0 22,f4e4 e6c5 e4e1 b1e1 d8d6 b3a3 e8d7 a3a6,3059,123,90,2391,crushing middlegame veryLong,https://lichess.org/i1dYzMrG/black#44,
RzptS,2r1k1rQ/5pP1/8/1p2pP2/1b2b3/1PNR3P/1PK5/q6R b - - 1 26,a1h1 h8g8 e8e7 g8c8 h1g2 c2b1 e4d3 b1a2 b4c3 c8f8 e7f6 g7g8n g2g8 f8g8,3018,114,90,2391,advancedPawn crushing hangingPiece middlegame promotion skewer underPromotion veryLong,https://lichess.org/cLe9tRu7/black#52,
9A6XT,1k5r/pp3Q2/3b3q/PPp5/2Pp1npN/3P2P1/4P1KP/R6R w - - 1 32,g2f1 h8f8 f7d7 f4e2 f1g2 e2g3,3014,114,90,2389,advantage discoveredAttack discoveredCheck long middlegame,https://lichess.org/rBTg9u9f#63,
XeXvQ,8/2N5/p1p5/PpPp2k1/1P1Pp1p1/4Pn2/3B2K1/8 b - - 24 54,f3d2 c7a6 d2c4 a6c7 c4e3 g2f2 e3c2 a5a6 e4e3 f2e2 g4g3 a6a7 g3g2 a7a8q g2g1n e2d3,3005,103,91,2384,advancedPawn crushing endgame knightEndgame promotion veryLong,https://lichess.org/vAIBao77/black#108,
7wXkM,3r4/ppb1k3/2p1P3/8/PP2Q3/2P3qB/6P1/4R2K w - - 4 33,h1g1 d8h8 g1f1 c7b6 f1e2 g3f2 e2d1 f2b2 e4d3 h8d8 d3d7 d8d7,3068,134,90,2364,crushing endgame pin quietMove veryLong,https://lichess.org/Z6aOb5iA#65,
WaXIm,8/2p1p3/1p1pP1k1/3P2p1/p1P3K1/P5P1/8/8 b - - 0 38,g6f6 g4h5 c7c6 d5c6 f6e6 h5g6 g5g4 g6g7 b6b5 g7f8,3022,124,90,2362,advantage endgame master pawnEndgame veryLong,https://lichess.org/HhxvYEFF/black#76,
d2zVj,r1bq1rk1/3nbpp1/4p3/2ppP1PQ/1p1n1BN1/pP1P2P1/P1P2PBK/R3R3 b - - 2 19,c8a6 e1h1 g7g6 h5h4 d4f5 g4h6,3059,121,90,2343,crushing long master middlegame quietMove,https://lichess.org/61O85QoI/black#38,Kings_Indian_Attack Kings_Indian_Attack_Sicilian_Variation
DA8ip,B4rk1/p4pbp/n2Q2p1/1N2pb2/6n1/2P1BNPq/P3PP1P/R4RK1 w - - 2 18,d6a6 e5e4 f1d1 e4f3 a8f3 h3h2 g1f1 g4e3 f2e3 g7h6 a6a7 h2g3 f3g2 h6e3 a7e3 g3e3,3058,116,90,2341,advantage kingsideAttack middlegame veryLong,https://lichess.org/GI1eOFQo#35,Neo-Grunfeld_Defense Neo-Grunfeld_Defense_Classical_Variation
esAAO,rq3rk1/2p2pp1/1n2p2R/ppNb2P1/3P2P1/1P1Q1P2/P1P5/1K5R b - - 0 26,g7h6 h1h6 f8e8 g5g6 e8e7 g6f7,3071,114,89,2329,advancedPawn advantage kingsideAttack long middlegame,https://lichess.org/hmnxuwg9/black#52,
cJ4wH,2k2q1r/ppp3pb/8/8/3P1n2/1PP1B3/PQ6/2KR3R w - - 0 29,b2f2 f8a3 c1d2 a3a2 d2e1 f4g2 e1f1 a2a6 c3c4 g2e3,3092,131,90,2327,crushing exposedKing interference middlegame queensideAttack veryLong,https://lichess.org/kIfYPUU6#57,
dONad,r2qr1kb/5p1p/6pB/2pp1bN1/pN5P/2Q5/BpP2PP1/1K1RR3 w - - 0 24,a2d5 h8c3 d5f7 g8h8 d1d8 e8d8 f7d5 d8d7,3023,131,90,2324,advantage fork middlegame veryLong,https://lichess.org/RVGSTuwk#47,
bzLuC,5r2/1pR3bk/1q1pPrp1/pP1B3p/P7/4p3/2Q2PPP/5RK1 w - - 0 30,c7b7 f6f2 f1f2 e3f2 g1f1 b6e3 c2d1 f8f5,3018,107,91,2314,advancedPawn crushing kingsideAttack middlegame veryLong,https://lichess.org/ScA3eZZZ#59,
wWF3C,r6r/1p2k3/2p1bpn1/p1q1p1p1/P1P1P1n1/1P3NP1/4Q1BP/2BR1R1K w - - 1 24,e2a2 g4h2 f3h2 h8h2 h1h2 a8h8 g2h3 e6h3 f1f2 h3f5 h2g1 f5e4 g1f1 h8h1,3055,119,90,2312,attraction crushing discoveredAttack discoveredCheck kingsideAttack master middlegame sacrifice veryLong,https://lichess.org/ZxpQtges#47,
3m9Oa,1r1qkbnr/5ppp/2p1p3/5b2/Q1Pnp3/2N1B3/PP3PPP/R3KBNR b KQk - 1 9,b8b2 e3d4 d8d4 a4a8 d4d8 a8d8 e8d8 e1c1 d8c7 c1b2,3032,126,89,2306,advantage castling discoveredAttack discoveredCheck middlegame pin veryLong,https://lichess.org/EImlW9dX/black#18,Queens_Gambit_Declined Queens_Gambit_Declined_Baltic_Defense
D5DEh,r1bq1rk1/6p1/p1p1p1Q1/2b1P1P1/5P2/2p5/PP4P1/R1B1K2R b KQ - 0 17,f8f5 h1h7 d8d7 g6h5 g8f8 b2c3,3057,126,89,2296,advantage long middlegame quietMove,https://lichess.org/NIAUB1dQ/black#34,Sicilian_Defense Sicilian_Defense_Closed
KLgQY,5rk1/p1R2p2/b5rp/3pQp2/8/4P2P/5PPK/1qN5 b - - 2 28,f7f6 e5e6 g8h8 e6e7 g6g2 h2h1 b1c1 c7c1,3004,95,91,2291,crushing fork middlegame veryLong,https://lichess.org/LGssHLVs/black#56,
4VeNL,r2q1rk1/p1p4p/2pbb2B/3p1p2/1P1PP3/P1N2p2/5PPP/2RQ1RK1 w - - 0 17,h6f8 d6h2 g1h2 d8h4 h2g1 f5e4 c3e2 a8f8 e2g3 e6g4 d1a4 f3g2,3019,112,89,2282,advancedPawn attraction crushing kingsideAttack middlegame quietMove sacrifice veryLong,https://lichess.org/3PwcDguJ#33,Queens_Gambit_Declined Queens_Gambit_Declined_Marshall_Defense
yGVvm,2r2r2/1b1q1p1p/pn2pQpk/1p1pP3/6P1/P1NB3P/5P2/2n2RK1 b - - 0 23,c1d3 c3e2 d7e7 g4g5 h6h5 f6f3 h5g5 f3e3 d3f4 e3f4 g5h5 e2g3,3053,124,88,2279,cornerMate fork mate mateIn5 middlegame quietMove veryLong,https://lichess.org/jYG6zhcE/black#46,
8x4ar,4Qbk1/p1q2n1p/1r1p2p1/8/4NP2/1P5P/P1r3P1/1K1R3R b - - 1 27,a7a5 e4f6 g8g7 f6d7 b6b8 e8b8 c7d7 b1c2 d7c6 c2d3,3078,122,91,2278,advantage defensiveMove middlegame veryLong,https://lichess.org/z8nly4Sw/black#54,
CHYp8,r5k1/8/p5pQ/1p1p3p/3Nn3/1P1R2PK/PqP2r2/4R3 b - - 5 32,g8f7 e1e3 a8g8 e3f3 f2f3 d3f3 f7e7 h6h7 e7d6 h7g8,3087,134,90,2277,crushing fork middlegame veryLong,https://lichess.org/Z4xOQIYq/black#64,
JWcoH,3rk3/6p1/p1Qp1p1p/5P2/4PR2/1p2N3/q7/6K1 b - - 3 37,e8f7 c6b7 f7f8 e3d5 a2e2 b7e7,3053,130,92,2270,crushing endgame long,https://lichess.org/rZDDFZO0/black#74,
4qNUf,rnb2rk1/pp5p/1q1Pp2p/5P2/1bB5/8/PB4PP/1R3Q1K b - - 0 18,b8c6 f1e2 f8f5 c4e6 g8f8 e6f5 c8f5 b1f1,3000,127,89,2264,crushing fork middlegame pin veryLong,https://lichess.org/La81qTKR/black#36,Sicilian_Defense Sicilian_Defense_Smith-Morra_Gambit
uMjGG,rnb2kBr/ppppb1p1/5q2/3Qp1B1/8/2P5/PPP2PPP/R4RK1 b - - 0 11,f6f5 a1e1 d7d6 f2f4 c7c6 d5b3 d6d5 f4e5 e7c5 g5e3 c5e3 e1e3,3017,122,90,2248,advantage middlegame pin veryLong,https://lichess.org/d9riKIRb/black#22,Bishops_Opening Bishops_Opening_Boden-Kieseritzky_Gambit
7cKiL,r1b3k1/pp4pp/2q5/4p3/1P4R1/2PQ4/5rPP/RNB4K w - - 0 23,g4g3 c8h3 b1d2 a8f8 b4b5 c6c3 g2h3 c3a1,3051,125,90,2247,advantage clearance middlegame pin quietMove veryLong,https://lichess.org/LoBFYokl#45,
9lOff,rn2k1r1/1p3p1p/p7/3Ppp2/4B3/2q4b/P1PN1PPP/R2Q1RK1 w q - 0 15,d1h5 f5e4 d2e4 g8g2 g1h1 g2g7,3027,114,90,2239,crushing defensiveMove kingsideAttack long middlegame pin,https://lichess.org/THuQr29D#29,Sicilian_Defense Sicilian_Defense_OKelly_Variation
sGOj0,r5qk/2p3r1/p1Q1p2p/1p1pP3/3P3P/2P3P1/P1B2P2/R3R1K1 w - - 0 23,a2a4 g7g3 g1f1 a8f8 f1e2 g3g2,3011,121,88,2236,crushing long middlegame pin,https://lichess.org/2zxoUlrx#45,
FrUmI,5rk1/p2P1pp1/1p2p1qp/3bP3/1P2r3/P4Q2/5RPP/2B2RK1 b - - 0 27,e4e5 f3c3 e5e4 f2f7,3048,130,90,2225,crushing discoveredAttack middlegame short,https://lichess.org/2clM1WU0/black#54,
f4Jif,4r1k1/6p1/6q1/p1p2rP1/1pQ2p2/2PP4/PP3K2/6RR b - - 8 35,e8e6 g1e1 g8f7 h1g1 f7e7 c4a6,3093,128,90,2204,clearance crushing endgame long pin quietMove,https://lichess.org/0yUCM6aD/black#70,
2zuGT,2br2k1/6p1/2q2p1p/1pBrp3/3P3P/6R1/1P1Q1PP1/4R1K1 b - - 1 30,e5d4 c5e7 d8e8 d2h6,3032,126,90,2185,advantage master middlegame pin short,https://lichess.org/jXMWisZv/black#60,
2idLj,r3k2r/p3pp1p/1npp2pQ/q2nP3/1pbP4/5P1N/PPP3PP/1KNR1B1R w kq - 1 15,e5d6 d5c3 b2c3 a5a3 f1c4 b6c4,3084,111,91,2159,crushing long middlegame queensideAttack sacrifice,https://lichess.org/C70CtHc7#29,Pirc_Defense Pirc_Defense_Other_variations
jbrj2,r4rk1/5pp1/pq2b3/2n1p3/B1p5/4BP1P/PP5K/R1Q3R1 b - - 2 29,b6c7 g1g7 g8g7 e3h6 g7h7 h6g7 e5e4 h2h1 e4e3 c1e3,3025,106,92,2159,attraction crushing middlegame sacrifice veryLong,https://lichess.org/Fh5P77ol/black#58,
8wtbH,4B3/8/5p2/5P2/R2b1kP1/7P/3r4/7K w - - 2 41,e8d7 f4g3 a4a3 g3f2 d7a4 d4b2 a3a2 f2g3 h1g1 b2d4 g1f1 d2a2,3017,123,90,2149,crushing defensiveMove discoveredAttack endgame exposedKing veryLong,https://lichess.org/6ogxYTlk#81,
n79S3,4r3/pp3k2/2b1p3/2Pp2B1/1P1q2n1/P5P1/4QPBr/R3R1K1 w - - 5 31,g2f3 d4h8 g5h4 h2f2 f3g4 f2e2,3055,119,89,2144,advantage long middlegame,https://lichess.org/nF666BNf#61,
jFHca,4k1r1/8/5b2/5bp1/pP2B3/2P1R3/8/q2KQR2 w - - 5 40,e4b1 e8f7 d1e2 a1b2 e2f3 g5g4 f3f4 b2b1 e1b1 f5b1,3000,128,90,2142,advantage defensiveMove exposedKing master middlegame pin veryLong,https://lichess.org/vw9APO1L#79,
bFhHJ,5k2/5p1p/1p2prp1/pP6/3qP1QP/8/5PK1/1R3R2 w - - 0 32,f1d1 f6f2 g2g1 d4c5 g1h1 c5e5 g4h3 e5e4 h1g1 f2f3,3094,129,89,2141,crushing endgame veryLong,https://lichess.org/ksPlFJr2#63,
DOTn5,r2k3r/pp4p1/n5Q1/q4p2/3pn1P1/B3P2P/PP2KP2/R4B1R w - - 0 19,g6f5 a5d2 e2f3 d2f2 f3e4 f2e3 e4d5 a6c7 d5c5 h8e8 c5b4 e8e4 f5f8 c7e8,3074,120,90,2139,advantage defensiveMove middlegame quietMove veryLong,https://lichess.org/AOCvMkRL#37,Slav_Defense Slav_Defense_Quiet_Variation
H17sh,k2rr3/p4p2/Bp2b2p/3pB3/1Q1P3q/5Pp1/PP4P1/1R2R1K1 w - - 4 32,e5c7 h4h2 g1f1 e6h3 e1e7 h2g2 f1e1 g2c2,3071,134,90,2119,advantage kingsideAttack middlegame pin veryLong,https://lichess.org/6kx7TPoS#63,
dzKI4,r1b3k1/pp2brpp/2n4B/1q1p1p1Q/8/1B5P/PP1p1P1K/4R1R1 b - - 1 22,e7f6 e1e8 f7f8 h5h4 g8f7 e8f8,3063,125,90,2118,crushing kingsideAttack long middlegame pin,https://lichess.org/ltMzzqEs/black#44,
zgT4W,3r1rk1/ppq1bppP/8/4p2P/3N4/2P1Q3/PP6/1K1R2R1 b - - 0 24,g8h7 e3e4 h7h8 g1g7 h8g7 d4e6 g7h8 e6c7,3027,120,89,2117,advantage attraction middlegame sacrifice veryLong,https://lichess.org/iWRhp2lx/black#48,
JFhkG,2r2rk1/p4p1n/4q1nQ/8/1p1pBR2/3P2P1/1PP4P/R5K1 b - - 5 26,f7f5 e4d5 e6d5 a1a7 d5f7 a7f7,3019,109,91,2111,crushing long middlegame pin sacrifice,https://lichess.org/8XMJvg9E/black#52,
ilaWd,8/pp2q1k1/2p1P1p1/2Pp1rpp/PP2n3/6PP/1Q4PK/3NR3 b - - 3 28,g7h6 b2h8 e7h7 h8d8 f5e5 e1f1 e5e6 f1f8,3002,107,91,2106,advantage defensiveMove endgame quietMove veryLong,https://lichess.org/gCPrUlRa/black#56,
1UyWP,r4rk1/1b3ppp/1q1Pp3/2p5/2BP2Q1/1P6/1B4PP/5RK1 b - - 1 25,g7g6 f1f7 f8f7 g4e6 a8f8 e6e5,3022,101,91,2099,capturingDefender crushing long middlegame pin sacrifice,https://lichess.org/ZHIJb9yJ/black#50,
9bUIa,1r1q1rk1/1n1b1p2/p1pp1bBB/1p5Q/3N4/8/P4PPP/R4RK1 b - - 0 24,f6d4 g6h7 g8h7 h6e3 h7g7 h5h6 g7g8 e3d4 f7f6 h6g6,3008,120,89,2097,crushing discoveredAttack discoveredCheck kingsideAttack middlegame sacrifice veryLong,https://lichess.org/hlXndTR2/black#48,
DeN6Z,3r2rk/5ppb/p6P/2p2P2/4PNRP/2qP1N1K/P1P5/6R1 b - - 0 35,c3c2 f3e5 h7f5 e4f5 g7h6 f5f6,3056,128,90,2096,crushing long middlegame,https://lichess.org/1nRi4TJN/black#70,
gLhFW,5nk1/1NQ2pp1/b1P5/4p1Np/4P2P/P3q1P1/1P1p4/1K1R4 w - - 0 36,c7e5 a6d3 b1a1 e3e2 d1d2 e2d2 e5d4 d2d1 a1a2 d3b1,3001,112,91,2093,advantage middlegame queensideAttack veryLong,https://lichess.org/yvjpiEvO#71,
fFagT,8/7p/8/5P2/4K1Pk/7P/1n6/8 b - - 2 49,h4h3 f5f6 b2c4 e4d5 c4e3 d5d6,3043,104,92,2087,crushing defensiveMove endgame knightEndgame long,https://lichess.org/gErutUJm/black#98,
r3437,7r/p5p1/Q7/2brk1p1/2P1p3/4N1Pb/P4P1P/6K1 w - - 0 32,e3d5 h8b8 d5c3 e4e3 f2f4 e5d4,3006,121,90,2076,crushing defensiveMove endgame long quietMove,https://lichess.org/DiouLM9Q#63,
n3otp,1brr2k1/p3qppp/4p3/pP2N3/4b3/PQ2P3/1B3PPP/2R2RK1 w - - 0 20,e5c6 b8h2 g1h2 e7g5 c6e7 g8f8,3048,139,90,2075,crushing long middlegame sacrifice,https://lichess.org/Jemc0btS#39,
EWlgw,4b1r1/4Q2k/1q2p1pP/p2pP3/3b1P2/4P3/Pr5P/R5RK b - - 1 28,h7h6 g1g4 g6g5 e7f6 h6h7 f4g5 b2b1 h1g2,3048,108,91,2064,crushing defensiveMove deflection master middlegame veryLong,https://lichess.org/BN7isxre/black#56,
HQoyA,5r2/4r1k1/p3Pq2/1p1P1B1p/1P3QpP/P1p5/6P1/2R3K1 b - - 4 42,f8c8 d5d6 e7e6 f4g5 f6g5 h4g5 g7f7 c1f1 c8e8 g5g6 e6g6 f5d7 f7g7 d7e8,3044,136,90,2049,advantage discoveredAttack discoveredCheck endgame exposedKing quietMove sacrifice veryLong,https://lichess.org/DVSyGYAq/black#84,
6mjZ5,6k1/1p3p2/2p2Pp1/p2b2PP/8/2P1B1Q1/q5PK/8 b - - 0 36,g6h5 c3c4 d5g2 g3b8 g8h7 g5g6 h7g6 b8f4 g2d5 e3d2 a2d2 f4d2,3040,125,87,2047,crushing endgame quietMove sacrifice veryLong,https://lichess.org/YfVUnz9k/black#72,
Nmzbi,1rr3k1/5pp1/3Qp2p/1p6/2qP4/2P1P2P/P1R2PP1/4K2R w K - 2 25,a2a3 b5b4 a3b4 b8a8 e1d2 a8a2 c2a2 c4a2 d2d3 a2b2 c3c4 c8a8,3005,109,90,2047,advantage defensiveMove endgame quietMove veryLong,https://lichess.org/oqbE7vKK#49,
4xrmQ,2b3k1/q1r2Pb1/p7/1p1p4/1P1N3Q/2Pr4/P1R5/2R4K b - - 0 33,g8f7 c1f1 f7g8 h4d8 g8h7 d4f3 d3f3 f1f3 c7e7 c2h2 g7h6 h2g2,3076,140,88,2039,advantage defensiveMove exposedKing middlegame quietMove veryLong,https://lichess.org/2lRUANpG/black#66,
YdV3I,8/p5kp/1p3q2/2p1Q3/2Pp1pP1/3P2b1/PP6/1K3R2 w - - 6 36,e5f6 g7f6 f1h1 f6g5 h1h7 f4f3,3011,113,90,2038,crushing endgame long,https://lichess.org/DAgc5U0C#71,
Y15mT,8/8/3N4/p1p1n1P1/5p2/5P2/k3K3/8 b - - 0 55,c5c4 d6c4 e5c6 c4a5 c6a5 e2d3 a5c6 d3e4 a2b3 e4d5,3095,114,91,2037,crushing endgame knightEndgame veryLong,https://lichess.org/qlJCI3Jd/black#110,
wazlo,3r2k1/8/p1b1pp1Q/5qP1/8/6R1/1P4PK/8 b - - 2 35,g8f7 g5f6 f7e8 g3g8 e8d7 h6g7 d7c8 f6f7,3003,102,91,2032,advancedPawn advantage endgame veryLong,https://lichess.org/JftmCYbx/black#70,
0GaZj,r5k1/7p/5PpR/2rpnq2/3Q4/Pp2P3/1P2NP2/1K5R w - - 3 27,b1a1 f5c2 a3a4 a8c8,3032,122,90,2031,crushing defensiveMove master middlegame short,https://lichess.org/i3lwCqAR#53,
Q2RD5,5r1k/pQpp2p1/2n2q1p/2p5/4p3/2P3P1/PP3P1P/RN2R1K1 w - - 0 27,e1e2 f6f3 b7b5 c6d4 c3d4 e4e3 e2e3 f3f2 g1h1 f2e3 b1d2 e3d2,3024,122,90,2026,attraction crushing deflection fork middlegame sacrifice veryLong,https://lichess.org/0YaxWVPr#53,
yCxi7,2k4r/5q2/8/1p3p2/2pn1Bp1/2P3P1/2Q3b1/R3R1K1 w - - 0 34,c3d4 g2b7 a1a2 h8h1 g1f2 h1h2,3028,119,89,2006,crushing exposedKing long middlegame quietMove,https://lichess.org/0IxIiI1D#67,
NnhSH,r1bqr3/pp3kp1/2p5/3pp2Q/3P4/P2B4/2P2PPP/1n2R1K1 b - - 3 21,f7f6 e1e5 e8e5 d4e5 f6e7 h5g5 e7d7 e5e6 d7c7 e6e7 d8e8 d3g6,3052,129,89,2005,advancedPawn advantage middlegame veryLong,https://lichess.org/TdgMa6de/black#42,
2ckbC,r3k2r/pbp5/1p1p1np1/3qp1Q1/8/P2P3B/1PP5/2K2R1R b kq - 1 25,f6d7 h3f5 h8h1 f5g6 d5f7 g6f7,3060,132,90,2004,attackingF2F7 crushing exposedKing long middlegame sacrifice,https://lichess.org/ixTRlUMq/black#50,
jtSrk,5r2/pbp1k3/1p2p2p/4N1p1/2p3P1/2Q5/PP5q/K3R3 b - - 4 34,f8f2 c3c4 c7c5 e5g6 e7d6 c4e6 d6c7 e6e7 c7b8 g6e5 a7a5 e7d8 b8a7 e5c4 f2b2 c4b2,3003,122,89,1990,advantage endgame quietMove veryLong,https://lichess.org/UWCQnHsd/black#68,
QAQwL,2kr4/p1p2Q2/R2pN3/3n3p/P2P3P/1r4N1/6PK/1q6 b - - 0 30,d8d7 f7e8 c8b7 a6d6 c7d6 e8d7,3028,128,90,1984,crushing long middlegame queensideAttack,https://lichess.org/LjJ753QP/black#60,
dZGGH,8/8/p1b2kP1/2b2P2/3rP1R1/3p1K2/3B4/8 b - - 8 48,a6a5 g6g7 c6e4 g4e4 f6f7 e4e5 c5d6 e5a5 f7g7 d2c3,3031,127,88,1982,advancedPawn crushing endgame pin skewer veryLong,https://lichess.org/IxyhuoLl/black#96,
5HS4N,3r1rk1/1Q3ppp/p7/3p4/4p1qP/1BP2nP1/PP3PK1/3R3R b - - 7 25,f3h4 h1h4 g4f3 g2g1 e4e3 d1f1 e3f2 g1h2 g7g5 h4h6,3026,131,90,1977,advantage middlegame quietMove veryLong,https://lichess.org/3BIgOkaP/black#50,
AchLV,2q2r2/4ppkp/3p1npQ/p7/4P1P1/1rN2P2/1P6/3RK2R b K - 1 22,g7g8 c3d5 f8e8 d1c1 c8b8 c1c7,3005,128,89,1954,advantage long middlegame,https://lichess.org/E3VbX2tf/black#44,
Sdjyx,8/p7/1p5p/3k3p/PP4pP/4P3/2P2K2/8 w - - 1 55,f2g3 b6b5 a4a5 d5c4,3009,98,91,1949,crushing endgame pawnEndgame short,https://lichess.org/APPy9m6P#109,
gNB7x,2r3kr/pR4b1/1pn1p1p1/6Bp/Q6P/2P5/P1P1q1P1/2KR4 w - - 2 24,b7g7 g8g7 d1d7 g7g8 a4f4 c6e7,3013,127,87,1949,advantage defensiveMove hangingPiece long middlegame,https://lichess.org/5q7CaKzi#47,
pP7Cv,8/3k2p1/R3p2p/4P2P/5P2/6P1/p1K5/r7 b - - 9 50,g7g5 h5g6 d7e7 a6a8 a1g1 g6g7 g1g2 c2c1 a2a1q a8a1 e7f7 a1a7 f7g8 f4f5 e6f5 e5e6,3057,139,90,1946,advancedPawn crushing enPassant endgame rookEndgame veryLong,https://lichess.org/nQtFqy6u/black#100,
6pTyQ,2rq1rk1/p1pp3p/1p2p1P1/8/4B3/8/PPPQ1nP1/2KR3R b - - 0 18,f2d1 g6g7 f8f2 d2h6 g8f7 h6h5,3028,136,89,1934,advancedPawn advantage long middlegame,https://lichess.org/5nvuALXF/black#36,Dutch_Defense Dutch_Defense_Raphael_Variation
bk6i6,8/3k4/1PP3p1/N4r2/1K6/8/8/8 b - - 0 62,d7c8 a5c4 f5d5 b6b7 c8c7 c4a3 g6g5 a3b5 c7b8 b4a5,3008,126,90,1931,advancedPawn crushing defensiveMove endgame exposedKing master quietMove veryLong,https://lichess.org/p1BQGxlU/black#124,
qYlrf,1q4k1/3Rb1pp/2p1p3/p1P1P3/P1Q2Pp1/5rP1/1r3B1P/3R2K1 b - - 0 28,f3f2 c4e6 g8h8 d7d8 e7f8 e6c6 f2g2 c6g2 b2g2 g1f1 g2b2 e5e6 b2b1 d8b8 b1b8 c5c6 b8c8 d1d7,3015,129,87,1926,crushing fork middlegame pin sacrifice veryLong,https://lichess.org/aogXttQt/black#56,
JtBRz,8/8/6pk/7p/P2q4/2p3QP/6PK/8 w - - 0 34,a4a5 c3c2 g3c7 d4b2 c7f4 h6g7,3091,119,90,1919,advancedPawn clearance crushing defensiveMove endgame long queenEndgame quietMove,https://lichess.org/3XkBRHLP#67,
PNAvd,3q2k1/p1r2p1p/5bp1/8/1Q6/P1N4r/BP3P2/R4RK1 w - - 0 24,b4f4 h3h4 f4g3 c7c5 a1d1 d8c8,3066,110,91,1916,advantage defensiveMove long middlegame,https://lichess.org/bOwfKKkZ#47,
JInT3,8/2b5/p1N2k2/PpNbpp2/1P4p1/4P1P1/5K1P/8 w - - 2 45,c5d7 f6f7 c6a7 c7d6 a7c8 d6b4,3015,119,90,1907,crushing defensiveMove endgame long,https://lichess.org/li20bxOK#89,
9hjKi,8/7R/4p3/5pk1/4p2p/2K1Pb2/5P2/8 w - - 2 50,c3d4 f3g4 d4e5 h4h3,3026,110,90,1899,crushing endgame quietMove short,https://lichess.org/xVoTHfZi#99,
6zdFK,8/p7/1p3ppp/1P6/2kP1PP1/2P3K1/7P/8 w - - 1 35,h2h4 c4b5 g3f3 a7a5 f3e4 a5a4 e4d3 g6g5 h4g5 h6g5 f4f5 a4a3 d3c2 b5c4 c2b1 b6b5 d4d5 c4d5,3046,135,90,1889,crushing endgame pawnEndgame quietMove veryLong,https://lichess.org/yg6bRdci#69,
Ml3Ux,8/p7/1p6/3p4/8/3Pk1K1/PPP5/8 w - - 3 50,g3g2 b6b5 g2g3 b5b4 d3d4 e3d2 c2c4 b4c3,3017,118,90,1870,crushing enPassant endgame pawnEndgame quietMove veryLong,https://lichess.org/v1c7NSlD#99,
MY4Ug,8/7p/8/2pQ2P1/7r/p7/P1p2K2/2k5 w - - 4 51,f2g3 h4b4 d5c5 b4b3 g3g4 c1b1 c5c4 b3b2,3013,119,88,1867,crushing endgame exposedKing queenRookEndgame quietMove veryLong,https://lichess.org/82TzvIyW#101,
M4VTp,2q2r2/4bpkp/1np3p1/r2pP2Q/3P2R1/2N5/P5PP/5RK1 b - - 3 23,h7h6 f1f7 f8f7 g4g6 g7f8 g6h6 e7b4 e5e6,3020,125,90,1866,advantage deflection middlegame pin sacrifice veryLong,https://lichess.org/F5S4f4Qc/black#46,
8wqsm,r2q1n1r/pp2k1p1/3n2P1/2pPp3/2PbP1Q1/2N4B/PP6/1K3R1R w - - 2 28,f1f8 e7f8 c3b5 d6b5 h1f1 f8e8 f1f7 b5a3 b1c1 d4b2 c1d1 d8d6 f7g7 a3c4,3037,123,89,1850,advantage hangingPiece middlegame veryLong,https://lichess.org/8sTovOwI#55,
QxiQh,r3rk2/1b3pq1/p2p1P2/2p5/1p1n1R2/8/PP1Q2PP/3B1RK1 b - - 0 31,g7g6 f4g4 g6h7 f1f4 e8e4 f4e4 b7e4 d2f4 d4f5 f4e4,3027,121,90,1850,advantage clearance interference middlegame veryLong,https://lichess.org/AtrdhuU0/black#62,
2J8hb,2kr1b1r/pp2pppp/7n/q2pP3/1n3Pb1/PQ3N2/3PB1PP/RNB1K2R b KQ - 1 10,e7e6 a3b4 a5a1 e1f2 g4f3 c1b2 a1b2 b3b2,3033,117,89,1846,advantage opening sacrifice trappedPiece veryLong,https://lichess.org/H1uFPWEA/black#20,Sicilian_Defense Sicilian_Defense_McDonnell_Attack
msj96,8/2P1Rrk1/7p/3P2bP/8/pp3BP1/5PK1/8 b - - 0 55,f7e7 c7c8q a3a2 d5d6 e7f7 c8a8 g5f6 d6d7,3083,111,91,1843,advancedPawn crushing endgame promotion veryLong,https://lichess.org/MGlnAp8P/black#110,
pFaLT,8/8/6Q1/4kp2/3q3P/4p3/6PK/8 w - - 0 46,g6g3 d4f4 g3f4 e5f4 h2g1 f4g4 g1f1 f5f4 f1e2 g4h5 g2g3 f4g3,3006,109,91,1843,crushing defensiveMove endgame queenEndgame quietMove veryLong,https://lichess.org/GtQew3MT#91,
ADpvO,r2br2k/pp3p1p/1q1p1Pp1/1bpPn3/4QR2/3BB1NP/PPP3P1/1R5K w - - 4 24,f4h4 b5d3 e4f4 g6g5 f4g5 e8g8 g5h6 d3c2,3054,121,89,1835,advantage middlegame veryLong,https://lichess.org/4FdBEElD#47,
a15s9,r5k1/1p3p2/2p1p3/3pP2Q/1q3P2/5R2/5RKP/r7 b - - 0 34,g8f8 f4f5 a8a4 h5h6 f8e7 h6g5 e7e8 f5e6 b4g4 g5g4 a4g4 g2h3 g4g7 e6f7 e8f8 e5e6,3004,124,89,1818,advancedPawn attackingF2F7 crushing deflection endgame veryLong,https://lichess.org/YTPE6XzG/black#68,
tTo8E,8/4kpQ1/2pqp2p/3p3R/1P1P4/2r3P1/r6P/4R2K b - - 0 34,d6b4 h5h6 c3f3 h6e6 e7d7 e6e8,3072,131,89,1814,crushing defensiveMove endgame long pin,https://lichess.org/1jXsUqX7/black#68,
edAyY,8/1p2k1p1/1q5p/2pp4/3P4/2P2P1P/pP3KP1/2Q2B2 w - - 0 33,f2e3 b6g6 e3f2 c5c4,3093,131,87,1807,advantage defensiveMove endgame short,https://lichess.org/OLhLp1xR#65,
ljVFq,6k1/8/4pKp1/3pP2p/1p3P2/1P3QR1/r6q/8 b - - 1 32,a2f2 f3d3 f2f4 f6e6 f4e4 g3g6 g8h7 g6g5 h2f4 g5h5,3097,140,88,1802,crushing endgame exposedKing veryLong,https://lichess.org/kf2GvV2Q/black#64,
yz2ud,8/p2k4/7p/6p1/4P1P1/4KP2/7r/R7 b - - 1 38,h6h5 a1a7 d7e6 a7h7 h5h4 h7g7 e6f6 g7g8 h2g2 e4e5,3031,126,90,1801,crushing endgame rookEndgame veryLong,https://lichess.org/QQF79JwP/black#76,
VcHa0,2q4r/1rk1b3/4Q2n/P1p2pp1/4P3/2N1B3/1PP3PP/R2R2K1 w - - 1 26,a5a6 c8e6 c3d5 c7b8 a6b7 h8d8,3014,137,88,1795,advantage hangingPiece long middlegame,https://lichess.org/INlNZb4l#51,
y9PCE,2kr3r/ppp3pp/1bp2P2/8/Q2P4/4qN1P/PP4PK/R4R2 b - - 0 17,b6d4 f6g7 h8g8 a1d1 d4e5 h2h1,3002,128,87,1785,advancedPawn advantage defensiveMove long middlegame,https://lichess.org/0NpeD3C2/black#34,Ruy_Lopez Ruy_Lopez_Classical_Variation
vHrlT,1r2r1k1/1b3pP1/p2pp3/7P/2p1P3/P1q1PN2/2P2Q2/2KR2R1 w - - 1 28,h5h6 b7e4 f3g5 b8b1 c1b1 e4c2 f2c2 e8b8 b1c1 c3e3 d1d2 e3g1,3001,111,91,1767,attraction crushing deflection fork middlegame sacrifice veryLong,https://lichess.org/9aOtfTLy#55,
T0T3e,r2k3r/ppqn3b/2pbQp2/8/2BP3P/2P2P2/PP6/R1BK2R1 b - - 2 22,d6f4 g1g7 f4d6 e6g4,3069,118,88,1760,advantage master middlegame short,https://lichess.org/pquD4eij/black#44,
lcwlg,8/8/pp6/7p/PP3K2/2P4k/8/8 b - - 0 47,h5h4 f4f3 h3h2 b4b5 a6b5 a4b5 h2g1 f3g4 g1g2 g4h4 g2f3 c3c4 f3e4 c4c5 e4e5 c5c6,3029,93,92,1759,crushing endgame pawnEndgame quietMove veryLong,https://lichess.org/NFOCIs91/black#94,
IZxOu,8/6p1/4p2k/p2pP2P/1p3PK1/1p5P/P1P5/8 w - - 0 37,a2b3 d5d4 f4f5 d4d3 c2d3 h6h7 f5f6 g7f6 e5f6 a5a4 g4g5 a4b3 h5h6 b3b2 f6f7 b2b1q,3021,122,87,1749,advancedPawn crushing endgame pawnEndgame promotion quietMove veryLong,https://lichess.org/K5rwMNh8#73,
PrfkE,4r3/8/1p4p1/bPp3k1/2Pp2p1/3P4/6PP/3Q2K1 w - - 4 37,g1f1 g4g3 h2h3 g5h6,3032,123,89,1737,crushing defensiveMove endgame short,https://lichess.org/xmUSp8uT#73,
GMNKE,2k1r2r/pR2b1p1/4b3/4p1B1/2P1N1nP/P5P1/Q5B1/4q1NK b - - 0 28,e7g5 a2b3 g4f2 e4f2 e1f2 g1h3,3067,116,89,1735,crushing long middlegame quietMove,https://lichess.org/pW8Mxdsd/black#56,
dUVVe,8/8/1k5p/p2Nppp1/K7/4bPPP/8/8 b - - 6 47,b6a6 d5e3 f5f4 g3f4 g5f4 e3c4 e5e4 c4a5,3054,109,90,1726,crushing endgame hangingPiece veryLong,https://lichess.org/bugO9FuI/black#94,
c0NM6,r3kr2/2pn1pQ1/1p2p2B/4P3/7q/2P5/P4PPP/R4K1R w q - 3 18,a1d1 h4c4 f1g1 c4e2 d1f1 e8c8,3000,101,91,1718,advantage castling defensiveMove long middlegame,https://lichess.org/fySmjt46#35,Alekhine_Defense Alekhine_Defense_Two_Pawn_Attack
9eqfc,8/p2bk3/P7/3P1p2/1pp1nBrq/4Q3/2P4P/R4R1K w - - 1 32,d5d6 e7d8 h2h3 d7c6 h1h2 g4g2 h2g2 e4f2 g2g1 f2h3 e3h3 h4h3,3039,125,90,1700,crushing defensiveMove deflection discoveredAttack discoveredCheck master middlegame pin quietMove sacrifice veryLong,https://lichess.org/lSYpxWv2#63,
m1cYb,3r4/1P6/8/R2p1k2/3P1p2/2B4p/6pr/5RK1 w - - 0 46,a5d5 f5g6 f1e1 h2h1 g1f2 h1e1 c3e1 d8h8 b7b8q h8b8,3023,120,89,1696,crushing defensiveMove endgame exposedKing quietMove veryLong,https://lichess.org/vEu9SH8D#91,
HYFkp,r3r1k1/pp3pbp/2p1P3/3b4/5p2/2Q2P1q/PP1N3P/R5RK b - - 0 26,f7f6 g1g7 g8h8 g7f7 h3e6 f7f6 e6e5 f6f8 h8g7 c3e5 e8e5 f8a8,3089,136,89,1695,crushing kingsideAttack middlegame pin veryLong,https://lichess.org/JvE3NwHN/black#52,
VMLWY,6k1/3q4/Q4p1p/1p2pP2/1PbpB3/P3b2P/2P5/4R1K1 w - - 3 35,g1g2 d7g7 g2f3 c4f7 a6a8 g8h7 e1e3 f7h5 f3f2 d4e3 f2e3 g7g1 e3d2 g1d1,3009,117,90,1691,attraction crushing endgame quietMove sacrifice veryLong,https://lichess.org/WIJKnm27#69,
oqz3i,1r6/3k2p1/3p1pPp/3PpP1P/pPK1P3/P7/8/1N6 b - - 0 39,d7c7 b4b5 b8c8 c4b4 c7b8 b1d2,3051,122,90,1691,crushing defensiveMove endgame long quietMove,https://lichess.org/EtqgWPVz/black#78,
CQ3O2,1rb2r2/4ppkp/1qp3p1/p2pN2P/3PnQ2/1P6/2P1PPP1/2KR1B1R b - - 0 16,a5a4 h5g6 h7g6 f4h6 g7f6 e5g6 f7g6 h6f8 f6e6 g2g3,3024,128,90,1689,crushing defensiveMove middlegame veryLong,https://lichess.org/qerOBdDP/black#32,Modern_Defense Modern_Defense_Other_variations
pPtev,1r6/2pk2p1/2p2n1p/Q1B2P2/1PPpr1P1/7P/P5q1/2KR3R w - - 2 29,a5a7 d4d3 d1d3 f6d5 h1d1 e4c4 c1b1 b8b5 c5f8 d7e8,3013,125,90,1684,advantage defensiveMove exposedKing middlegame veryLong,https://lichess.org/xLyCL8nl#57,
ks0OV,1r6/5pk1/4p1p1/1P6/2p2Pn1/4P2p/R2P1Pq1/1R2KQ2 w - - 8 38,f2f3 g2g3 e1d1 g4h2 f1c4 h2f3,3088,108,91,1681,advantage endgame long,https://lichess.org/PisLZ2TU#75,
V0DSV,8/5p2/p1k5/Pppp1pPp/1P3P1P/2PPK3/8/8 w - b6 0 47,a5b6 d5d4 e3d2 d4c3 d2c3 c5b4 c3b4 c6b6 b4c4 a6a5 c4d4 a5a4 d4c4 b6a5,3071,126,91,1680,attraction crushing defensiveMove endgame pawnEndgame quietMove veryLong zugzwang,https://lichess.org/BBGyyLL4#93,
cyW9k,rnbq1r1k/pp1pn1b1/3Q3p/4p3/7P/3BP3/PPPN1P2/2KR2R1 b - - 3 17,b8c6 g1g7 h8g7 d1g1 g7f7 d3e2,3074,106,90,1677,attraction crushing defensiveMove exposedKing long middlegame sacrifice,https://lichess.org/sEeiDrCj/black#34,Queens_Pawn_Game Queens_Pawn_Game_Modern_Defense
Qsf7Z,r1bq1rk1/ppp1bp2/2n4p/8/3pN1p1/1B1Q2P1/PP1N2PP/R4R1K b - - 1 16,a7a6 e4f6 e7f6 b3c2 f8e8 d3h7 g8f8 h7h6 f6g7 f1f7,3051,112,93,1675,advantage kingsideAttack middlegame quietMove sacrifice veryLong,https://lichess.org/i0yOR5SH/black#32,Scotch_Game Scotch_Game_Scotch_Gambit
P8MKb,5rk1/p4p1p/6p1/8/1P3BP1/1B1P3P/1q2r3/3Q1RK1 w - - 1 27,f4d6 f8e8 b3f7 g8g7 d1a1 b2a1,3059,138,89,1673,advantage long middlegame quietMove,https://lichess.org/uTjIZ8gp#53,
YBXG5,1r3r2/6k1/p1Q3p1/3p3p/3N2bP/2P3q1/PP4P1/1K2RR2 w - - 3 28,e1e7 g7h6 f1c1 g3d3 d4c2 f8f2 b2b3 f2c2 e7h7 h6h7 c6c7 h7h6,3041,122,89,1673,crushing defensiveMove middlegame veryLong,https://lichess.org/7TiGRwA6#55,
FAj61,3r3k/6pp/B2b4/4q3/Pp6/4B1Pr/1PP2P2/2R1QRK1 w - - 0 30,e3f4 e5d5 f2f3 d5h5 f4d6 h3h1 g1f2 h1h2,3009,120,88,1664,crushing middlegame quietMove sacrifice veryLong,https://lichess.org/7LJTfLVz#59,
Jzorj,1rr4k/3b1pp1/1q1P1b1p/2NBn3/1p3B2/P7/2QR2PP/5R1K w - - 0 29,a3b4 b6b4 c5d3 e5d3 c2d3 d7b5 d3f5 b5f1 d5e4 b4e4 f5e4 c8e8 e4c2 f1d3 c2d1 b8b1 d1b1 d3b1,3084,119,91,1658,crushing middlegame pin skewer veryLong,https://lichess.org/ok4OE4UW#57,
JTDnY,8/8/6K1/8/p5PP/k7/1p1R4/8 w - - 0 63,d2d1 a3b3 g4g5 a4a3 g6h6 a3a2 g5g6 a2a1q g6g7 a1d1 g7g8q b3c3,3093,130,87,1652,advancedPawn crushing defensiveMove endgame promotion rookEndgame veryLong,https://lichess.org/sV75vYmw#125,
KSfgR,r1bqr3/ppp2k1Q/2p2bp1/5n2/4NB2/3P4/PPP2PPP/R3R1K1 b - - 0 14,f6g7 f4c7 d8e7 e4d6,3023,120,90,1652,crushing middlegame pin short,https://lichess.org/mXFZQX0O/black#28,Ruy_Lopez Ruy_Lopez_Berlin_Defense
RPSRP,1rr3kb/p4p1p/1nn1p2B/q2p2P1/1p1P1N2/1P3N2/P6P/1K1RQR2 b - - 0 22,a5a3 g5g6 h7g6 f1g1,3090,109,90,1651,crushing master middlegame short,https://lichess.org/bdkZI8dy/black#44,
cm2lq,1b2R1k1/p4p2/2p2p2/q1P2PP1/3r3p/1p5P/PPQ5/1K6 b - - 1 29,g8h7 c2b3 h7g7 g5f6 g7f6 b3e3 d4d1 b1c2 a5a4 b2b3,3096,137,88,1638,crushing endgame exposedKing master masterVsMaster veryLong,https://lichess.org/XL3qiIJI/black#58,
b7gTp,8/2k5/1p5R/1r5p/7K/5P1P/8/8 w - - 4 49,h6h5 b5h5 h4h5 b6b5 f3f4 c7d6 f4f5 d6e7 h5g6 e7f8 h3h4 b5b4 h4h5 b4b3 h5h6 f8g8 f5f6 b3b2 h6h7 g8h8 f6f7 b2b1q,3019,105,90,1637,advancedPawn crushing endgame promotion quietMove rookEndgame veryLong,https://lichess.org/uZvtoEeH#97,
dgbik,rn1q2r1/1p2b2p/p2p3k/4pP2/P5n1/2N4Q/1PP2PPP/R3K2R b KQ - 3 16,h6g5 h3h7 g4f6 h2h4 g5f4 c3e2 f4e4 h7f7,3090,137,87,1635,crushing middlegame veryLong,https://lichess.org/DJ4G7e4k/black#32,Sicilian_Defense Sicilian_Defense_Najdorf_Variation
cIcuJ,5rr1/1k6/1pp5/7p/PQ1P1p2/2PqpR1P/1P2R1P1/6K1 w - - 1 31,b4e7 b7a8 e2e3 d3g6 g2g3 f8e8 e7e8 g8e8 e3e8 g6e8,3009,126,88,1633,advantage defensiveMove endgame pin veryLong,https://lichess.org/UL2XWvHx#61,
N5HdL,8/7p/2k1K1p1/2p1P3/2B2bP1/7P/8/8 b - - 0 48,f4e3 e6f6 h7h6 h3h4 e3f2 f6g6 f2h4 g6h6 h4g3 e5e6 c6d6 h6g7,3018,113,89,1630,bishopEndgame crushing defensiveMove endgame quietMove veryLong,https://lichess.org/r4JTMyUJ/black#96,
orRXf,1R6/4r1kp/R4pp1/2q1p3/3pP3/3QnP2/P5PP/7K w - - 1 33,d3b1 d4d3 b8d8 e7c7 b1g1 c5c2 a6d6 c2e2 d6d7 c7d7,3029,126,89,1623,advantage endgame quietMove veryLong,https://lichess.org/V0Zjnkrh#65,
BoM3K,r3r1k1/pp3ppp/n1n5/2p5/2P3b1/PQ3P2/1P1P1P1P/R1B1KB1R w KQ - 1 16,f1e2 e8e2 e1d1 g4h5 h1e1 c6d4 b3b7 h5f3 b7a8 f3a8 e1e2 a8f3 d2d3 f3e2 d1d2 d4b3 d2e2 b3a1,3017,129,87,1621,advantage fork middlegame pin veryLong,https://lichess.org/9oib0ET3#31,Sicilian_Defense Sicilian_Defense_Nimzowitsch_Variation
7jS8G,r1q3k1/3bb1pp/3p2r1/1NpPpp2/PnB5/1P3N1P/3Q1PP1/3RR2K b - - 5 23,f5f4 f3e5 d7h3 e5g6 h3g2 h1g1 c8h3 f2f3 h3h1 g1f2 h1h2 d2f4 e7h4 g6h4,3000,122,89,1620,crushing middlegame quietMove veryLong,https://lichess.org/JuwpZKtk/black#46,
DQQPB,4b3/7k/3bp3/3p1pBP/pPpP3P/P3P2K/8/3B4 w - - 9 53,g5f4 d6b4 d1a4 e8a4 a3b4 c4c3 b4b5 e6e5,3027,117,90,1620,advantage bishopEndgame endgame veryLong,https://lichess.org/6TmrD4FK#105,
g9eMX,8/8/6p1/pR2rk1p/P1P1p3/6KP/5P2/8 b - - 5 44,f5e6 g3h4 e6d6 b5e5 d6e5 h4g5 e5d4 g5g6 d4c4 g6h5,3032,126,91,1615,crushing endgame rookEndgame veryLong,https://lichess.org/gFsarCOf/black#88,
fnVia,5rk1/ppQ2pp1/3P2q1/2p4p/5R2/7P/P1P3P1/6K1 b - - 0 26,g6g3 f4e4 f7f5 e4e6,3027,119,87,1612,crushing defensiveMove endgame quietMove short,https://lichess.org/uFu4km9B/black#52,
r31Pz,3rr3/1p3pk1/pN1q1np1/P1p5/2Bb1P2/1P4PQ/5P1P/3RR1K1 w - - 4 34,h3g2 d4c3 c4f1 e8e1 d1d6 d8d6,3007,129,87,1608,advantage long master middlegame,https://lichess.org/wUYhBLE5#67,
VR1AM,8/8/6pp/5pN1/2kpp3/7P/3K2P1/3B4 w - - 0 51,g2g3 h6g5 d1a4 d4d3 d2e3 c4d5 h3h4 g5h4 g3h4 d5e5,3037,116,90,1605,crushing defensiveMove endgame hangingPiece veryLong,https://lichess.org/Rz6AOx5D#101,
WGoc4,8/6p1/2k3K1/p3P3/2nP4/2B5/8/8 b - - 0 42,c6d7 g6f7 d7c6 f7e6 c4b6 c3a5 b6d5 e6f7,3025,106,91,1604,crushing endgame veryLong,https://lichess.org/rObaX7vz/black#84,
7pTqD,rn4k1/6pp/p1p1N2r/4Q3/2pP3q/5P2/P3K1P1/R4R2 b - - 8 25,h6g6 e6f4 g6f6 f4d5 c6d5 f1h1 h4f4 e5d5,3031,130,88,1600,advantage intermezzo middlegame sacrifice veryLong,https://lichess.org/kizOZUha/black#50,
sWjrx,2bq1rk1/p1p1npb1/2p4p/4p1pQ/2P1N3/3B2B1/Pr3PPP/3RR1K1 b - - 1 17,d8e8 g3e5 g7e5 e4f6 e5f6 h5h6 c8f5 h6f6 f5d3 f6b2,3019,125,88,1598,advantage kingsideAttack master middlegame sacrifice veryLong,https://lichess.org/vMzthVte/black#34,Scotch_Game Scotch_Game_Mieses_Variation
Vvyul,8/5k2/5p1p/6p1/1p2P3/8/2PK2PP/8 b - - 0 39,f7e6 g2g4 e6d6 d2e2 d6c6 e2e3 c6c5 e3d3,3040,104,91,1597,crushing defensiveMove endgame pawnEndgame quietMove veryLong zugzwang,https://lichess.org/PWmH4cDf/black#78,
ETOJT,5rk1/1pp3pp/p3p2q/2bPP3/2P5/3QnN2/PP2N1PP/4R2K w - - 11 33,d5e6 e3g4 d3d5 c7c6 d5c5 f8f3 h2h3 g4f2,3057,133,89,1593,advantage middlegame veryLong,https://lichess.org/LOUD9AR0#65,
lP84s,8/1p2kp2/p1p1q2p/8/1P5P/1PP2Q2/4rP2/3R3K b - - 0 37,e2b2 f3f4 b2e2 f4c7 e7f8 c7d8 e6e8 d8d6 f8g7 d1g1 g7h7 d6g3,3016,122,87,1593,advantage defensiveMove endgame veryLong,https://lichess.org/7t9xZI4N/black#74,
7Sk7a,8/p7/7p/1p2k1p1/6P1/1P2K2P/P7/8 w - - 0 41,a2a4 b5a4 b3a4 e5d5 e3f3 a7a5 h3h4 d5d4,3048,120,88,1591,crushing defensiveMove endgame pawnEndgame quietMove veryLong,https://lichess.org/tTSwrM7i#81,
CBu1x,8/2p5/p1pk4/4pp2/PPPP2Pp/4K3/5PP1/8 b - - 0 33,f5g4 d4e5 d6e5 a4a5 e5d6 f2f4,3016,126,90,1587,crushing defensiveMove endgame long pawnEndgame quietMove,https://lichess.org/ujjdkVH0/black#66,
todYZ,r3k2r/1pN2ppp/4b3/pP2Pnq1/P2b4/8/2Q2PPP/3RKB1R b Kkq - 0 16,e8e7 d1d4 f5d4 c2c5 e7d7 c5d4 d7c7 b5b6 c7c8 d4c3 c8d8 f1b5 e6d7 c3c7,3075,128,89,1581,advantage fork middlegame quietMove sacrifice veryLong,https://lichess.org/2fnNnj6U/black#32,Ponziani_Opening Ponziani_Opening_Jaenisch_Counterattack
byg9R,8/1p6/p2k1pp1/4p2p/PPK1PP2/6P1/7P/8 w - - 0 34,b4b5 a6b5 a4b5 e5f4 g3f4 g6g5 e4e5 d6e6 f4g5 f6g5,3016,123,91,1579,crushing endgame pawnEndgame veryLong,https://lichess.org/H7npaTAM#67,
cwoUc,7Q/ppp2q2/2kp2p1/4p3/4P3/1P1P3P/PKP1n2P/R1B2r2 w - - 9 25,h8a8 e2d4 c1e3 f1a1 e3d4 a1f1 d4e3 a7a6,3076,120,86,1579,advantage defensiveMove endgame quietMove veryLong,https://lichess.org/6kNdNEhB#49,
zG2SW,8/1p6/p1p1k1p1/2P1Pp2/1P1K1n1P/P4B2/8/8 b - - 12 46,f4d5 f3d5 c6d5 a3a4 f5f4 b4b5 a6b5 a4b5 f4f3 d4d3,3050,132,90,1579,crushing defensiveMove endgame quietMove veryLong,https://lichess.org/JbvHIJHx/black#92,
FQWQq,r1b1r1k1/2q2pp1/p1pR1n1p/1pn1p3/Pb2P2B/1BN2N2/1PP1QPPP/3R2K1 b - - 7 17,c5e4 c3e4 f6e4 d6h6 c8f5 g2g4,3058,134,88,1574,advantage long middlegame,https://lichess.org/HtEDz3nd/black#34,Pirc_Defense Pirc_Defense_Other_variations
rDO3c,r3kb1Q/pp2pp1p/1qnp1np1/6N1/4PPb1/1P6/P1P3PP/RNB1KB1R w KQq - 3 9,g5h7 f6e4 h8f8 e8d7 h7f6 e4f6 f8a8 f6e4 a8b7 b6b7,3013,126,90,1572,advantage middlegame quietMove sacrifice veryLong,https://lichess.org/IbjRcCV0#17,Sicilian_Defense Sicilian_Defense_McDonnell_Attack
arpCx,2k4r/1p6/2p5/p4P2/P2rQ3/6Pp/1P1q3P/R4R1K w - - 0 30,e4e6 c8d8 e6f6 d8c7 f6e7 c7b6,3098,110,91,1567,crushing defensiveMove endgame long,https://lichess.org/BzHLUHIe#59,
tGSgh,3r3k/1b4p1/p3p2n/1p2P1NQ/8/1P1q4/PBR3PP/7K w - - 1 27,g5f7 h8g8 f7h6 g7h6 c2c1 d8d7,3025,122,86,1562,crushing defensiveMove long middlegame,https://lichess.org/wvervWo0#53,
GJSRL,6bk/5qb1/8/4R2p/3Q4/8/PP3rPP/2R3K1 b - - 0 40,g7e5 d4e5 h8h7 g2g4 f7f4 c1c7 g8f7 e5h5 h7g7 c7f7 f4f7 h5g5,3066,109,91,1561,crushing endgame exposedKing fork pin veryLong,https://lichess.org/7MmrSXl2/black#80,
t8eqP,3rr1k1/1R4bp/p4pp1/2qPB3/4QP2/8/6PP/3R2K1 w - - 1 26,e4d4 g7f8 d5d6 c5d4 e5d4 d8d6,3026,118,88,1558,crushing long middlegame quietMove,https://lichess.org/L8VfI0pc#51,
z7c9L,8/8/2R2P1k/1p6/5K2/pr3P1P/6P1/8 w - - 0 38,g2g4 a3a2 c6a6 b3b4 f4f5 b4a4 g4g5 h6h7 a6b6 a4a8,3013,110,91,1557,advancedPawn crushing defensiveMove endgame rookEndgame veryLong,https://lichess.org/FDidMqcz#75,
Yvyq4,3r4/p6R/5kp1/r3p3/5pK1/b2B1P2/5P1P/3R4 b - - 0 38,a5d5 d3c4 d8h8 h7c7 a3d6 c7d7 g6g5 d7d6 d5d6 d1d6,3069,110,89,1551,advantage endgame veryLong xRayAttack,https://lichess.org/dNkjKsTT/black#76,
oifIp,2R4Q/r4p1p/1p2p1pk/q2pP3/3P4/6P1/5PP1/6K1 b - - 0 39,b6b5 h8f8 h6g5 g1h2 a5d2 f8d8 g5f5 d8h4,3005,123,88,1550,crushing endgame veryLong,https://lichess.org/uXSJEnYr/black#78,
wL96P,8/6p1/p2p2kp/1p1Pp3/1P2P1K1/P4P1P/8/8 w - - 7 42,h3h4 h6h5 g4g3 g6f7 f3f4 e5f4 g3f4 f7f6 f4e3 g7g5 h4g5 f6g5,3051,107,91,1545,crushing endgame master pawnEndgame veryLong zugzwang,https://lichess.org/OfXL36lV#83,
6pfrG,8/8/R5p1/5k1p/7P/pr4P1/5PK1/8 w - - 4 37,a6a5 f5e4 f2f4 e4d4 f4f5 g6f5 a5f5 b3b2 g2h3 a3a2,3024,129,90,1541,advancedPawn crushing defensiveMove endgame rookEndgame veryLong,https://lichess.org/M9jiNiHY#73,
GUsdn,2r5/1p2k2R/1qp1b3/3p4/3P4/pP2PP2/P1Q3P1/K7 b - - 1 30,e7d6 c2g6 c6c5 g6f6 c8e8 d4c5 d6c5 f6d4 c5c6 d4a4 b6b5 h7c7 c6c7 a4b5,3042,117,90,1538,attraction crushing deflection endgame veryLong,https://lichess.org/UENlWtMt/black#60,
qS8Mz,r3qrk1/2p2pbp/4p1p1/pp5P/1n2N3/PB2Q3/1PP3P1/2KR3R b - - 0 20,a5a4 h5g6 f7g6 e4d6 c7d6 b3e6,3046,109,91,1533,advantage kingsideAttack long middlegame sacrifice,https://lichess.org/26hbfcIN/black#40,
8yoK4,2kr4/pp3ppp/2p2n2/2q5/2n1PP2/2N4P/PPP1Q3/2K2BR1 w - - 0 18,g1g5 c5d6 e4e5 d6d4,3059,127,89,1529,crushing master middlegame short,https://lichess.org/JhewF2hc#35,Indian_Defense Indian_Defense_Wade-Tartakower_Defense
w9C4e,8/P7/1K6/5Rp1/5p1p/5k1P/r7/8 b - - 1 50,f3g3 f5a5 a2a5 b6a5 g5g4 a7a8q f4f3 a5b4 g3h2 a8a2 h2g1 a2b1 g1g2 b1e4,3039,134,87,1519,advancedPawn crushing endgame master promotion rookEndgame veryLong,https://lichess.org/EfR9nDK5/black#100,
kyjBj,r4k1r/pb2qpp1/3b4/1Q2p2p/6n1/1P2P2P/PBP1BPP1/R4RK1 w - - 3 15,h3g4 h5g4 e2g4 b7f3 b5d7 e7h4 g4h3 a8d8,3010,126,89,1515,crushing middlegame veryLong,https://lichess.org/WEPPHjPh#29,Benoni_Defense Benoni_Defense_Old_Benoni
gLsTf,2r3r1/pp3p1k/1b3p1p/3q4/1PNnpP1B/3P3Q/1P4PP/1K1R3R w - - 0 23,c4b6 a7b6 d3e4 c8c1 b1c1 d5c4 c1d2 g8d8,3083,117,92,1513,advantage attraction defensiveMove middlegame sacrifice veryLong,https://lichess.org/EiFBPLEg#45,
vIbbC,2r3k1/p3n3/1p1r1bp1/1P2qpNp/P1Ppp2P/1Q3P2/1B4P1/1KR1R3 b - - 0 29,e4e3 f3f4 e5f4 c4c5 d6d5 c5b6 c8c1 e1c1 a7b6 c1c8 e7c8 b3d5 g8h8 d5e6 f6g5 e6c8,3052,107,92,1507,crushing deflection discoveredAttack discoveredCheck exposedKing fork master middlegame veryLong,https://lichess.org/UK5O2Int/black#58,
FH1RK,1k3r2/1ppq1P2/p3p1r1/8/2P5/N6R/1P1Q1R1K/8 w - - 1 36,h3f3 d7f7 d2d4 f8g8 f3h3 f7e7,3082,140,89,1506,crushing long middlegame quietMove,https://lichess.org/SfZ8Tmth#71,
m3Yyp,r7/pbk3p1/3p2q1/Npp2R2/3pP1Pp/P4Q1P/1PP3K1/8 b - - 1 31,b7c8 e4e5 d6e5 f5e5,3017,121,90,1506,advantage endgame short,https://lichess.org/J5lnzGM9/black#62,
j8K3v,5rk1/5qpp/1p6/p1rpp3/4P3/1Q1P2P1/1K4RP/5B1R w - - 0 33,g2c2 a5a4 b3a4 f7f3 f1g2 f3d3 c2c5 b6c5,3050,121,89,1505,crushing middlegame veryLong,https://lichess.org/G0p4VKnk#65,
pWO39,2k3r1/p1pb4/1p6/2PPp3/4P3/3B1Pq1/P1Q3p1/K5R1 b - - 0 37,g3f3 c5b6 a7b6 d5d6 c7c6 c2b3 f3f2 b3g8,3008,96,92,1505,crushing endgame pin veryLong,https://lichess.org/0Y59f8ec/black#74,
kOjY8,3r2k1/pQ1P3p/4q3/2P1pr2/7b/1PB2P1P/P5p1/1R1R3K w - - 0 30,h1g2 f5g5 g2f1 e6h3 f1e2 g5g2 e2e3 h3f5 b7e4 h4f2 e3e2 f2d4 e2d3 f5d7 c3d4 d7b5 d3c3 e5d4 d1d4 b5c5 d4c4 c5a5 c4b4 d8c8,3010,115,91,1504,crushing deflection discoveredAttack discoveredCheck interference middlegame pin veryLong,https://lichess.org/5YZCCnRn#59,
vhNCB,8/ppb3pk/2prQ2p/3p1r2/5P2/1P4Pq/PBP2P1P/4RRK1 w - - 5 24,e6e7 d6g6 e7d7 c7b6 g1h1 h3g4 f2f3 g4h3 f1g1 b6g1 e1g1 h6h5,3052,123,89,1494,advantage defensiveMove middlegame veryLong,https://lichess.org/rgu9cT7A#47,
gYZZm,7Q/p1q1kp2/1p2p3/3r1r2/2pP4/2P3R1/PP3PPP/R5K1 w - - 9 29,g3g7 f5h5 h8a8 c7h2 g1f1 h2f4,3051,122,90,1493,crushing endgame kingsideAttack long,https://lichess.org/2NPJHm5F#57,
6DZYV,4r1k1/pp3ppp/1n4b1/4qPb1/P5P1/1B1QNR2/NP3K1P/8 w - - 3 28,f5g6 e5h2 f2e1 h2g1 e1d2 g1g2 d2c1 e8c8 c1b1 g2f3,3043,115,87,1490,advantage exposedKing master middlegame pin veryLong,https://lichess.org/Ed4qjfXS#55,
3qzM5,Q1b2b1r/p4k1p/5p2/8/1q6/4P3/PPP2PPP/RN2K2R w KQ - 1 14,e1e2 c8b7 a8d8 b4g4 f2f3 g4g2 e2d3 g2h1,3011,125,90,1486,crushing fork middlegame veryLong,https://lichess.org/ZS5TsEzu#27,Queens_Pawn_Game Queens_Pawn_Game_Accelerated_London_System
RaHEl,r1bQ4/1ppn1Rp1/1b4kp/4P3/3Pq3/2p5/P5PP/5R1K b - - 0 26,b6d4 d8e7 d7f8 f7g7 g6h5 e7f8,3065,126,87,1486,crushing long middlegame,https://lichess.org/kcJn5dA8/black#52,
tMNbZ,rnbq1rk1/pp2bppp/5n2/2p3B1/3pP3/1N1B1N2/PPP3PP/R2Q1RK1 b - - 7 10,b7b6 g5f6 g7f6 f3d4 c5d4 d1h5,3022,124,90,1479,advantage clearance long middlegame sacrifice,https://lichess.org/TsGUXoX9/black#20,Caro-Kann_Defense Caro-Kann_Defense_Maroczy_Variation
xZYta,r6k/5p1n/3p3Q/p1p1p3/Pp4P1/3P1P2/1qPK1P2/6R1 b - - 0 31,b4b3 g1h1 h8g8 h6h7 g8f8 h7h8 f8e7 h8a8 b2c2 d2e3 b3b2 a8b7 e7f6 f3f4 c2c1 e3e2,3012,115,90,1473,crushing defensiveMove endgame exposedKing quietMove skewer veryLong,https://lichess.org/qSl5tMVn/black#62,
pDQb2,r2q3k/2pp2R1/2b1p2B/p2nPr2/3P3P/7N/1pP1QP2/1K1R4 w - - 0 25,b1b2 d8b8 b2c1 d5c3 e2g4 c3a2 c1d2 b8b4 d2e2 c6f3 g4f3 a2c3 e2f1 f5f3,3020,136,89,1470,advantage fork middlegame sacrifice veryLong,https://lichess.org/bNG2c99T#49,
G4Yyg,r1b2rk1/2nqn1p1/2pNp3/pp2PpPQ/3P4/P2B1R2/1P4PP/2R3K1 b - - 2 23,c7e8 f3h3 e8d6 e5d6 d7d6 d3e2 d6d4 g1h1,3018,128,90,1467,advantage defensiveMove middlegame quietMove sacrifice veryLong,https://lichess.org/1Onxn67x/black#46,
M16bu,1r3rk1/5p2/3pP1pp/p5b1/6R1/q2B3Q/6PP/5R1K b - - 0 33,f7f5 e6e7 f8f7 g4e4 b8e8 e4e6 f7g7 e6g6,3029,127,89,1462,advancedPawn advantage middlegame pin quietMove veryLong,https://lichess.org/svHvP5QU/black#66,
OfrkB,5k2/p3rrRp/3Q3P/1qp2p2/5p2/3P4/P1PK4/7R b - - 5 26,b5b4 d2c1 b4d4 h1g1 d4e3 c1b2 f7g7 d6f6,3046,106,92,1457,advantage defensiveMove endgame quietMove sacrifice veryLong,https://lichess.org/zz4BtVnd/black#52,
WKe2u,r7/p3Q3/3P2p1/5r1p/1p2pqk1/8/P1R2P2/4R1K1 b - - 8 31,f5g5 e1e4 g4f3 g1f1 f4e4 e7f7 e4f5 f7b3,3031,114,91,1457,crushing endgame master pin sacrifice veryLong,https://lichess.org/WneW83Dv/black#62,
xZKM9,8/5pk1/1q4p1/3pP2p/2PN1P2/p5rP/n1PQ4/1KRR4 w - - 0 32,d4b3 a2c1 c4c5 a3a2 b1a1 c1b3,3011,119,90,1457,advancedPawn advantage long middlegame pin queensideAttack,https://lichess.org/Kcx0sogr#63,
oKlBs,8/7p/1p4p1/3kp3/1Pp4P/2P1KP2/6P1/8 b - - 0 33,h7h5 b4b5 d5c5 e3e4 c5b5 e4d5 b5a5 d5c4 a5a4 g2g4 b6b5 c4c5 a4b3 g4g5 b3c3 c5b5 c3d4 b5c6,3047,112,90,1456,crushing defensiveMove endgame pawnEndgame quietMove veryLong zugzwang,https://lichess.org/05gViwbq/black#66,
t5xLs,8/2p2pkp/5qp1/rB5r/2PP2b1/P1Q3P1/5P1P/R3R1K1 w - - 1 26,c3a5 h5h2 a1a2 h2h5 b5d7 h5a5,3083,124,90,1454,crushing long middlegame,https://lichess.org/gHL1r3V5#51,
Knfpv,6r1/pp2pk2/2p3r1/4pQ2/P3N1pP/8/1q3PP1/4R1K1 b - - 10 38,f7g7 h4h5 g6h6 f5g5 g7h7 g5e7 h7h8 g2g3 b2d4 e4f6,3032,116,89,1451,advantage endgame exposedKing quietMove veryLong,https://lichess.org/ptiwXTPt/black#76,
faKMd,4kb1r/5ppp/p7/1p1pPP2/1P1BbQP1/P6q/5R1P/6K1 b k - 4 25,h3a3 e5e6 f8e7 f4b8 e7d8 b8c8 e8g8 e6f7 f8f7 c8d8,3016,116,89,1447,advancedPawn clearance crushing middlegame veryLong,https://lichess.org/lWEzpnXu/black#50,
0BRFK,1rr4k/pp3p1p/4bP2/q3pp2/3n4/P1N4Q/1PP2P1P/1K1R1BR1 b - - 0 21,f5f4 h3h5 c8c3 f1d3 c3d3 d1d3,3095,128,91,1446,crushing long middlegame sacrifice,https://lichess.org/5mlsO89L/black#42,
1Q5AL,rnbq1b1r/p3k3/1p1p2p1/1PB1p2p/2P4P/5R2/P2PQPP1/RN2K3 b Q - 0 19,d6c5 e2e5 c8e6 b1c3 d8d6 e5f6,3017,124,88,1442,advantage fork long middlegame pin quietMove,https://lichess.org/d18OoVhm/black#38,Portuguese_Opening Portuguese_Opening_Other_variations
JXEHg,6k1/pp4p1/4bq2/2bp1r2/8/1BP5/PP2QpPP/R4R1K w - - 2 24,e2b5 f6e5 b3c2 c5d6 b5e8 f5f8,3034,111,87,1442,crushing defensiveMove long middlegame quietMove,https://lichess.org/vrSQqDid#47,
XpcVl,2q1kn1r/p7/3p1PPb/1r5p/1p1p4/3P2PP/PPPQN1K1/R4R2 w k - 1 22,d2h6 h8h6 f6f7 e8e7 g6g7 c8e6 g7g8q e6e2,3081,136,90,1441,advantage hangingPiece middlegame veryLong,https://lichess.org/3Vam0eA7#43,
hgZIm,4r2r/4P1RP/1k6/p4P2/1ppK4/4P3/P7/8 b - - 2 44,b6b5 f5f6 c4c3 d4d3 b5c5 g7g5 c5d6 f6f7 e8e7 g5g8 e7f7 g8h8 f7d7 d3c2,3033,130,90,1439,advancedPawn advantage endgame rookEndgame veryLong,https://lichess.org/0jllWP2y/black#88,
BxHUc,8/8/p3Pk2/1pNK2pp/1Pp5/P5P1/6P1/5b2 b - - 2 51,f1g2 d5d6 c4c3 c5d7 f6g7 d7e5 c3c2 e6e7 c2c1q e7e8q c1d2 d6e7,3034,124,92,1427,advancedPawn advantage defensiveMove endgame master promotion quietMove veryLong,https://lichess.org/iE0UsyKd/black#102,
rHkYb,8/1p6/p2p4/P2P3p/1PB2k1P/5b2/5K2/8 w - - 0 53,c4d3 f4g4 d3c4 f3h1 f2e3 g4h4 e3f4 h4h3,3038,122,88,1427,bishopEndgame crushing defensiveMove endgame master veryLong,https://lichess.org/DYD2tetf#105,
8yGYR,2k5/p2r1Npp/5n2/1Q2p3/2Bbq1b1/8/PP1P2PP/RNB2K1R w - - 4 16,b5a6 c8c7 a6a5 c7b8 a5b5 d7b7 b5b7 e4b7,3032,137,89,1421,crushing defensiveMove middlegame veryLong,https://lichess.org/KbA8uWqy#31,Italian_Game Italian_Game_Two_Knights_Defense
HM4US,8/6p1/5p2/k1r1p1p1/1pR5/1P1KP2P/5PP1/8 b - - 1 41,a5b5 c4c5 b5c5 d3e4 g7g6 f2f4 e5f4 e3f4 g5f4 h3h4 f4f3 g2f3 c5c6 e4d4,3044,110,90,1417,crushing defensiveMove endgame quietMove rookEndgame veryLong zugzwang,https://lichess.org/ZiK3ebmd/black#82,
ubJ4n,8/8/R7/2PP2k1/p7/7p/r7/6K1 b - - 1 46,a4a3 c5c6 g5f5 a6a8 a2g2 g1h1 g2c2 d5d6,3087,133,87,1417,crushing endgame rookEndgame veryLong,https://lichess.org/CVwV87rZ/black#92,
PJsXP,3r3k/1b3P2/1p2p3/p5N1/q1P1pP1P/8/2n1K3/2R3QR w - - 1 28,h1h3 e4e3 f7f8q d8f8 h3e3 a4c4 e3d3 b7a6,3013,121,87,1407,crushing defensiveMove exposedKing middlegame veryLong,https://lichess.org/Fryj5VQA#55,
eduB0,2r5/p7/6Q1/q2pPp2/k7/2r4R/P5PP/1R4K1 w - - 3 29,g6f5 c3c1 b1c1 c8c1 g1f2 a5d2 f2g3 c1c4,3032,121,88,1404,crushing defensiveMove endgame veryLong,https://lichess.org/Fqfs8gtA#57,
ox4n7,r2qb2r/pp2kB1p/2n1p3/2ppP2Q/3P4/N1P1b1P1/PP4KP/R4R2 b - - 6 17,h8f8 h5h4 e7d7 f7e6 d7e6 h4h3 e6e7 f1f8,3082,95,91,1401,attraction crushing middlegame sacrifice veryLong,https://lichess.org/9cm8jeHS/black#34,French_Defense French_Defense_La_Bourdonnais_Variation
n8yeS,3Q4/pp3kp1/2p4p/P3Pb2/1P3P2/8/q1r3PP/3RR1K1 w - - 5 31,e5e6 f7g6 g1h1 c2g2 d8h4 g6h7 e6e7 g2g6,3077,131,90,1399,clearance crushing defensiveMove endgame veryLong,https://lichess.org/wnzvGiMT#61,
4oAS2,8/5Rkp/3Np1p1/8/1n3P2/p5PK/7P/r7 b - - 0 38,g7h6 d6e4 g6g5 f4g5 h6g6 f7f6 g6g7 e4c5 a1e1 c5e6 e1e6 f6e6 a3a2 e6e7 g7g6 e7a7,3062,128,90,1393,crushing endgame quietMove veryLong,https://lichess.org/0RqZv1kk/black#76,
8Ezqz,8/8/8/5R2/1P6/K7/2r4p/4k3 w - - 5 50,f5e5 e1f2 e5h5 f2g3 b4b5 g3g4 h5h2 c2h2,3058,115,89,1392,crushing defensiveMove endgame rookEndgame veryLong,https://lichess.org/IkA1RZG2#99,
88P9F,5B2/8/7p/1n1k2p1/1P4n1/3K1NP1/8/8 b - - 9 48,g4e5 f3e5 d5e5 f8h6 g5g4 d3e3,3082,100,91,1389,crushing defensiveMove endgame long,https://lichess.org/pvMJMbN2/black#96,
dcbso,r2q1k2/2N1n2p/6r1/p1R5/2P5/B3Q3/P1P3PP/b5K1 b - - 3 24,a1h8 c7d5 a8a6 c5c7 a6e6 a3e7 d8e7 e3f3 g6f6 c7c8 f8g7 f3g3 f6g6 d5e7 g6g3 e7f5,3045,132,89,1373,advantage clearance discoveredAttack exposedKing fork middlegame veryLong,https://lichess.org/Tx2xg2R2/black#48,
Ir0QG,5qk1/1p4pp/p1n1pr2/2Rp4/3P1N1P/1B2P2Q/PP1b2P1/6K1 w - - 4 24,f4e6 f6f1 g1h2 f8f2 b3d5 g8h8,3009,109,86,1371,advantage clearance defensiveMove long middlegame,https://lichess.org/Zu5CUQj7#47,
mpVHB,2r5/3qpp1k/3p3B/pN5n/2rPP3/1Q3P2/PP3P1P/6RK w - - 1 25,a2a4 h7h6 b5a3 c4c6 b3e3 h6h7,3001,132,90,1369,advantage hangingPiece long middlegame quietMove,https://lichess.org/JzM8yVhw#49,
7exMV,3q2k1/5pb1/p5p1/n6p/Q6P/5NB1/5PP1/6K1 b - - 0 31,d8b6 a4e8 g7f8 f3g5 b6b3 g3e5 b3d1 g1h2 d1d5 e5c3,3043,122,87,1367,advantage endgame quietMove veryLong,https://lichess.org/UfjPCy43/black#62,
Xe5Zr,rr4k1/2p1qp2/2p3bp/3pP1P1/p2b1pQ1/P4N2/1PP3P1/1KNR3R w - - 0 24,d1d4 h6h5 g4f4 e7a3 c1d3 g6d3,3081,123,89,1366,crushing long middlegame pin,https://lichess.org/FSbDLGai#47,
XkuVk,r3k1nr/ppp2ppp/2n1bq2/4p3/2B5/B1Q2N2/P4PPP/3RR1K1 b kq - 3 14,e6c4 c3c4 a8d8 c4g4 g8e7 d1d8,3022,144,89,1364,crushing long middlegame,https://lichess.org/nlLTf10W/black#28,Italian_Game Italian_Game_Evans_Gambit
Vkf1Q,8/1n6/8/1K4Pk/2p1PP2/P1R5/5r2/8 w - - 4 46,c3c4 b7d6 b5c5 d6c4 c5c4 f2a2,3050,122,88,1363,advantage endgame fork long,https://lichess.org/aeMFJchM#91,
nsIgF,3r2kr/pp3R2/2pp2p1/7q/3nP1R1/3B3P/PPP3P1/5Q1K w - - 1 35,f7f6 h5g4 d3c4 d6d5 e4d5 g4g5 d5c6 g8g7 f6f7 g7h6 c6c7 d8e8,3025,118,87,1359,crushing defensiveMove middlegame pin veryLong,https://lichess.org/uON3YMRS#69,
d0FL5,8/4r1p1/1p4P1/2kBpK1P/p1P5/P7/1P6/8 b - - 2 36,b6b5 f5e4 e7d7 h5h6 g7h6 d5f7 d7d4 e4e5 d4g4 c4b5 g4g2 e5f6,3047,128,89,1353,advantage defensiveMove endgame quietMove veryLong,https://lichess.org/gCiaL8Fh/black#72,
pxbtH,2r1r1k1/1b3ppp/pq1p4/1p2pPb1/3pP1Q1/P2P2NP/BPP3P1/2R2RK1 b - - 3 20,g5c1 f5f6 c1e3 g1h2 g7g6 a2f7 g8h8 g4h4,3017,125,89,1352,crushing defensiveMove master middlegame veryLong,https://lichess.org/GddRvpi4/black#40,
KlBiR,r4r1k/3np2p/3p1npQ/2p5/1p2P1P1/3P1N2/1PP2P2/qNK3RR w - - 2 22,g4g5 a8a2 c1d2 a1b2 d2e2 f6h5 h1h5 g6h5 g5g6 b2g7,3047,118,88,1349,crushing middlegame pin quietMove veryLong,https://lichess.org/cW70GhTi#43,
PyA6k,8/6p1/4Q1kp/p3Pp2/1q6/7P/5PP1/6K1 b - - 2 37,g6g5 h3h4 g5g4 e6g6 g4f4 g6d6 b4e1 g1h2 e1f2 e5e6 f4g4 d6d1 g4h4 d1a4 f5f4 a4e4 g7g5 e4f3 f2g3 f3g3,3001,132,89,1345,crushing discoveredAttack discoveredCheck endgame queenEndgame sacrifice veryLong,https://lichess.org/bvUIEqFr/black#74,
nRn8J,1nr2n1k/1br1bp2/3pp2B/p6P/1q1PP1Q1/3B2N1/1P3PP1/R3R1K1 b - - 0 26,e7f6 e4e5 d6e5 g3f5 e6f5 g4f5 f6g7 h6g7 h8g7 h5h6,3094,100,92,1344,advantage attraction exposedKing kingsideAttack master middlegame quietMove sacrifice veryLong,https://lichess.org/ndkg9oaj/black#52,
YWr5x,1k6/8/8/pPN1P3/r4p1p/3bp2P/8/2R1K3 b - - 1 52,a4d4 c5d3 d4d3 c1d1 d3c3 e5e6 e3e2 d1d8 b8c7 e6e7,3037,108,90,1340,advancedPawn crushing endgame exposedKing veryLong,https://lichess.org/Nu2D5zRf/black#104,
xyp43,2k2r2/pp6/2n5/3p2Q1/2pP4/2P2KPq/PP6/R3R3 w - - 3 28,f3e3 h3h2 g5g4 c8b8 e1e2 h2h6 g4f4 f8f4,3011,129,87,1339,crushing defensiveMove endgame master veryLong,https://lichess.org/A90DQOgq#55,
8HDJu,8/5p2/3k4/3npP2/8/5K2/1r2N3/3R4 b - - 1 39,f7f6 e2c3 e5e4 f3g4 b2g2 g4h3 g2c2 c3d5 d6e5 h3g3 c2c8 d5e7,3001,108,90,1336,crushing defensiveMove endgame pin veryLong,https://lichess.org/Ui5CpnRg/black#78,
XH3zV,8/p1p1R3/Pp3ppk/1P1P3p/2rr1Pq1/4Q1P1/7P/5RK1 b - - 5 37,d4d5 e7f7 d5d1 f4f5 g4g5 e3g5,3019,113,89,1332,crushing discoveredAttack discoveredCheck endgame long,https://lichess.org/oaLRpeo7/black#74,
tljJJ,8/1p6/2p1Pk2/p2p1P2/P3P1p1/3K4/1P6/8 w - - 0 38,e4e5 f6e7 d3e3 d5d4 e3d4 b7b5 a4b5 g4g3 b5c6 g3g2 d4d5 g2g1q,3004,120,90,1332,advancedPawn crushing defensiveMove endgame exposedKing master pawnEndgame promotion sacrifice veryLong,https://lichess.org/bwXt10l9#75,
Aqt8d,8/7p/8/K2k1p2/1P5P/4pN2/3n4/1B6 w - - 1 59,f3d2 e3d2 b1c2 f5f4 c2b3 d5e5 b3d1 e5e4 b4b5 f4f3 b5b6 f3f2,3007,133,89,1328,advancedPawn crushing endgame quietMove veryLong,https://lichess.org/L8iKx0eK#117,
UccZQ,2r1r1k1/R4Rp1/5b1p/4p3/P3P3/1p3N2/1Pp2PPP/2K5 w - - 0 29,f7b7 e8d8 b7d7 f6e7 f3d2 e7g5 f2f4 d8d7 a7d7 g5f4,3058,131,90,1325,crushing endgame pin quietMove veryLong,https://lichess.org/9FwGGwi0#57,
8n2Jx,8/4k1p1/4P3/5R1P/p7/P4p2/1PK5/5r2 w - - 2 40,f5g5 f3f2 g5f5 e7e6 f5f8 e6d5,3007,119,90,1313,advancedPawn crushing defensiveMove endgame long rookEndgame,https://lichess.org/DwSGVRsS#79,
uxZPc,R7/5k2/3p4/3PpK1p/7b/8/8/8 b - - 1 45,h4g3 a8a7 f7g8 f5g6 g8f8 g6f6 g3h4 f6e6 e5e4 e6d6 e4e3 a7a2 f8f7 d6c6,3032,115,89,1313,crushing defensiveMove endgame quietMove veryLong,https://lichess.org/ldQhuj8n/black#90,
0k2wd,8/p1Pk3p/2rP2p1/1K6/1B4P1/P4P2/2P5/8 b - - 2 36,c6c2 g4g5 c2g2 b5a6 g2g5 a6a7 g5g1 a7b7 g1c1 a3a4,3084,121,89,1312,crushing defensiveMove endgame quietMove veryLong,https://lichess.org/F3er4tfB/black#72,
rJotr,6rk/ppq2p1b/2pb2r1/7N/4P3/1BP1Q2P/PP3PP1/R4RK1 w - - 3 27,g2g4 g6g4 h3g4 g8g4 h5g3 d6c5 e3c5 g4g3 g1h2 g3c3 e4e5 c3c5,3059,108,91,1309,crushing deflection discoveredAttack discoveredCheck kingsideAttack middlegame pin sacrifice veryLong,https://lichess.org/C7tGXSlb#53,
oAqU0,2q5/4n2k/3p1r1p/1prPN3/4Pp2/1Q1P3p/5PPK/R1R5 w - - 0 30,e5c6 c5c1 a1c1 c8g8 g2h3 e7c6,3087,122,87,1306,crushing long middlegame,https://lichess.org/lICWfYH9#59,
RVNdR,3r2k1/5pB1/p1p1qPp1/1p4Qp/5P2/6PK/1P5P/5R2 w - - 10 32,h3h4 d8d5 f4f5 e6e2 g5f4 e2h2 h4g5 g8h7 g3g4 d5f5 g4f5 h2g2 g5h4 g6g5 h4h5 g5f4,3087,130,90,1304,crushing endgame fork sacrifice veryLong,https://lichess.org/Il46SUV3#63,
fTnWW,8/8/4p3/k2pP1pp/8/2PK1P1P/8/8 w - - 0 39,d3d4 a5b6 d4e3 b6c5 h3h4 g5h4 f3f4 c5c6 e3f3 c6d7,3042,142,90,1302,crushing defensiveMove endgame pawnEndgame veryLong zugzwang,https://lichess.org/eBF5HdJ7#77,
j64cz,2r2k2/5ppp/4p3/q3P3/1p1Q3P/2nBRP2/PKPR2P1/8 w - - 1 33,a2a4 b4a3 b2a1 c8d8 d4c4 d8b8,3011,122,87,1300,advantage defensiveMove enPassant long master middlegame,https://lichess.org/gTfpuQlc#65,
HUKMv,2Q3k1/5qp1/4Nn1p/8/1p1P4/r1nBP2P/r4PP1/5RK1 b - - 2 34,f6e8 e6f4 a3a8 c8c6,3032,126,89,1297,advantage middlegame quietMove short,https://lichess.org/9smDLFXV/black#68,
oZFKU,8/8/8/3p4/4k3/4Pr2/4R1K1/8 w - - 4 65,e2d2 f3f5 d2f2 f5h5 g2f1 e4e3 f2e2 e3d3,3042,115,92,1293,crushing endgame quietMove rookEndgame veryLong,https://lichess.org/uJkbH5ff#129,
YYjPk,5rk1/pp1n2pn/2p3Q1/3p2P1/3P2P1/2N3qP/PPP4b/R3R2K w - - 9 22,g6e6 g8h8 e1e3 g3h4,3041,116,91,1285,crushing middlegame short,https://lichess.org/JUqE37xv#43,
FOoMr,1r6/3k1ppp/2n1p3/1q1pPn1P/1b1P4/1Q3N2/r2B1PK1/1RR5 b - - 0 36,f5d4 f3d4 a2a3 b3c2 b5c4 c2c4 d5c4 d4c6,3065,120,86,1284,crushing middlegame veryLong,https://lichess.org/dgqjmieV/black#72,
BDMge,4rk2/3Q4/p1p2rp1/3p2qp/2pP2N1/2P5/PP3PK1/RN5R w - - 0 29,f2f3 f6f7 d7d6 f8g7 b1d2 e8e2,3080,128,89,1282,crushing defensiveMove long middlegame,https://lichess.org/REXmSmnb#57,
S8nGC,r1b2rk1/pp2pp1p/1qn3p1/8/4B3/2N1KN1P/PPP3P1/R2Q3R w - - 1 15,e3f4 b6f2 d1d2 e7e5 f4g5 f7f6 g5h6 f2b6,3006,120,90,1278,middlegame,https://lichess.org/claeLyfI#29,Sicilian_Defense Sicilian_Defense_Accelerated_Dragon
3YtsN,r4r2/1bq2pkp/4p1p1/pp3n1P/3p4/1B3PN1/PPPQ1P2/2K3RR b - - 1 20,b7f3 g3f5 e6f5 h5g6 f7g6 g1g6 h7g6 d2h6 g7f6 h6h4,3054,121,87,1277,crushing middlegame pin sacrifice veryLong,https://lichess.org/mradPYyD/black#40,
BDOaN,8/2bPB3/8/1p3ppp/1P5k/1P6/4K3/8 w - - 0 70,d7d8q c7d8 e7d8 h4g3 d8g5 f5f4 e2f1 h5h4 f1g1 h4h3 g5e7 h3h2 g1h1 f4f3 e7d6 g3f2,3021,116,87,1275,advancedPawn crushing endgame veryLong,https://lichess.org/N9G6jrXn#139,
O5D9I,4b3/p3k3/1p6/P2K2p1/1P2B3/6P1/8/8 b - - 13 65,e7f6 a5b6 a7b6 d5d6 e8h5 e4c6 f6f5 c6d7 f5e4 g3g4,3032,99,91,1272,bishopEndgame clearance crushing endgame quietMove veryLong,https://lichess.org/if7jTkxX/black#130,
JBY91,r5k1/1p2p3/2b3p1/2p3N1/6n1/1P1q1N2/6PP/4QR1K b - - 5 27,a8a2 e1e6 g8h8 f1e1 c6f3 g5f3,3006,123,90,1265,advantage clearance fork long middlegame quietMove,https://lichess.org/zTQ7DRTL/black#54,
666Jy,r2q1k1r/pp1n2p1/2p4n/4p3/4N3/3B1b2/PPP2P1P/R1B1QRK1 w - - 0 14,c1h6 d8h4 e1e3 h4h3 h6g7 f8g8 d3c4 g8g7 e3g5 g7f8 g5g3 f3e4 g3h3 h8h3,3068,132,91,1260,advantage defensiveMove opening veryLong,https://lichess.org/LsFZedPH#27,Zukertort_Opening Zukertort_Opening_Tennison_Gambit
XJ33s,8/2pP2kp/8/p1P1p1P1/R5P1/5K2/Q4Pq1/6r1 w - - 0 43,f3e2 g2f1 e2e3 f1d1 a2e2 g1e1 e2e1 d1e1,3017,125,89,1259,clearance crushing endgame pin veryLong,https://lichess.org/RbTKFTOF#85,
wrqdD,5k2/5p2/QP3rp1/7p/2Bp3P/2b2qP1/P1P2P2/3R1K1R w - - 3 28,a6c8 f8g7 h1h2 f3d1 f1g2 d4d3 c4d3 c3d4 g2h3 d4f2,3089,111,91,1259,advantage clearance middlegame veryLong,https://lichess.org/e9jF6ass#55,
Hwakb,8/8/7p/1pkP4/5Kp1/6P1/7r/1R6 w - - 0 59,f4g4 h2f2 d5d6 f2d2 b1c1 c5b6 d6d7 d2d7,3030,125,88,1256,advantage defensiveMove endgame master quietMove rookEndgame veryLong,https://lichess.org/Qta2Gpff#117,
HS2bz,1r4k1/1q2P1p1/3Q3p/3R4/3Pp3/4P3/2p3PP/6K1 w - - 0 36,d6d8 g8h7 d5c5 b7b3 g1f2 b3f7,3082,114,89,1254,crushing defensiveMove endgame long,https://lichess.org/k7WHvi3q#71,
UZVmF,3b2r1/p7/Pk2p3/3qBpr1/1P1PR1Pp/8/4Q2P/2R3K1 w - - 1 33,h2h3 d5e4 e2f2 e4d5 c1c5 f5g4 c5d5 g4h3 g1f1 g5g1 f1e2 g1g2,3046,133,89,1252,crushing discoveredAttack discoveredCheck exposedKing middlegame pin sacrifice veryLong,https://lichess.org/UfQtIQ6v#65,
juCks,8/8/8/p7/1bK1k2P/1P4P1/P7/8 b - - 0 44,e4f3 h4h5 b4d2 c4d3 d2h6 a2a4 h6f8 d3c4 f3g3 c4b5 g3f4 b5a5,3037,99,92,1252,bishopEndgame crushing endgame quietMove veryLong,https://lichess.org/W2qfmGEU/black#88,
PUi4d,r4nk1/1p5r/p1qbNQ2/2pb1PpB/3p4/3P4/PPPB1R2/4R1K1 w - - 2 31,d2g5 c6e8 h5f3 d5f3,3053,105,90,1251,advantage middlegame short,https://lichess.org/BojTK2kE#61,
vuQ0W,8/1p4pp/p7/3k1p2/PP3P2/3K3P/6P1/8 w - - 0 33,g2g4 b7b6 g4f5 b6b5 h3h4 b5a4,3058,116,89,1241,crushing endgame long pawnEndgame quietMove zugzwang,https://lichess.org/magYmSiC#65,
SSEZS,6r1/pp2kp2/3q3p/2bppPr1/6NQ/1P3R2/P1P3PP/4R2K w - - 3 30,e1e5 e7f8 e5e6 f7e6 f5e6 f8e8 g4f6 e8d8 f6g8 d6e5,3004,122,87,1240,advantage defensiveMove middlegame veryLong,https://lichess.org/oq3ATlVj#59,
ErHfW,r4rk1/pp2Rp2/b1p2qpQ/2P4p/3P4/5N1P/PP3PP1/4R1K1 w - - 1 24,f3e5 f6e7 e5g6 e7e1 g1h2 f7f5 h6h8 g8f7 h8h7 f7f6 h7h6 f6e6 g6f4 e6d7 h6d6 d7e8,3015,118,88,1238,crushing hangingPiece middlegame quietMove veryLong,https://lichess.org/HIL2ysZp#47,
Ue5mD,8/3kP3/2p5/2P5/5P1p/1p2K2P/1r6/6R1 w - - 1 53,g1g7 b2h2 f4f5 h2h1 e7e8n d7e8 g7b7 h1h3,3001,121,90,1230,crushing endgame rookEndgame veryLong,https://lichess.org/bVuSt1m3#105,
ZcQ5s,6k1/2p2r2/1p1pQ3/p2P3p/2P2qp1/P5RP/6K1/5B2 w - - 2 34,e6g6 g8f8 f1d3 f4d2 g2h1 f7f2 g3g2 d2c1,3043,101,91,1230,advantage clearance defensiveMove endgame quietMove veryLong,https://lichess.org/jhBiTL9l#67,
c7Gh6,2r2rk1/6p1/3b4/1N2n1p1/2b1P1P1/6QP/PP4K1/5R2 w - - 2 29,b5d6 c4f1 g2g1 c8c5 g3e3 c5c7,3032,125,87,1219,advantage defensiveMove long middlegame quietMove,https://lichess.org/8rQuJhEW#57,
rf24T,5r1k/2qP2bp/p5p1/1pN5/1P6/2r5/3Q1P1P/4R1K1 b - - 2 35,g7f6 e1e8 c3c5 e8f8 h8g7 f8f6 c5c1 g1g2 c7c4 f2f3 c4f1 g2g3 f1g1 g3h3,3076,120,90,1212,crushing defensiveMove fork middlegame quietMove veryLong,https://lichess.org/SWg58V9s/black#70,
fS3sG,1qk2b2/Qp5r/1B1p2p1/1P1P2np/P1P3P1/5PK1/3r4/R3R3 b - - 1 34,h7e7 a7b8 c8b8 g4h5,3029,128,88,1211,crushing middlegame short,https://lichess.org/u2IlJpZu/black#68,
qSCEY,2r1kb1r/p4ppp/1pn1p3/8/3NP3/q1PQ2B1/b1R1BPPP/4K2R b Kk - 1 17,f8c5 d3a6 e8g8 a6a3 c5a3 c2a2 c6d4 c3d4 a3b4 e1d1,3068,134,90,1210,advantage capturingDefender defensiveMove middlegame veryLong,https://lichess.org/Lzk1QMXm/black#34,Queens_Pawn_Game Queens_Pawn_Game_Accelerated_London_System
330gQ,1k6/4b2P/7r/3K4/R3N3/p7/8/8 w - - 2 58,e4c5 h6h5 d5c6 h5c5 c6d7 c5h5 h7h8q h5h8 d7e7 h8h7 e7d8 h7h3,3040,132,88,1207,crushing defensiveMove endgame veryLong,https://lichess.org/q0nNE3G3#115,
XJVth,1r3k2/pp3p2/4pQp1/3pP3/P1nP1PP1/5K2/1P2N1R1/7q w - - 5 34,e2g3 c4d2 f3f2 h1h3 f4f5 b8c8 f5g6 d2e4,3032,119,90,1207,crushing endgame pin quietMove veryLong,https://lichess.org/itbYQcaS#67,
mzTuz,4Q3/2r2ppk/1p2p2p/8/3P1q2/PP1R1N1P/4nPP1/2r1RK2 w - - 7 28,f1e2 c7c2 e2f1 c1e1 f1e1 f4f5,3019,99,91,1207,crushing long middlegame,https://lichess.org/bjDcfbS5#55,
R0oIp,1r1q2k1/2p2ppp/p1Q3b1/3Pb1P1/1PP2n2/P1NB1P1N/3K3P/7R w - - 2 25,h3f4 d8g5 d2c2 g5f4 d3g6 f4f3,3005,118,88,1202,crushing long master middlegame pin,https://lichess.org/mpDA9h4V#49,
wu1jQ,6k1/4pqb1/p7/1p3p2/2p2Pr1/2P1Q3/PP3K2/4R2R w - - 4 33,f2f3 f7d5 f3e2 g4g6 e3h3 g6e6 e2f2 d5d2,3037,106,92,1199,crushing endgame quietMove veryLong,https://lichess.org/0USeWik0#65,
nG0zN,5r2/5rk1/2Q4p/2p1q1pP/3n4/1PNP4/2P2p1R/5R1K w - - 5 38,c6e4 e5d6 e4g6 d6g6,3027,121,90,1197,advantage master middlegame short,https://lichess.org/UUtMWz65#75,
UkC3Q,1rnqr1k1/pb3pbp/1p1P2p1/2pNn3/2B2BP1/5N2/PP5P/R2Q1RK1 w - - 0 19,f3e5 e8e5 f4e5 g7e5 f1f7 g8h8 f7b7 b8b7,3014,124,88,1195,advantage middlegame veryLong,https://lichess.org/FaIjnHsY#37,Modern_Defense Modern_Defense_Other_variations
oQLLU,r1bq1rk1/ppp2p2/5n1Q/2b1p1N1/4P3/2Np4/PP1K1PPP/R6R b - - 1 13,c5f2 c3d5 f2e3 d2e1 d3d2 e1e2 c8g4 e2e3 f6d5 e4d5 g4f5 h1f1,3016,122,87,1194,crushing defensiveMove middlegame veryLong,https://lichess.org/8Dvd4aw8/black#26,Bishops_Opening Bishops_Opening_Vienna_Hybrid
M39Nj,1nkr2r1/Qpp1q2p/4p3/1P2P2p/2N2p1P/2P1p1P1/P3PP1K/R4R2 w - - 0 21,b5b6 e7g7 f1g1 e3f2,3016,132,89,1191,advancedPawn advantage middlegame short,https://lichess.org/eVtillwl#41,
xogwd,2kr3r/ppp2ppp/3b4/3N3q/4PBn1/3B4/PPP2P1P/R2Q1RK1 w - - 0 14,f4d6 d8d6 g1g2 h5h2 g2f3 h8e8,3006,113,90,1189,crushing long middlegame,https://lichess.org/9bPA9WpG#27,Philidor_Defense Philidor_Defense_Other_variations
Q4GcA,r5nr/pp5p/3P1pk1/q1p2bB1/2B4P/5N2/P1n2PP1/3Q1K1R b - - 1 19,f6g5 d1d5 a8f8 g2g4 a5e1 f1g2,3020,112,89,1187,crushing long middlegame,https://lichess.org/oRcqZunY/black#38,Englund_Gambit_Complex Englund_Gambit_Complex_Englund_Gambit
a5AgW,k7/1p5p/p7/2P1Q3/P3pp2/1P1rq2P/6P1/3R3K w - - 0 36,e5e8 a8a7 d1d3 e3d3 e8e6 f4f3 e6b6 a7b8 g2f3 e4f3 h1h2 f3f2 c5c6 f2f1n h2g1 d3e3 b6e3 f1e3,3080,143,90,1183,advancedPawn crushing endgame master masterVsMaster promotion underPromotion veryLong,https://lichess.org/FrQ2HXZ6#71,
C7B3Z,8/5k2/Pp3p2/1N3P1p/1P6/2P5/1K6/6r1 b - - 1 51,h5h4 b5d6 f7g7 a6a7 h4h3 d6e4 h3h2 e4f2 g1f1 a7a8q,3016,102,89,1176,advancedPawn advantage endgame promotion quietMove veryLong,https://lichess.org/Ig9axgAI/black#102,
nkhEw,3q2k1/5p1p/p3p1pP/1p2P1P1/1P3Q2/8/5P2/5K2 b - - 2 44,d8f8 f4f6 a6a5 b4a5 b5b4 a5a6 b4b3 f6f3 f8c8 f3b7 c8c4 f1e1,3028,106,90,1175,crushing defensiveMove endgame queenEndgame veryLong,https://lichess.org/05m5AVRX/black#88,
ycpS7,2rr2k1/6p1/5p1p/p3p1P1/1bP1Q2P/1Pq3B1/5PK1/1R1R4 b - - 0 27,h6g5 h4g5 d8d1 b1d1 c3b3 e4g4 f6f5 g4f5,3006,129,90,1175,advantage middlegame veryLong,https://lichess.org/KJtD3hTS/black#54,
6YUsV,5rk1/1r3pp1/2p4p/2q1pR2/4P3/PBN1PQ2/1KP3PP/8 w - - 7 24,c3d1 f8d8 f3e2 d8a8 a3a4 a8a4,3020,121,87,1171,crushing long middlegame pin,https://lichess.org/FVhJP81n#47,
gvq36,6k1/4K3/4P3/8/5r1p/8/3R4/8 b - - 1 65,h4h3 d2d3 f4h4 e7d8 g8g7 e6e7,3035,105,92,1167,advancedPawn crushing endgame long rookEndgame,https://lichess.org/BrVhsl31/black#130,
rY6EU,1r6/1r4k1/q2p2Pp/2b1pP1N/p1PnP2P/4Q3/PP5R/1KR5 b - - 2 41,g7g8 e3h6 d6d5 f5f6 b7b2 h2b2 b8b2 b1a1 b2b1 c1b1 d4c2 a1b2 c5a3 b2c2 a6c4 c2d2 a3b4 b1b4 c4b4 d2d1,3036,110,91,1166,crushing defensiveMove master masterVsMaster middlegame veryLong,https://lichess.org/ydsKTLWY/black#82,
IIq9o,8/1pp2kp1/1b2p3/3p1pP1/qP1P1Pr1/1NR1P3/6Q1/B3K3 w - - 2 33,g2h3 a4a2 e1f1 c7c6,3010,119,89,1165,advantage defensiveMove middlegame short,https://lichess.org/2snQTFdA#65,
uvS0d,r5k1/1p1q1pb1/2p2np1/2Pp4/p2P2P1/B1P1r1N1/P3B3/1R1QK2R w K - 4 25,e1f2 d7c7 e2f3 e3c3 a3c1 f6e4 g3e4 d5e4,3045,117,90,1157,crushing exposedKing middlegame veryLong,https://lichess.org/7SOeW7yf#49,
bxhOl,rn1r4/p1q1bQpk/bp2p3/2p1N3/1n1PNP2/4P3/PP3KPP/R1B4R b - - 2 16,b4d3 f2g1 d3e5 e4g5 e7g5 f7c7,3002,120,89,1153,advantage defensiveMove long middlegame sacrifice,https://lichess.org/uLven0yp/black#32,Queens_Pawn_Game Queens_Pawn_Game_Colle_System
Zi9Xg,8/8/p2p1k1P/1p1P3P/3Pp3/4PpK1/8/4B3 w - - 1 56,g3h4 b5b4 e1g3 f6f7 h4g5 f3f2 g3f2 b4b3 f2g3 b3b2 g3d6 b2b1q,3039,110,91,1150,advancedPawn bishopEndgame crushing endgame promotion quietMove veryLong,https://lichess.org/Vt9aUHBH#111,
hbFbA,6k1/1bq1r1p1/p2b2Q1/P2p2P1/3P4/2B2BP1/5nK1/2R5 w - - 0 31,g2f2 d6g3 f2g2 g3f2 g6h5 c7g3 g2h1 e7f7,3059,111,91,1150,clearance crushing middlegame veryLong,https://lichess.org/YPqaauh3#61,
lFmrx,r2r2k1/p3pp1p/2Q3p1/q7/2B5/1PN1bP1b/PB3P1P/R1R3K1 w - - 0 21,c3d5 e3c1 a1c1 a5d2 c4f1 d2g5,3044,116,89,1150,advantage long middlegame,https://lichess.org/QmMe6Thb#41,
4iTHi,6rk/8/3Pp3/1P2Ppq1/8/P6p/1Q4PP/6RK w - - 0 41,a3a4 g5e3 d6d7 h8h7 g1d1 e3e4 d7d8q g8d8 d1g1 e4e3,3097,128,91,1149,crushing endgame pin veryLong,https://lichess.org/kEDDMB2U#81,
Dl69D,5rk1/p1p4p/3q1bp1/3P3n/2Q5/3B4/PP3P1n/R1B1RK2 w - - 0 21,f1g2 f6d4 e1e8 f8e8 c4d4 e8e1,3040,127,87,1149,advantage long middlegame,https://lichess.org/e0F1o6FS#41,
iGz0M,8/8/1R3PK1/3kp3/6P1/1p3r2/8/8 b - - 5 56,e5e4 b6b4 e4e3 b4b3,3017,111,88,1149,crushing endgame interference master rookEndgame short,https://lichess.org/077gOKjA/black#112,
mweDi,8/P7/1K6/4k3/1PB5/8/5p2/r7 b - - 2 69,e5d6 c4e2 a1a4 b4b5,3042,121,89,1149,crushing defensiveMove endgame quietMove short,https://lichess.org/tWuNhy9d/black#138,
3KfDO,8/8/5p2/7p/4k1pP/2K5/2P3P1/8 b - - 1 46,e4d5 c3d3 d5e5 d3e3 e5f5 c2c3 f5e5 c3c4,3033,121,89,1144,crushing defensiveMove endgame pawnEndgame quietMove veryLong zugzwang,https://lichess.org/GgNaxa7a/black#92,
q4FON,5r1k/p4pb1/br2p2p/q1p2pNB/2p5/1P4PQ/P4PK1/3R3R b - - 1 28,h8g8 h5f7 f8f7 d1d8 f7f8 h3h5 b6b7 d8f8 g8f8 g5e6,3009,113,88,1141,attraction crushing kingsideAttack middlegame sacrifice veryLong,https://lichess.org/Osb3vUKk/black#56,
hOKl8,8/8/1b1N1k2/5pp1/8/5KP1/7P/8 w - - 0 45,d6c8 g5g4 f3g2 b6c5 h2h3 f6e5 h3g4 f5g4 g2f1 e5d4 f1e2 d4e4,3022,124,86,1137,crushing defensiveMove endgame quietMove veryLong zugzwang,https://lichess.org/2xhnPorC#89,
0eqFQ,rnbq1rk1/pp3pp1/4p2p/2pp3Q/7P/1BPP4/P1P2P2/R1B1K2R b KQ - 1 14,b7b5 c1h6 d8f6 h6g7 f6g7 e1e2 g7h7 a1g1 g8h8 h5f3 f7f6 g1g5,3029,123,87,1133,advantage clearance middlegame veryLong,https://lichess.org/1cowY9ze/black#28,Sicilian_Defense Sicilian_Defense_Bowdler_Attack
WtSWi,8/4k3/1p1q1p2/p2P2p1/P3P3/5PP1/2Q3K1/8 w - - 5 47,c2c6 d6c6 d5c6 e7d6 f3f4 g5g4 c6c7 d6c7 f4f5 c7c6 g2f2 b6b5 a4b5 c6b5,3008,117,87,1131,crushing endgame queenEndgame quietMove veryLong,https://lichess.org/2PZnknnz#93,
SRLob,3r4/5P2/2Q1k2p/6p1/1P1q4/Pb1np1P1/6K1/5R2 b - - 4 51,d4d6 f1f6 e6f6 f7f8q f6e6 c6e4,3027,117,87,1128,advancedPawn attraction crushing endgame exposedKing long pin promotion,https://lichess.org/JLMqi8sn/black#102,
zj64t,r2k1b1r/p1p1pppp/1nQ5/2P5/8/8/P3q1PP/RN3RK1 b - - 0 15,e2c4 b1a3 c4e6 a1d1 d8c8 c6f3 c7c6 c5b6,3089,114,86,1128,advantage clearance middlegame veryLong,https://lichess.org/8i8GiYh1/black#30,Alekhine_Defense Alekhine_Defense_Four_Pawns_Attack
KtnDm,r4k1q/bpp4P/p5p1/2p2p2/b2n4/P3Q3/1P3PP1/2K1R2R b - - 3 25,d4c6 g2g4 c5c4 e3h6,3043,136,86,1127,advantage middlegame short,https://lichess.org/9SCXu8zm/black#50,
YYURW,6k1/1pq3p1/p1pb1p1p/3p1Q2/5P1B/2P3PK/PP1r4/4R3 b - - 1 23,g7g5 f4g5 h6g5 e1e8 d6f8 h4g5 c7f7 e8f8,3036,122,90,1126,advantage endgame exposedKing intermezzo kingsideAttack veryLong,https://lichess.org/w8gzHljO/black#46,
5Brjw,8/pb5p/4p1k1/2p5/2P1pP2/1P6/P2qBPKP/Q7 w - - 1 33,e2g4 d2f4 g2h3 h7h5 g4h5 g6h5 a1h8 f4h6,3023,102,91,1123,crushing endgame veryLong,https://lichess.org/fT93usgf#65,
NiD5J,4rk1r/3R4/ppQ1pq2/2p3pp/P1P5/1PbRP1P1/5PP1/6K1 b - - 1 32,c3b4 e3e4 g5g4 c6c7,3040,136,86,1123,advantage master middlegame quietMove short,https://lichess.org/CGjVNLfw/black#64,
wDm28,4qrk1/1b2b1p1/1p2p2p/1P1pP3/8/3BBNPQ/r2N4/2KR4 w - - 0 23,e3h6 e8c8 d2c4 f8f3 h6g7 a2a1 c1c2 f3f2 d1d2 f2d2 c2d2 e7b4 d2c2 g8g7,3015,128,87,1122,attraction crushing deflection exposedKing middlegame pin queensideAttack veryLong,https://lichess.org/0LsW1PkM#45,
F7F2x,4r2k/p5p1/1q5p/5p2/1PPR4/7P/P2Qr1P1/3R3K w - - 1 37,d2c3 e8e3 d4d8 h8h7 c3d4 b6g6 d4d5 g6g5 d1f1 e3d3 d5g8 h7g6 g8e6 e2e6,3007,123,90,1120,crushing defensiveMove endgame veryLong,https://lichess.org/SihGTwNJ#73,
kWn6a,r7/5pk1/2bp1qp1/p7/2B1Pp2/1Pp2P1Q/P7/2K4R b - - 1 29,a5a4 e4e5 d6e5 h3h6 g7g8 h1g1 c6e8 g1g6 f6g6 h6g6,3010,123,88,1118,crushing endgame master pin veryLong,https://lichess.org/oUvIzClO/black#58,
oT6Nm,1b2r1k1/1p3pp1/p1p3n1/7Q/1P1P4/P5PP/1BBq1P2/R5K1 w - - 0 24,c2g6 f7g6 h5g6 e8e7,3053,127,88,1117,advantage defensiveMove middlegame short,https://lichess.org/XBmSNHKh#47,
7gSGF,8/1RR2pk1/4pp1p/3p4/2b5/p3P2P/5PPK/r7 b - - 3 34,a3a2 c7f7 g7g6 g2g4 g6g5 b7a7,3010,96,91,1114,advantage endgame long quietMove,https://lichess.org/qmSwPZqs/black#68,
z0rsi,2k3r1/1bq1bp2/1R1pp3/8/2PpP2p/PQ1P1BrP/N5PK/5R2 w - - 0 27,f1b1 d6d5 h2h1 c7f4 b3d1 d5e4,3013,123,87,1110,clearance crushing long middlegame,https://lichess.org/MAWvuREb#53,
pg7o8,8/R5p1/3p4/2pKbBP1/2P5/3P4/pr6/1k6 b - - 0 55,a2a1q d3d4 b2c2 f5c2 b1c2 a7a1 c5d4 d5e4 d4d3 a1a2,3012,109,90,1109,crushing discoveredAttack discoveredCheck endgame veryLong,https://lichess.org/h9jifdVT/black#110,
FJlfj,2R5/8/6p1/Pp2b1k1/1Pb5/4K3/8/8 b - - 0 55,e5c3 a5a6 c3b4 e3e4 c4e6 c8c1 e6h3 c1g1 g5h4 a6a7 b4c5 a7a8q,3075,134,87,1107,advancedPawn crushing endgame promotion quietMove veryLong,https://lichess.org/CD2SqmUF/black#110,
1lJuV,2k3r1/pp2npr1/4p3/1P1P4/3P1B1p/5QPq/P4P2/R3R1K1 b - - 0 23,e7d5 a1c1 c8d8 f3a3 d5b4 f4e5 f7f6 e5f6 d8d7 f6g7,3005,121,88,1105,crushing fork master middlegame veryLong,https://lichess.org/Tv7YScWp/black#46,
F5l9J,1k2r3/1pp2p1p/p4p2/3Q4/5q2/7P/P1B3PK/2R4R w - - 6 25,h2g1 f4c1 c2d1 e8e2 d5d8 b8a7 d8d4 c7c5,3064,122,89,1104,advantage endgame fork hangingPiece pin veryLong,https://lichess.org/rcp8FfSQ#49,
4TSYx,7r/p2N1kbp/2Q2p2/4p2R/1B3nP1/2P5/q1P2P2/2K5 w - - 0 28,d7c5 a2a1 c1d2 h8d8 c5d7 a1a2 h5h7 a2e6 c6e6 f4e6,3082,120,86,1095,advantage middlegame pin veryLong,https://lichess.org/Y0GePqhw#55,
dQc4Z,5rk1/pq1nR1P1/1p3r2/3p1p2/3Q4/8/PP5P/5R1K b - - 0 31,f8f7 e7e8 g8g7 f1g1 g7h7 e8e7,3040,120,86,1094,crushing exposedKing long middlegame,https://lichess.org/BrgS7mdF/black#62,
sad2z,r1b1qrk1/1pp3b1/3p2p1/p2P1pB1/1PP1p2P/8/P1B1N3/R2QK2R w KQ - 0 18,b4b5 f5f4 g5f4 c8g4 f4e3 f8f3,3008,119,88,1093,advantage clearance long master middlegame quietMove,https://lichess.org/Y3uA0BcE#35,Kings_Indian_Defense Kings_Indian_Defense_Semi-Averbakh_System
oBi21,1r5k/4n1q1/5p1p/p1p1p2R/2PpBbPB/3P1Q1P/r3P3/5R1K b - - 1 39,b8b2 h4f6 g7f6 g4g5 f6f7 h5h6 h8g8 f1e1 b2e2 e1e2 a2e2 f3e2,3010,120,87,1090,crushing exposedKing interference middlegame pin quietMove sacrifice veryLong,https://lichess.org/7XjjduMc/black#78,
qxg9c,2k5/2q2p2/P7/1NPp4/3P2n1/4P2r/4K3/1R2QN1r b - - 0 38,h3h2 e2d3 g4f2 d3c2 f2e4 c2b3,3009,123,90,1089,advantage defensiveMove long middlegame,https://lichess.org/nRPGnOBC/black#76,
7UKSe,8/5kp1/2p2p1p/1p1p4/pP1P2P1/P1P2P2/6P1/4K3 b - - 0 32,h6h5 g4h5 f7e6 e1f2 e6f5 g2g4 f5f4 f2g2 f6f5 g2h3,3029,113,87,1087,crushing defensiveMove endgame pawnEndgame veryLong zugzwang,https://lichess.org/MA0AKhKX/black#64,
UhTgn,2Q5/5pk1/1q1p1b1p/3Pp1p1/1p2P3/5NP1/5r1P/3B1R1K w - - 0 29,f1g1 b4b3 f3h4 b6b4 d1f3 b4d2,3021,123,87,1086,clearance crushing long middlegame,https://lichess.org/bJob4NGV#57,
Eivan,5k2/4RB1p/2P3pb/3N4/4P3/7P/p2p1PP1/1r1R2K1 w - - 1 34,c6c7 b1d1 g1h2 d1c1 c7c8q c1c8 f7e6 h6f4 g2g3 c8c7,3031,120,89,1084,advantage endgame hangingPiece veryLong,https://lichess.org/JdUZyNts#67,
ovOcE,r7/ppp1Q1kp/1q3rp1/3P4/4b3/8/PP1KN1PP/5R2 b - - 1 23,g7h6 f1f6 b6b2 d2e3 e4d3 e2f4 d3f5 f6f7,3053,112,91,1081,advantage middlegame veryLong,https://lichess.org/P4yJ0C14/black#46,
5IFW5,1k4r1/1pN4p/pq5r/8/P7/2R5/1P3P1Q/5R1K w - - 1 26,c7a6 b8a7 c3h3 b6a6 f1g1 g8g6 g1g6 h6g6 h2g2 g6g2,3080,132,90,1080,collinearMove crushing middlegame pin veryLong,https://lichess.org/bYeaMECn#51,
CUocm,8/8/2p1kppp/p7/P1PPK1PP/8/8/8 b - - 0 38,e6d6 h4h5 g6h5 g4h5 d6e6 e4f3 e6f5 f3e3,3003,104,89,1078,crushing defensiveMove endgame pawnEndgame veryLong zugzwang,https://lichess.org/5c6saYnL/black#76,
r8xBS,6k1/r5p1/3p4/2p1qp2/2P1P2P/3P2R1/6PK/2Q5 w - - 0 38,c1e1 a7a3 e1e2 d6d5 c4d5 c5c4,3050,125,88,1078,crushing endgame long,https://lichess.org/JEhfiDPW#75,
5kMHm,5r2/5pk1/1pR2n2/1P2p2q/2Q1B1p1/3P2P1/4PPK1/8 w - - 2 40,g2g1 f8a8 c4c3 f6e4 d3e4 a8d8,3008,100,92,1075,crushing defensiveMove endgame long quietMove,https://lichess.org/LIVxRH1V#79,
gjH2Q,5Bkb/p4p1p/2np2pP/2p5/4P3/q1P2QPb/Pr3P2/2R1R1K1 w - - 0 23,f8d6 h8d4 e4e5 d4f2 g1h1 f2e3,3081,121,89,1073,advantage fork long master middlegame,https://lichess.org/Apo6EXWL#45,
ecZ1o,r4k1r/p4ppp/1p3q2/8/Q3p1b1/1B2K3/PP2N1PP/R1B4R w - - 3 18,h1f1 f6f1 a4c4 b6b5 c4b5 a8d8 c1d2 f1g2 d2b4 f8g8,3012,126,86,1069,advantage hangingPiece middlegame quietMove veryLong,https://lichess.org/w6whUg3y#35,Queens_Gambit_Declined Queens_Gambit_Declined_Normal_Defense
1xmhK,5rk1/1pp3pp/p1Pb4/6q1/7n/1P1R2P1/PBPN2rP/R2Q1NK1 w - - 1 24,g1h1 g5f5 d1e1 f5h3 e1e4 f8f2 e4d5 g8h8,3005,125,88,1068,advantage clearance defensiveMove middlegame veryLong,https://lichess.org/3kNYnp9n#47,
PKWHj,8/6p1/1p1k1p1p/p2pp2P/2PP1PP1/PP2K3/8/8 b - - 0 37,e5f4 e3f4 a5a4 c4c5 b6c5 d4c5 d6c5 b3a4 f6f5 a4a5 f5g4 f4g4,3075,142,88,1067,crushing endgame pawnEndgame quietMove veryLong,https://lichess.org/mJJdcg1G/black#74,
gWuNK,rn1q1rk1/1p4pp/p2b1p2/3b4/3N2nB/8/PPP1QPPP/RN2KB1R w KQ - 4 12,d4e6 d8a5 b1c3 d6e5 e6f8 e5c3,3007,134,87,1067,advantage long opening sacrifice,https://lichess.org/Ckiv6a8O#23,Sicilian_Defense Sicilian_Defense_Other_variations
LgGiL,2R5/4qpkp/Np4p1/n7/3b1PQ1/7P/P3B1P1/6K1 w - - 1 30,g1h2 e7e3 c8c7 h7h5 c7f7 g7f7,3000,114,90,1066,advantage long middlegame,https://lichess.org/C4X1fa4O#59,
kJZBU,2r5/R7/7P/1p4K1/1k6/p4P2/8/8 w - - 1 56,g5g6 c8g8 g6h5 g8f8 h6h7 f8f3 a7f7 f3h3,3073,132,86,1066,advantage endgame rookEndgame veryLong,https://lichess.org/dyEx3p5r#111,
F763T,2k5/8/2P5/3PK3/pb6/1p3P2/1P3BP1/8 w - - 1 52,f2b6 b4f8 d5d6 f8d6 e5d6 a4a3 b2a3 b3b2 b6d4 b2b1q,3068,144,89,1064,advancedPawn bishopEndgame crushing endgame promotion quietMove sacrifice veryLong,https://lichess.org/qJHSpmHO#103,
3GZDT,8/8/8/2P5/5r2/2K2pk1/8/5R2 w - - 2 48,f1g1 g3h3 c3d3 f3f2 g1d1 f4g4,3011,127,90,1049,advancedPawn crushing defensiveMove endgame long rookEndgame,https://lichess.org/QZ5iyC5k#95,
QeFiC,r1b2rk1/1pbn1pp1/2p4p/p3N3/1PpPN1R1/P3Q3/2P2P1q/2K3R1 b - - 1 19,c7e5 d4e5 g7g6 e5e6 d7e5 g4g3,3013,111,91,1047,advantage long middlegame,https://lichess.org/j2Q5VMDI/black#38,French_Defense French_Defense_Exchange_Variation
f3Ns5,2q2r1r/p3k3/1p1bb3/1B1p4/PP1n3P/1NP3p1/6P1/R2Q1RK1 w - - 0 30,b3d4 h8h4 f1f8 c8f8 d1d2 d6f4 d2e1 h4h6,3081,145,90,1046,crushing defensiveMove middlegame veryLong,https://lichess.org/Mzi73OTf#59,
nNoKx,8/8/1P3rp1/4R3/2P3k1/2K2p2/8/8 w - - 0 56,e5e4 g4g3 b6b7 f6f8 e4e3 f8b8 e3e7 f3f2,3018,112,86,1044,advancedPawn crushing defensiveMove endgame quietMove rookEndgame veryLong,https://lichess.org/rjUNWQFC#111,
d2u7D,8/8/8/8/1ppk3p/3p3P/3K4/2R5 w - - 0 50,c1b1 b4b3 d2c1 d3d2 c1d1 d4c3 b1a1 b3b2 a1b1 c3b3 b1b2 b3b2,3039,119,92,1041,advancedPawn crushing endgame exposedKing rookEndgame veryLong,https://lichess.org/Qid67F2s#99,
x7Acs,7k/6p1/2B2p1p/RPr1p3/4P3/6KP/8/5b2 b - - 2 36,g7g5 g3g4 h8g7 a5a7 g7f8 a7b7,3049,126,90,1039,advantage defensiveMove endgame exposedKing long,https://lichess.org/Jqw92nm6/black#72,
Sjq7D,8/pB6/1p6/4kp2/5ppp/3K3P/P5P1/8 w - - 0 48,b7c8 f4f3 g2f3 g4g3 f3f4 e5f4 c8b7 b6b5,3004,108,91,1038,bishopEndgame crushing defensiveMove endgame veryLong,https://lichess.org/DIyMvDqQ#95,
ksxwq,8/8/1p1Pk1p1/p1p1p3/P3P1K1/1P3P2/8/8 w - - 1 49,g4g5 e6d6 g5g6 b6b5 a4b5 d6c7,3022,128,89,1032,crushing defensiveMove endgame long pawnEndgame,https://lichess.org/OtgSGqkG#97,
RhfLI,r4rk1/p5b1/1pp3B1/4p2P/2PnPp2/1PQ2P1q/P6B/2R3RK w - - 7 31,g1g4 d4e2 c3d3 e2c1 d3d7 g8h8 g6f5 f8g8 h5h6 h3h6,3011,142,88,1030,clearance crushing fork master middlegame quietMove veryLong,https://lichess.org/nCtMhYYZ#61,
hLNny,r4rkb/pppq1p2/3p3R/7N/6b1/1P1B2R1/P1PB2P1/7K b - - 1 31,h8g7 d2c3 f7f6 h5g7 d7g7 d3c4 f8f7 h6f6,3013,127,87,1028,advantage middlegame pin veryLong,https://lichess.org/QP1TifXn/black#62,
dO4d6,4k3/R7/N1P5/3Pp3/P1K1Pp2/4bPp1/6r1/8 w - - 1 44,c6c7 g2c2 c4b3 e3a7 b3c2 e8d7 d5d6 d7c8 a6b4 a7c5 b4d3 g3g2 d3c5 g2g1q,3002,114,90,1026,advancedPawn crushing endgame promotion veryLong,https://lichess.org/kBrFE5Iy#87,
9FVgn,8/1pk4R/p7/P1p5/8/1PKP2r1/8/8 b - - 2 42,c7d6 h7b7 g3g1 b7b6 d6c7 b3b4 c5b4 c3b4 g1g4 b4b3 g4d4 b3c3,3096,127,89,1025,crushing endgame rookEndgame veryLong,https://lichess.org/xq5rI7jN/black#84,
KwibC,8/8/3N4/5kpp/5p2/3KbP1P/6P1/8 b - - 1 61,f5e5 d6c4 e5f5 c4e3 f4e3 h3h4 e3e2 d3e2,3087,132,86,1023,crushing endgame veryLong,https://lichess.org/OE60CHw4/black#122,
HwNP0,2r3k1/6pp/8/1P2Pp2/P1q1p3/8/1Qp2PPP/2R3K1 w - - 2 34,a4a5 c8d8 h2h3 d8d2 g1h2 e4e3,3014,125,89,1018,crushing endgame long quietMove,https://lichess.org/SfJBnOch#67,
IKP53,4r1k1/pp3ppp/3P3P/5p2/q4B2/6P1/5P2/2R1R1K1 b - - 7 30,e8d8 e1e7 g7h6 f4h6 f5f4 d6d7 f4g3 c1c4 a4d1 g1g2,3045,116,91,1016,advancedPawn crushing endgame master masterVsMaster veryLong,https://lichess.org/l8HOlAFn/black#60,
Uh927,8/R7/1pk3pr/3p4/8/5NPq/3NPP2/R5K1 w - - 1 34,f3d4 c6d6 d4b5 d6e6 b5c7 e6f5 e2e4 d5e4 a7a5 b6a5 a1a5 f5f6,3035,121,87,1016,crushing endgame veryLong,https://lichess.org/TZfesupD#67,
di8gp,r1r4k/2P3pp/5p2/4p3/1PQpP1q1/1R1K4/5PPP/2R5 w - - 1 32,b4b5 a8a2 c1e1 f6f5 c4d5 f5e4 d5e4 g4e6 b3b1 c8c7,3067,102,91,1016,crushing endgame veryLong,https://lichess.org/QYSSu2c9#63,
2mkLA,8/k2K4/1pB5/2pP4/2P5/1P6/1r6/8 b - - 5 58,b2b3 d7c8 b6b5 c6b5 a7b6 d5d6 b3a3 c8b8 a3f3 b5e8,3005,106,91,1015,crushing defensiveMove endgame master veryLong,https://lichess.org/unPUrwnz/black#116,
oBAVO,3N4/2n1k3/4ppp1/4P2p/2KP1P1P/5P2/8/8 w - - 7 40,e5f6 e7d8 c4c5 d8e8 c5d6 c7b5,3007,101,91,1015,crushing endgame hangingPiece knightEndgame long,https://lichess.org/SityU0hl#79,
2FBVz,4r3/5p2/2kP2p1/2p5/1p2R3/4K3/P1P2P1P/8 b - - 0 32,e8e4 e3e4 c6d6 c2c4 f7f6 f2f3 f6f5 e4f4 d6e6 f4g5 b4b3 a2b3,3067,115,88,1008,crushing endgame quietMove veryLong zugzwang,https://lichess.org/3WXZTnPj/black#64,
o93Qn,r2kb2r/pp2b3/3P3p/4P3/2B1Q3/P1P5/1P3RPK/2q5 b - - 0 29,e7g5 e4b7 g5f4 g2g3 f4g3 h2h3 c1h1 b7h1,3054,103,93,1008,middlegame,https://lichess.org/YJbDpMqi/black#58,
pUct0,8/2p4r/3bk2r/Q1p2qp1/2P1p2P/PP2P1P1/1B3P2/3R2KR w - - 0 29,b3b4 d6g3 d1d2 h7f7 a5c5 g3f2,3055,110,90,1004,advantage kingsideAttack long middlegame quietMove,https://lichess.org/K1OgtiHy#57,
HGYAe,3rkr2/3bnpR1/pQ2P2B/3p3B/3P4/2P5/2q2P1P/5K2 b - - 2 24,d7b5 f1g2 c2e4 f2f3 e4c2 g2h1 c2b1 g7g1,3061,127,86,1002,crushing defensiveMove middlegame veryLong,https://lichess.org/yqhBqOsl/black#48,
a1BqQ,2k5/p1q3r1/4p1r1/2Pp2pp/3Nbp2/7Q/PP3PPP/3RR1K1 w - - 2 32,d4e6 g5g4 h3b3 g6e6 e1e4 e6e4 b3d5 e4b4 a2a3 b4b5,3003,100,91,1000,advantage interference intermezzo middlegame veryLong,https://lichess.org/sn12h6Kl#63,
clxGs,2k3rr/1p3p2/p1nqNQ2/3p4/2pP4/P1N3p1/1PP2P1P/R3R1K1 w - - 0 19,f2g3 g8g3 g1f1 h8f8 h2g3 f7e6,3089,129,89,999,clearance crushing long middlegame pin quietMove,https://lichess.org/kZh9Iueu#37,French_Defense French_Defense_Exchange_Variation
ju5QD,r1bq1rk1/pp3p1p/2p3pQ/2bpP3/8/3B4/PPP1N1PP/R4R1K b - - 3 15,f8e8 f1f7 g8f7 h6h7 f7e6 e2d4,3039,128,89,991,advantage attraction deflection kingsideAttack long middlegame sacrifice,https://lichess.org/vhQIovPn/black#30,Blackmar-Diemer_Gambit_Accepted Blackmar-Diemer_Gambit_Accepted_Ryder_Gambit
2mhhg,7r/p1RQ4/5qpk/8/6P1/4rp2/PP3R1p/7K w - - 0 36,f2h2 h6g5 c7c5 g5f4 d7c7 e3e5 c5e5 h8h2 h1h2 f6h4 h2g1 h4g4,3081,105,92,990,attraction crushing endgame exposedKing sacrifice veryLong,https://lichess.org/4n0inPZm#71,
tyt4p,5r1k/6p1/7p/3R4/3KP3/pP4qP/P1Q3P1/8 w - - 0 38,e4e5 g3f4 c2e4 f4d2 e4d3 d2a2,3006,117,84,990,crushing endgame long,https://lichess.org/uYmxmPk9#75,
TtAoz,3q2k1/pb3pp1/1p2p2p/1NbnP3/6P1/1P5P/PB2QPB1/6K1 w - - 1 24,b5d6 d5f4 e2c4 c5f2 g1h2 f4g2 d6b7 d8d2 b2c1 d2a2,3059,127,86,988,crushing kingsideAttack middlegame skewer veryLong,https://lichess.org/u0Mfh78B#47,
l09jd,r1b2rk1/p4ppp/1p1p2n1/2pNn3/2PqP2P/3N2R1/PP1QB1P1/5R1K b - - 0 21,g6h4 d5f6 g8h8 g3g7 h8g7 d2g5 e5g6 d3f4 f8g8 f4h5 g7h8 g5h6 g6f8 f6g8,3052,120,86,988,attraction crushing fork middlegame pin sacrifice veryLong,https://lichess.org/Ef3Ej7wU/black#42,
sgHm8,r2qr1k1/bppn2p1/4b1Q1/PP1p4/3P1R2/B1NpP3/6PP/5RK1 b - - 4 23,c7c5 b5c6 b7c6 f1f3 a7d4 e3d4,3060,151,84,987,crushing enPassant long middlegame quietMove,https://lichess.org/5jIjBmyp/black#46,
HeQad,8/3k2p1/4np2/K1p3p1/P7/1rPPB1PP/5P2/4R3 w - - 0 40,e1c1 d7c7 c1e1 e6d8 e3c5 d8b7 a5a6 b7c5,3013,118,88,986,crushing endgame fork quietMove veryLong,https://lichess.org/i7NQzUXW#79,
PvVrS,1b3r1k/1p4pp/pN4q1/8/1n2n3/4BNPb/PP2B2P/R2Q1RK1 w - - 3 23,b6d7 e4g3 f3g5 g3f1 d7f8 b8h2 g1h1 h3g2 h1g2 f1e3 g2h2 g6g5 f8g6 h7g6,3070,142,89,984,advantage attraction discoveredAttack fork middlegame pin veryLong,https://lichess.org/hGejBtUZ#45,
P9TBZ,8/p7/1p2p3/3pPk2/3P4/2P1R3/P2K2r1/8 w - - 4 44,e3e2 g2e2 d2e2 b6b5 e2f3 a7a6,3019,128,89,983,crushing defensiveMove endgame long quietMove rookEndgame zugzwang,https://lichess.org/JcCTFwb0#87,
gYhZK,8/5pbk/3p2p1/3Pn2p/1P3n2/2Q2P2/qBR2P1P/5BK1 w - - 3 29,c3c7 e5f3 g1h1 a2b1 b2c1 f4d5 c7c4 d5b4,3030,107,92,981,advantage master middlegame pin veryLong,https://lichess.org/SBF1E7Yy#57,
S97fF,8/N7/6k1/3n2p1/P2Pp2p/5pPP/3K1P2/8 w - - 0 40,g3h4 g6h5 h4g5 e4e3 f2e3 h5h4,3004,120,90,978,crushing endgame exposedKing knightEndgame long master sacrifice,https://lichess.org/KkWatVrK#79,
0XBsj,1kr5/pq6/1p6/5p1p/PP1R4/2P1pP1P/2Q2P2/6K1 w - - 0 30,f2e3 c8g8 g1f2 b7g7 c2d1 g7g2 f2e1 g2h1 e1d2 g8g1 d1g1 h1g1,3019,103,90,977,advantage clearance endgame exposedKing veryLong,https://lichess.org/DPkBb7BE#59,
P6sxB,8/5N1k/2p2P1P/2b2Kp1/8/8/8/8 b - - 0 63,c5e3 f7e5 e3c5 e5g4 c5d6 f6f7 c6c5 f5e6 d6f8 e6d7 c5c4 d7e8,3021,123,86,976,advancedPawn crushing endgame quietMove veryLong,https://lichess.org/qyVgCT5R/black#126,
UVtdz,1k6/p3q1p1/1nP1p1p1/8/Q2P2P1/4P3/PR3K1r/1R6 w - - 1 30,f2e1 h2b2 b1b2 e7h4 e1e2 h4h2 e2f3 h2b2 c6c7 b8b7,3066,131,89,974,advantage endgame exposedKing skewer veryLong,https://lichess.org/0dSjY6MO#59,
xuwep,8/6p1/8/3Ppk1p/5p2/5P1P/4K1P1/8 b - - 3 39,g7g5 e2d2 e5e4 f3e4,3033,109,91,972,crushing endgame pawnEndgame short,https://lichess.org/PA4gsKhJ/black#78,
u6Lez,8/3PR2p/8/6k1/5p2/4p2K/3r2P1/8 w - - 0 50,e7h7 d2d1 h3h2 g5f6,3015,102,87,971,crushing defensiveMove endgame master masterVsMaster rookEndgame short,https://lichess.org/RPib3Xli#99,
dSM7T,4R3/3r1p1p/p4k1B/1p3qp1/8/1P1p2Q1/5PP1/6K1 b - - 1 38,d3d2 h6g5 f5g5 g3c3 f6g6 c3c6 g6g7 c6d7,3001,116,87,970,crushing endgame fork sacrifice veryLong,https://lichess.org/rrTFDa7f/black#76,
IHyvL,8/p7/6p1/1p1k3p/5BP1/1P1K3P/P7/6b1 w - - 0 43,f4e3 g1e3 d3e3 h5g4 h3g4 b5b4 e3f4 d5e6 f4e4 e6f6,3000,104,91,969,bishopEndgame crushing defensiveMove endgame quietMove veryLong,https://lichess.org/mUga5cDC#85,
ZOvpX,8/8/4k1p1/p1p3P1/P1P5/1P1K4/8/8 w - - 3 54,d3c3 e6f5 c3d3 f5f4 b3b4 c5b4 c4c5 f4f5 d3d4 f5e6 d4e4 b4b3 e4d3 e6d5,3001,115,87,968,crushing endgame pawnEndgame veryLong zugzwang,https://lichess.org/8P4nG9a0#107,
uiY9a,8/3b3p/3K3P/4Pk2/1P6/P7/8/8 b - - 3 46,d7e8 d6c5 f5e5 b4b5 e8g6 a3a4 e5e6 c5b6,3032,106,92,965,bishopEndgame crushing defensiveMove endgame quietMove veryLong,https://lichess.org/fS1XECZi/black#92,
vxt6t,1rb5/1p1p2k1/pP1Pp1p1/R3NrP1/5PKp/7P/8/8 b - - 16 45,g7f8 e5g6 f8g7 a5f5 e6f5 g4h5,3027,114,90,965,crushing discoveredAttack endgame long,https://lichess.org/x7fbGPoQ/black#90,
OPhQo,6k1/ppq3pp/4P3/3Pp3/1P3rP1/P2Q4/4B1KP/8 b - - 0 30,e5e4 d3d4 c7c2 g2g3 c2e2 g3f4,3014,122,89,962,endgame,https://lichess.org/7Zv6d2P7/black#60,
N0cSy,2n1rqk1/pp4p1/3b1n1p/PQ2N3/3P4/1b6/3B1PPP/2R1R1K1 b - - 2 25,b3d5 e5d7 e8e1 d2e1 d5c6 b5c6 b7c6 d7f8,3018,120,88,961,crushing middlegame veryLong,https://lichess.org/urqE5bZO/black#50,
Me356,8/7p/1p1p1k2/2p2p2/1PP2K2/P7/5P1P/8 b - - 0 32,c5b4 a3b4 f6e6 f4e3 e6e5 f2f3 f5f4 e3d3,3067,128,86,960,crushing defensiveMove endgame pawnEndgame quietMove veryLong zugzwang,https://lichess.org/FkNTgHvk/black#64,
SSsXJ,8/8/5p2/ppp5/4kPP1/1PK3P1/8/8 w - - 0 33,c3c2 a5a4 b3a4 b5a4 c2c3 e4d5 f4f5 d5e4 g4g5 e4f5,3003,101,91,960,crushing endgame pawnEndgame veryLong zugzwang,https://lichess.org/fT4ETgfr#65,
HyB4f,8/8/6p1/4Pp1p/1Q5P/6Pk/PPr2r2/1R4K1 w - - 2 36,b4e1 f2g2 g1f1 g2h2 e1e3 h2h1 e3g1 h1g1 f1g1 h3g3 e5e6 f5f4 e6e7 c2e2 b2b4 e2e7 b4b5 e7e2 b5b6 e2g2 g1f1 g2h2 b1b3 f4f3 f1e1 h2e2 e1d1 e2e8,3045,114,87,959,advantage defensiveMove endgame exposedKing queenRookEndgame quietMove veryLong,https://lichess.org/iZnYQUHu#71,
CBMhJ,5r1k/pp2Rp1p/2p5/5pp1/5b2/1B1P1b1q/PPP2PRP/5QK1 w - - 0 24,e7f7 f8e8 g2g3 h3h4 c2c3 g5g4,3052,128,87,957,crushing defensiveMove long middlegame quietMove,https://lichess.org/dE9ouIN7#47,
wv6GA,8/8/2k1N3/p4p1p/KpP1p1p1/2b4P/5BP1/8 w - - 4 48,e6d4 c3d4 f2d4 g4g3 d4e3 f5f4 e3f4 c6c5 a4b3 a5a4,3055,112,89,955,crushing endgame veryLong,https://lichess.org/ceeAgoah#95,
LvGyK,2R5/5pk1/p3p1pp/3P4/8/3Q3P/qr3PP1/6K1 b - - 0 28,b2f2 d3d4 f2f6 d5d6 e6e5 d4c5 a2b1 g1h2,3007,124,89,954,crushing endgame veryLong,https://lichess.org/JPAiDpFn/black#56,
L0KBZ,8/8/8/3p4/1K2bk1p/1pR5/1P6/8 w - - 1 48,b4b3 e4g2 c3c8 h4h3 c8h8 f4e3,3005,117,87,953,crushing defensiveMove endgame long quietMove,https://lichess.org/yDqhSXdG#95,
J9zN0,8/7k/1p2PK2/2p2P2/2P3R1/1P2r2p/P2p4/8 w - - 4 48,g4g7 h7h6 g7g1 h6h5 g1d1 h3h2,3001,117,88,951,endgame,https://lichess.org/PxV6JO6x#95,
QHadQ,8/6p1/p2kpq1p/3p4/2pP2P1/P1P4P/1P2Q1K1/8 w - - 3 32,e2f3 f6f3 g2f3 e6e5 d4e5 d6e5 h3h4 d5d4 c3d4 e5d4 f3e2 c4c3 b2c3 d4c3 g4g5 h6g5 h4h5 c3d4 e2f3 d4e5,3010,124,87,951,crushing defensiveMove endgame queenEndgame veryLong,https://lichess.org/FRIPayq6#63,
lMv6H,2kr1bnr/pbppqp2/1p2p2p/4P1p1/4N1P1/2PBBQ2/PP3P1P/2KR3R b - - 4 13,f8g7 d3a6 b7a6 e4c5 c7c6 d1d7 d8d7 f3c6 c8d8 c6a8 a6c8 c5d7 e7d7 h1d1,3099,136,88,950,advantage capturingDefender middlegame pin queensideAttack sacrifice veryLong,https://lichess.org/jF3Boigx/black#26,Borg_Defense Borg_Defense_Other_variations
0WfrF,8/8/2k2p1p/1p2p3/4K1PP/PP6/8/8 w - - 1 42,b3b4 c6d6 e4f5 d6d7 f5f6 e5e4 g4g5 h6g5 h4g5 d7e8,3001,131,86,947,crushing defensiveMove endgame pawnEndgame quietMove veryLong,https://lichess.org/F5ZQiRow#83,
oVeGD,2kr4/pp1n4/2pB3p/5Q2/2q1P2b/2N2P1P/P1PK4/1R6 w - - 8 33,b1b4 h4e1 d2e1 c4c3 e1f1 d8g8 e4e5 g8g5 f5d3 c3a1,3036,118,87,946,attraction crushing deflection middlegame quietMove veryLong,https://lichess.org/yYLF6JG6#65,
Ze10V,4k2r/2p5/1p1p4/2bPp1Bp/q1P1Qpp1/3P4/5PPP/1R4K1 b k - 1 24,h8g8 g5f6 c5f2 g1h1,3005,114,89,942,crushing defensiveMove endgame short,https://lichess.org/KFF4P5jz/black#48,
wjNtN,5k2/8/5PK1/1r5P/4p3/p2p4/3R4/8 b - - 0 46,b5a5 h5h6 a5a7 d2h2 a7h7 g6h7 f8f7 h2g2 e4e3 g2g7 f7f6 h7g8 e3e2 g7g1 f6e6 h6h7 d3d2 h7h8q,3016,118,86,941,advancedPawn crushing endgame exposedKing promotion quietMove rookEndgame veryLong,https://lichess.org/jmjBEGpV/black#92,
ZleBS,8/8/4p1p1/1k1p2P1/p2K1P2/RbP5/8/8 w - - 12 60,d4e5 b5c4 e5e6 c4c3 f4f5 d5d4 e6e7 c3b4 a3b3 a4b3,3018,119,89,940,crushing discoveredAttack discoveredCheck endgame veryLong,https://lichess.org/FoqvV4A3#119,
rjCgX,4k3/6p1/4b2p/2qPp3/1p2P1P1/P1p4P/6BK/2Q5 w - - 0 33,d5e6 c3c2 c1f1 c5c7 f1b5 e8e7,3003,112,91,939,advancedPawn crushing defensiveMove endgame long quietMove,https://lichess.org/iQAhQvkw#65,
vRPMN,r3r2k/pq3pbP/1npQ4/4pb2/8/4B3/PpP1BP1P/1K1R2R1 w - - 1 23,g1g7 b6d5 g7g8 h8h7 g8g7 h7g7 d6h6 g7g8 d1g1 f5g6,3000,113,87,939,crushing master masterVsMaster middlegame veryLong,https://lichess.org/j7jrxmyZ#45,
SeOIW,2r3k1/5pp1/2PQ3p/p3P3/5qP1/8/P7/KR6 b - - 2 32,f4g4 b1b8 c8b8 d6b8 g8h7 b8d6,3016,123,87,937,crushing endgame long,https://lichess.org/MQYp83Tv/black#64,
IlQWk,8/2P1nk2/5p2/2K2p1P/5P2/6P1/8/8 b - - 0 57,f7g7 c5d6 e7c8 d6e6 c8b6 e6f5 b6d5 c7c8n g7h6 f5e6 d5e3 c8e7 h6h5 e7d5 e3c2 d5f6,3018,135,82,936,advancedPawn crushing defensiveMove endgame knightEndgame promotion quietMove underPromotion veryLong,https://lichess.org/Dzgg8pAV/black#114,
1xfSq,r3r1k1/pp2ppbp/6P1/3p4/8/3RQN2/q4PP1/4R1K1 b - - 0 22,f7g6 e3e6 g8h8 f3h4,3059,124,87,935,advantage middlegame short,https://lichess.org/4yEUaIt8/black#44,
UDhHi,6k1/r5pp/1n3r2/p1R1pP1B/Pp1pP1Q1/1q6/8/R6K b - - 0 36,b6a4 c5c8 f6f8 f5f6 a4b6 c8f8 g8f8 f6g7 a7g7 a1f1 f8g8 g4h4 h7h6 h5g4 g7f7 f1g1,3011,114,88,935,advancedPawn attraction clearance crushing defensiveMove middlegame pin quietMove veryLong,https://lichess.org/qNt0O8Kb/black#72,
chRyw,4r1k1/p7/7p/1pp2p2/2K5/1PN3P1/PQP2Pq1/R4R2 w - - 0 29,c4b5 g2b7 b5c5 b7e7 c5c4 e8c8 c4d4 c8d8 c3d5 e7e4,3018,127,89,931,crushing endgame veryLong,https://lichess.org/53PqdmGd#57,
1BHew,3R1rk1/p1R2pp1/4r2p/1pb1P2Q/1q6/1PN1n3/1P4PP/7K b - - 4 30,e6e7 d8f8 g8f8 c7c8 e7e8 e5e6 g7g6 h5f3 e3f5 c8e8,3015,119,89,929,advantage attraction kingsideAttack middlegame pin veryLong,https://lichess.org/DEAVBaDv/black#60,
U4CrX,8/2N5/5k2/3p1pp1/2bP4/6PK/5P2/8 w - - 6 45,f2f3 f6e7 c7a8 c4f1 h3h2 f1b5 a8b6 b5c6 h2h3 e7d8,3082,139,90,929,crushing defensiveMove endgame quietMove veryLong,https://lichess.org/PpPqYV7t#89,
E3jV5,8/5p1p/3Pbkp1/8/p1B1pP2/1P4P1/P4KP1/8 b - - 1 33,a4b3 a2b3 e6c4 b3c4 f6e6 g3g4 e6d6 g4g5 d6c5 f2e3,3038,112,91,924,bishopEndgame crushing endgame master quietMove veryLong,https://lichess.org/yNGMNOSC/black#66,
0lNNv,r4rk1/pb2q1pp/4p3/2p5/1nPpB3/1P3N2/P1Q2PPP/R3R1K1 w - - 1 18,e4h7 g8h8 c2g6 b7f3 g2f3 f8f6 g6e4 e7e8,3014,117,87,923,advantage defensiveMove middlegame veryLong,https://lichess.org/udZyz63J#35,Trompowsky_Attack Trompowsky_Attack_Classical_Defense
xAl6W,8/8/3p2pp/p1k5/2P2PP1/P2K4/8/8 w - - 0 35,f4f5 g6f5 g4f5 c5c6 d3d4 a5a4 f5f6 c6d7 f6f7 d7e7,3010,124,87,916,crushing endgame pawnEndgame quietMove veryLong zugzwang,https://lichess.org/3acU1GGe#69,
LXRRd,r5k1/1bqp3p/p1n3nB/1p2b3/3p2Q1/2P5/PPB3P1/5R1K b - - 0 24,e5g7 c2b3 d7d5 g4e6 g8h8 f1f7 c7f7 e6f7 g7h6 f7b7 a8f8 b7c6,3040,126,90,915,advantage fork middlegame veryLong,https://lichess.org/PhWGyFph/black#48,
Vq6xw,5q1k/p4r1p/8/2p1R3/2Pp2Q1/8/PP4PP/6K1 w - - 3 28,h2h3 f7f1 g1h2 d4d3 g4g3 f8b8 e5g5 b8g3 h2g3 d3d2,3020,125,89,915,advancedPawn advantage endgame veryLong,https://lichess.org/RRY7kURI#55,
OFZYO,3r2k1/p2r1p1p/1q4p1/Rp2P3/1Qp5/5b1P/1P3NP1/R5K1 w - - 0 33,g2f3 d7d2 a1f1 d2f2 f1f2 d8d1 g1g2 b6d8 h3h4 d8h4 a5b5 h4g5,3043,128,87,914,clearance crushing exposedKing middlegame sacrifice veryLong,https://lichess.org/ptJ8jpi0#65,
CTA00,r5r1/2q5/1Rp4k/p1Pp4/P2PpP1p/4PbP1/2Q5/5BRK w - - 1 39,f1g2 g8g3 g2f3 g3h3 h1g2 h3f3 g2h2 c7d7 c2g2 f3g3 g2g3 h4g3,3000,120,89,910,crushing exposedKing fork middlegame quietMove sacrifice veryLong,https://lichess.org/ypteHMj2#77,
zP5CG,8/1p3kP1/3bb2P/4p3/pP2B3/P2PP3/1B3rp1/1KR5 w - - 5 46,d3d4 e6f5 e4f5 f2f5 b1a2 f5f2,3058,125,87,908,advantage endgame long master pin,https://lichess.org/Z2f4a4D7#91,
wSKTa,r1q2r1k/pp2Q1p1/7p/2pN2n1/2P5/P2PR1P1/1P3P2/3R2K1 w - - 11 29,d5f4 f8f7 e7e5 c8g4,3048,127,90,906,advantage master middlegame short,https://lichess.org/xD1CJH5h#57,
XdkK3,8/2p2p2/1pPp3p/1K1k2p1/6P1/5PbP/1B6/8 b - - 2 45,g3f2 b2f6 d5e6 f6d8 d6d5 d8c7 d5d4 b5a6,3018,123,87,904,bishopEndgame crushing endgame veryLong,https://lichess.org/5IiM9Op9/black#90,
FHamE,6k1/7p/1p4pb/2n1p3/b3P2q/B4rN1/3p1P1P/1R1R1QK1 w - - 0 31,b1b6 a4d1 a3c5 h4d8 f1d1 f3c3 g1g2 c3c5,3044,107,92,903,crushing middlegame veryLong,https://lichess.org/qUrAmuSk#61,
8s7DS,5bk1/ppq2pp1/2pr2b1/6Pp/3Q2nP/1P2P3/PB1R1PB1/3R2K1 w - - 0 24,d4c3 d6d3 d2d3 c7h2 g1f1 g6e4 f2f3 h2g3 d3d2 g4h2 f1g1 h2f3 g1f1 f3h2,3036,130,87,901,advantage clearance collinearMove fork master middlegame sacrifice veryLong,https://lichess.org/OzMyFZzK#47,
FxX5P,r2r4/1b2npkp/p1n1p3/qp1p2NP/4P3/1BPQ4/P1P2PP1/2KR3R b - - 1 19,d5e4 d3e4 e7f5 e4g4 a5a3 c1b1 d8d1 h1d1 a3e7 g5f7,3042,127,88,901,crushing discoveredAttack discoveredCheck middlegame veryLong,https://lichess.org/vY1Jv3Af/black#38,Sicilian_Defense Sicilian_Defense_French_Variation
OnZeT,1rb2r1k/1p6/p2R1n1p/P1pP1p2/2Nb1P2/2NB2qP/1PQ3P1/5R1K w - - 0 30,d3f5 c8f5 c2f5 b8e8 c3e4 g3d3,3077,130,87,897,advantage clearance long middlegame quietMove,https://lichess.org/XVXqo4Fk#59,
oV0fK,2r2rk1/p4pp1/2p2q1p/2P4P/3PQ3/6R1/4R1PK/8 b - - 0 26,f6f1 e4g4 f1f6 e2e5 c8d8 g3f3,3053,122,88,897,clearance crushing endgame long quietMove,https://lichess.org/Q3jm36yW/black#52,
JZPSA,r1b1kr2/pppp1Npp/2n5/4p3/2B5/6q1/PPPP4/RNBQ1K1R w q - 2 11,d1h5 d7d5 c4d5 c6b4 h5f3 g3f3 d5f3 f8f7,3061,129,89,891,advantage exposedKing opening pin veryLong,https://lichess.org/TJTjcUD9#21,Italian_Game Italian_Game_Two_Knights_Defense
QbtMg,1r2k2r/p4p2/3p3b/2p1PR2/1p3p1p/2PP1Q1B/1q2N3/6K1 b k - 0 27,b4c3 f3c6 e8f8 f5f7 f8f7 c6d7 f7f8 d7f5,3046,138,89,891,attraction crushing master middlegame sacrifice veryLong,https://lichess.org/epFRwkXl/black#54,
9zmo1,2br2k1/pp4p1/1qp1r1P1/4p1Q1/P3P3/1NP5/2P3K1/R2R4 b - - 2 30,d8d6 d1d6 e6d6 a4a5 b6b5 g5h5,3041,123,88,886,crushing long middlegame,https://lichess.org/gTGBJx4O/black#60,
fzA0W,1r1b1r1k/1b3p1p/p2N1PpP/1p4P1/3p2Q1/3q4/PPn3B1/4RRK1 b - - 3 29,b7g2 d6f7 h8g8 f7d6 c2e1 g4e6 g8h8 d6f7,3023,95,92,886,crushing fork middlegame sacrifice veryLong,https://lichess.org/W9vbN8HZ/black#58,
8FlwS,6k1/1b1q1pp1/1b5B/2p1p3/4n2N/1P1P3P/1rP3PK/2Q2R2 b - - 1 23,b2a2 h6g7 d7e6 g7f6 a2c2 c1h6,3001,126,88,885,crushing defensiveMove long middlegame,https://lichess.org/8hkOrCBw/black#46,
l82wS,r4k2/b4ppp/Q3p3/3p4/1P1q2P1/P6P/2bN1P2/R4RK1 w - - 1 22,a1c1 d4f4 g1g2 f4d2 a6c6 c2e4,3041,123,86,882,crushing long middlegame,https://lichess.org/VKOl1puH#43,
7Z0t2,6k1/R4pbp/1pp1q1p1/4p3/2P1P3/1PN2Q1P/1r3PP1/6K1 b - - 0 30,b2b3 f3d1 e6c4 d1d7 b3c3 a7a8 g7f8 d7e7 g8g7 e7f8,3029,106,91,881,crushing endgame pin sacrifice veryLong,https://lichess.org/LWrA8082/black#60,
jxzEt,rn1r4/1b2kppp/p3p3/1B2q2n/3N2Q1/2N5/PPP3PP/1K1R3R b - - 0 16,h5f6 d4f5 e6f5 g4b4 d8d6 b5d3,3036,131,85,881,advantage clearance long middlegame sacrifice,https://lichess.org/qGESNQ9d/black#32,Sicilian_Defense Sicilian_Defense_Najdorf_Variation
5YuxD,r2q1r2/p4pkp/4p3/2ppP1P1/3P4/P1n2N2/1P3PKQ/5R2 b - - 0 26,c3e4 h2h6 g7h8 f1h1 e4g5 g2f1 f8g8 f3g5 g8g7 g5h7 g7g6 h6f4,3014,117,88,879,crushing intermezzo middlegame quietMove veryLong,https://lichess.org/n6w7SC2R/black#52,
DPeKN,3qk3/7p/p1P3p1/3P1p2/1p3K1P/4QP2/8/8 b - - 2 44,e8f7 e3e6 f7f8 f4e5 b4b3 d5d6,3010,97,92,875,crushing endgame long queenEndgame,https://lichess.org/gahS00xq/black#88,
ndchr,k2r4/ppp1bpp1/8/3Q4/P7/2P1qPPp/1P5P/R4R1K w - - 1 26,d5f7 e3e2 f1g1 e7f6 f7h5 d8d2 h5h8 f6d8 h8h3 e2f3 g1g2 a7a6 a1g1 d8g5,3024,122,87,874,advantage defensiveMove endgame pin quietMove veryLong,https://lichess.org/xx2f1sSS#51,
oBHgs,8/1Pk5/2Bp1ppp/2nPp3/2P3PP/4K3/5P2/8 b - - 2 44,c5b7 c6b7 c7b7 e3e4 h6h5 f2f4 h5g4 f4f5 g6f5 e4e3,3097,133,90,874,crushing defensiveMove endgame sacrifice veryLong,https://lichess.org/v4vw5lCW/black#88,
LihU9,r4rk1/1b3p2/2p1p2R/4P3/2p1NP2/2K1P3/p5P1/R7 b - - 1 28,c6c5 e4f6 g8g7 h6h7 g7g6 h7h3,3010,122,88,871,advantage defensiveMove endgame long,https://lichess.org/CnmGdqKl/black#56,
Kj9wf,r1b1qrk1/p1p5/1p1p2pR/1P1Pb3/P1P1PN2/6Q1/5R2/6K1 b - - 0 29,f8f6 g3g5 e5d4 f4g6 d4f2 g1h2 f6g6 h6g6 e8g6 g5g6,3014,125,90,870,advantage exposedKing kingsideAttack middlegame sacrifice veryLong,https://lichess.org/9Dlbsut9/black#58,
dY0KG,1rb1k2r/2q5/2P5/3P4/1b2pP1p/4B2P/4K1N1/R2Q1B1R w k - 0 29,f4f5 c7g3 g2e1 b4c3 d1c1 b8b2 c1b2 c8a6 e2d1 c3b2 a1a6 g3e3,3035,125,87,869,clearance crushing exposedKing intermezzo middlegame sacrifice veryLong,https://lichess.org/exTLFvH5#57,
lvwK0,6k1/5pBp/2p1r2P/2Pp2P1/p7/1q2P1Q1/5PK1/8 b - - 0 31,a4a3 g3c7 e6e8 c7d7 b3b8 g5g6,3055,123,89,868,crushing endgame long,https://lichess.org/ezFGPfDR/black#62,
u1AeO,5r1k/4R1pp/p1p4r/1p1p3q/1P1P4/3Q1P1b/P5P1/1B2R1K1 w - - 0 30,g2h3 h5h3 g1f2 h3h2 f2e3 f8f3 e3f3 h6h3 f3g4 h2g2 g4f5 g2g6,3094,103,92,867,attraction crushing exposedKing kingsideAttack middlegame sacrifice veryLong,https://lichess.org/4rD1cQNu#59,
nkPML,2kr3r/1p1b4/p3pq2/6pp/8/1NP2B2/PP1RQ1PP/2K5 b - - 1 24,g5g4 f3b7 c8b7 b3a5 b7b8 e2a6,3071,105,93,863,advantage attraction deflection long middlegame queensideAttack sacrifice,https://lichess.org/kDu7rPK2/black#48,
TOmVp,r6k/pp3Q2/8/5R1p/7K/1P1q4/8/8 b - - 2 45,d3d8 f5g5 d8d4 h4h3 d4e3 g5g3 e3h6 f7d5 a8f8 g3g5 h6f6 g5h5 h8g7 d5g2,3047,124,87,859,crushing defensiveMove endgame exposedKing veryLong,https://lichess.org/RKZPRPmR/black#90,
NzdhS,r3kr2/3b1p2/p3pQ1p/1p1p1P1B/1Pq5/4P3/6PP/5RK1 b q - 0 23,c4b4 f5e6 d7c6 f1c1 b4e7 e6f7,3097,124,89,857,advancedPawn attackingF2F7 crushing long middlegame,https://lichess.org/sPkwzzct/black#46,
mmByW,8/1p2q2k/p3Prpp/2PQ4/1P5P/P6B/6K1/8 b - - 0 36,e7f8 d5b7 h7g8 g2g1 f6f3 e6e7,3026,116,86,857,advancedPawn crushing endgame long,https://lichess.org/QxEriMst/black#72,
OjYfA,8/5kp1/6p1/pp6/6P1/P3KP1P/8/8 w - - 1 41,f3f4 f7f6 h3h4 f6e7 e3d3 e7d7,3007,115,89,856,crushing defensiveMove endgame long pawnEndgame,https://lichess.org/6GhRQTOd#81,
DKe5l,4rrk1/2p2p1p/p5pq/1p1P4/8/PBP1p1QP/1P3R2/5R1K w - - 0 33,f2f7 f8f7 d5d6 e3e2 b3f7 g8g7 f1e1 e8e3 g3g4 e3h3 h1g2 h3h2 g2g3 h6e3 g3h2 e3f2 h2h3 f2e1 g4d4 g7f7 d4d5 f7f6 d6d7 e1f1,3020,129,90,853,advancedPawn crushing exposedKing fork middlegame sacrifice veryLong,https://lichess.org/rvH8HwcC#65,
kyLlZ,3r3k/1R4pp/p3Q3/3Bb3/2p5/5P1P/6Pq/1R4K1 w - - 5 30,g1f2 e5d4 f2e2 h2g2 e2d1 d4f6,3009,124,90,851,crushing defensiveMove deflection long middlegame pin,https://lichess.org/DQvQ86vD#59,
NdQQg,5rk1/1p1RQrp1/p6p/2p3nq/2P5/P6P/1P3PPK/3RB3 w - - 3 28,e7e3 f7d7 d1d7 f8f3 d7g7 g8g7,3034,123,90,850,advantage clearance long middlegame,https://lichess.org/jRApglWw#55,
zN8Gi,r1q2rk1/p2Nnppp/3Q4/8/4P3/B1b5/P4PPP/RN2K2R w KQ - 0 19,e1f1 c3a1 d7f8 c8c2,3005,126,88,850,advantage opening short,https://lichess.org/yHtrlC25#37,Italian_Game Italian_Game_Evans_Gambit
9xINK,r1bqr1k1/p3bppn/1p2p2B/3p3n/3P4/2N1PN2/PPQ2P2/2KR2R1 b - - 1 16,g8h8 f3e5 e8f8 g1h1 e7h4 c2e2 g7h6 e2h5,3035,121,85,848,advantage middlegame veryLong,https://lichess.org/EI8ZQiwR/black#32,Queens_Gambit_Declined Queens_Gambit_Declined_Harrwitz_Attack
dLvYO,r2r2k1/5q2/5Bp1/p1P2pQp/1p5R/5PR1/5PKP/3q4 b - - 1 38,d8f8 g5h5 d1f3 h5f3 f7f6 f3d5 g8g7 g3h3,3050,116,89,848,crushing defensiveMove exposedKing master middlegame pin veryLong,https://lichess.org/HRfLnmBb/black#76,
vENY7,6r1/1pk2p2/p2pq3/2p1n2p/2PpP3/3P1PPK/PRP5/4QR2 w - - 7 28,h3g2 h5h4 f3f4 e5c4 d3c4 g8g3 e1g3 h4g3,3002,125,87,847,crushing endgame pin veryLong,https://lichess.org/R4LugZPk#55,
Roc1A,2q1k3/4bprp/rn6/p1p2p2/Ppb1pPPN/1B2Q2P/1P1R1B2/3R3K b - - 0 35,f5g4 e3e4 c8e6 e4b7 c4b3 h4f5 g7g6 f5e7 b3d1 d2d1,3036,116,87,845,advantage middlegame sacrifice veryLong,https://lichess.org/PoDBuJ4T/black#70,
0EnFX,8/1R6/2K1p3/2Pp4/1Pk5/8/8/5r2 b - - 0 49,f1b1 c6d7 d5d4 c5c6 d4d3 c6c7,3022,100,92,842,advancedPawn crushing endgame long rookEndgame,https://lichess.org/bnZS7U6V/black#98,
nCKXz,4rbk1/7p/p4BbQ/8/2pP4/p7/1P1K4/3R4 w - - 4 47,h6g5 f8b4 d2c1 a3b2 c1b2 e8e2 d1d2 c4c3 b2b3 c3d2,3026,103,93,842,advancedPawn attraction crushing endgame exposedKing fork veryLong,https://lichess.org/eAyygZRt#93,
0Nns6,rnb3k1/ppbp1qp1/2p2np1/6B1/3R4/2N2Q2/PPP3PP/4R1K1 b - - 5 17,f6h7 f3f7 g8f7 d4e4 c7d6 g5e7,3005,123,87,841,advantage kingsideAttack long middlegame quietMove,https://lichess.org/g61sSmpQ/black#34,Kings_Gambit_Accepted Kings_Gambit_Accepted_Schallopp_Defense
J0H9b,8/6p1/1p6/p2R1rkp/2P5/P2P1P2/1P2K3/8 w - - 3 48,e2f2 f5d5 c4d5 g5f6 f3f4 g7g5 f4g5 f6g5 f2g3 g5f6 d5d6 f6e6,3082,127,90,839,crushing endgame rookEndgame veryLong,https://lichess.org/nFFeiPPU#95,
LWT3f,rn2r1k1/pp3p1b/1qp4Q/4N3/3Pp3/6PP/PPP3P1/R1K2R2 b - - 0 20,e8e6 h6g5 h7g6 e5g6 e6g6 g5e7 f7f6 e7e8,3011,102,93,839,crushing kingsideAttack middlegame veryLong,https://lichess.org/oVnTy5WC/black#40,
zRT54,5rk1/p4pp1/1pR5/3Q1nNp/3P1P1n/6Pq/PP2rB1P/6RK w - - 1 27,g5f7 f8f7 c6c8 g8h7 d5f7 f5h6 c8h8 h7h8 f7f8 h8h7,3025,121,90,835,crushing middlegame sacrifice veryLong,https://lichess.org/Mz2AbXl2#53,
dXufO,8/4B3/8/3p1pp1/3P1b2/3K1P1P/8/2k5 w - - 0 51,e7f6 c1d1 h3h4 g5h4 f6h4 f4c1,3096,119,91,834,bishopEndgame crushing defensiveMove endgame long master,https://lichess.org/drUnpaaJ#101,
8s8nj,8/6pp/3kp3/p1p5/4KP2/1P6/1P4PP/8 b - - 0 29,g7g6 h2h3 h7h5 g2g4 h5h4 g4g5 d6d7 e4f3 d7c6 f3g4 c6b5 g4h4,3043,127,87,831,crushing endgame pawnEndgame quietMove veryLong zugzwang,https://lichess.org/0dsjWNX8/black#58,
o5Wcm,1k1r3r/ppp2p1p/4bq2/Q3Rp2/5P2/3B2P1/PPP4P/2KR4 w - - 3 21,d3f5 d8d1 c1d1 e6f5 e5f5 f6d4 d1e2 h8d8,3007,96,85,830,advantage defensiveMove intermezzo middlegame veryLong,https://lichess.org/oez3ZWu1#41,
9WzKr,4r1k1/Q1p2ppp/3b4/6q1/3P4/P2Br2P/1P3PP1/R4RK1 w - - 0 19,d3h7 g8h7 f2e3 g5e3 f1f2 d6g3 a1f1 e8e5 a7c7 g3f2,3031,126,86,827,advantage middlegame pin quietMove veryLong,https://lichess.org/84rqe5fL#37,Nimzo-Indian_Defense Nimzo-Indian_Defense_Normal_Line
IfcoI,7k/8/2p5/1pP4P/1P1q4/4p3/6PK/4Q3 w - - 0 58,e1g3 e3e2 g3e1 d4e4 g2g4 e4g4,3080,118,86,824,advancedPawn crushing endgame long master queenEndgame,https://lichess.org/rDPs9c26#115,
tVgJL,r1bq2k1/pp3p1p/1bp2np1/3p2N1/3P2PQ/2NBr2P/PPP3K1/R4R2 b - - 1 16,b6c7 g5f7 g8f7 h4h7 f7e6 h7h6 e3g3 g2h1,3039,124,86,824,attraction crushing defensiveMove deflection kingsideAttack middlegame pin veryLong,https://lichess.org/XuVuYtNz/black#32,Bird_Opening Bird_Opening_Froms_Gambit
03dIU,8/4k3/2prBp2/pp3P2/3PK2p/PPP4P/8/8 b - - 2 40,d6e6 f5e6 e7e6 e4d3 e6f5 d3e3,3033,125,89,820,advantage defensiveMove endgame long,https://lichess.org/bICPltU1/black#80,
SDovC,8/3k2pp/1p3p2/3K4/1P6/7P/1P4P1/8 b - - 1 41,h7h5 h3h4 g7g6 b4b5 f6f5 b2b3 d7e7 d5c6 f5f4 c6b6 g6g5 h4g5,3058,122,83,820,crushing endgame pawnEndgame quietMove veryLong zugzwang,https://lichess.org/7T9Jdym2/black#82,
NdP0u,6r1/5R2/2P2p1k/P2P1q1p/4pr2/4P2P/5P2/4Q1RK w - - 2 37,g1g8 f5h3 h1g1 f4h4 f7f6 h6h7 f2f3 h3h1 g1f2 h4h2 f2g3 h1e1 g3h2 e1h4 h2g2 h4f6 c6c7 e4f3 g2f2 f6h4 g8g3 h4c4,3026,125,90,819,crushing deflection endgame exposedKing fork quietMove veryLong,https://lichess.org/l9JNuVLf#73,
K9gzy,5rk1/1b4pp/p1q5/1p2p1R1/4pr1P/P3Q3/1PP1B3/1K1R4 b - - 1 24,f4h4 e3g3 c6h6 g3b3 g8h8 g5f5 g7g6 f5f8 h6f8 b3e6,3021,112,88,818,advantage middlegame veryLong,https://lichess.org/sPFpBIuG/black#48,
aiOem,7r/5p2/5n1P/P4k2/5p2/2BKp3/8/7R b - - 1 50,h8e8 c3f6 f5f6 d3e2 f6e5 e2f3 e5f5 h1h2 e3e2 h2e2 e8c8 h6h7 c8c3 f3g2,3030,111,90,818,advancedPawn crushing defensiveMove endgame master quietMove veryLong,https://lichess.org/Ky1fVC9W/black#100,
0n3AD,7k/ppp3b1/4Bn1p/3P2p1/1BP1p3/1PQ3P1/P5KP/3q4 w - - 4 30,c3e1 d1f3 g2g1 f6d5 b4c5 d5c3 e1f2 g5g4 f2f3 g4f3,3049,116,87,817,crushing endgame quietMove veryLong,https://lichess.org/lKtU78qj#59,
V9DsX,1r6/8/1PP5/5p2/8/8/3K2kp/1R6 b - - 0 50,h2h1q b1h1 b8b6 h1c1 f5f4 c1c4,3085,136,89,817,crushing endgame long quietMove,https://lichess.org/xmHano8O/black#100,
vMasE,4r1k1/pp3ppp/1q2p3/3nP1N1/2rP4/7P/P2Q2P1/3R1RK1 b - - 3 23,d5c3 d2c2 g7g6 c2f2,3007,121,90,815,crushing master middlegame short,https://lichess.org/3BRkOTjO/black#46,
VOKgd,r3qrk1/1b3ppp/p1n1p3/6B1/2Q5/3B1N2/P1P2PPP/3R2K1 b - - 0 25,c6a5 d3h7 g8h7 c4h4 h7g8 g5f6 e8b5 h4g4 g7g6 f3g5,3053,132,88,813,attraction crushing kingsideAttack middlegame pin sacrifice veryLong,https://lichess.org/FUofP6y8/black#50,
GTLWG,5rk1/p6p/1p4pP/5p2/3p1P2/4pQP1/q3R1K1/8 b - - 1 33,a2a6 e2c2 f8e8 f3d5 g8f8 d5d7 e8e7 c2c8 a6c8 d7c8,3076,130,87,809,crushing endgame quietMove veryLong,https://lichess.org/bOGBTL4l/black#66,
qu1eR,2kr4/pp5Q/1qp1p3/4P2P/8/2n1P3/PP3P2/1K4RR w - - 1 27,b1c2 c3a4 b2b3 b6c5 c2b1 a4c3 b1a1 c3b5 g1b1 c5c3 b1b2 d8d2 h7b1 b5a3 h1c1 c3e5 c1c5 e5c5 b2d2 a3b1,3065,126,88,809,clearance crushing endgame pin quietMove veryLong,https://lichess.org/mILbF70i#53,
8Cw8F,1R6/8/8/p1k5/2p5/P3r3/1PK5/8 b - - 4 54,e3b3 b8b3 c4b3 c2b3 c5b5 b3c2 b5c6 b2b3 c6d6 c2d2,3086,105,91,808,crushing defensiveMove endgame quietMove rookEndgame veryLong zugzwang,https://lichess.org/XKZ2cXtP/black#108,
6opjF,8/5p2/p6p/1pP1k1pP/1P1p2P1/P4P2/3K4/8 b - - 1 52,e5d5 f3f4 f7f6 f4g5 f6g5 d2d3 a6a5 b4a5 d5c5 d3e4 b5b4 a3b4 c5c4 a5a6,3051,124,86,805,crushing endgame master masterVsMaster pawnEndgame veryLong zugzwang,https://lichess.org/Icmzr4X4/black#104,
LziU4,4r3/1kpb2bp/Np1p1q2/8/3PP3/RPP3p1/KP2Q1P1/8 b - - 0 31,f6f2 e2c4 c7c5 c4d5 d7c6 d5d6 g7e5 d4e5 f2f7 a6c7 e8c8 c7d5,3035,139,88,803,crushing middlegame veryLong,https://lichess.org/2Rp3eJET/black#62,
lIjyQ,4r1k1/5pp1/R2p4/P2P1P1q/2r1B3/6RP/7K/4Q3 w - - 0 33,e1g1 c4e4 g3g7 g8h8 g7g2 h5h6,3024,124,86,802,advantage long middlegame,https://lichess.org/NwZEzEb1#65,
gdPc5,2r5/6k1/1p1p3p/P3b2n/6q1/2NQ1rP1/1P1B1P1P/R1R3K1 w - - 1 26,d3e2 e5g3 f2g3 h5g3 e2f3 g4f3,3044,118,86,801,advantage long middlegame,https://lichess.org/hLnCMQMd#51,
ya1y4,8/8/7p/b2k2p1/2p5/5NPP/4KP2/8 w - - 2 48,f3d2 a5d2 e2d2 d5e4 d2e2 e4d4 f2f3 d4c3 f3f4 g5f4 g3f4 c3d4 f4f5 d4e5 e2d2 e5f5,3049,117,87,799,crushing endgame veryLong,https://lichess.org/BhAQ88Hk#95,
h1DPE,8/p7/1p4P1/2p1k3/P1p1p1Q1/5pKP/3q4/3N4 b - - 0 39,d2d1 g4g5 e5e6 g3h4 d1d5 g5d5 e6d5 g6g7 d5d4 g7g8q,3024,104,92,798,advancedPawn crushing endgame promotion queenEndgame veryLong,https://lichess.org/MHkw4Mjg/black#78,
BMJzD,5rk1/R7/5p1p/6p1/4K1P1/4P2P/8/8 b - - 6 44,f8f7 a7f7 g8f7 e4f5 f7e7 f5g6 e7e6 e3e4 e6e7 g6g7,3058,107,91,796,crushing endgame quietMove rookEndgame veryLong zugzwang,https://lichess.org/UPT6lnhM/black#88,
Xksy5,8/4B3/8/1p1p2pp/pP1P2k1/P3K3/8/8 w - - 2 64,e3f2 g4f4 f2e2 h5h4 e2f2 h4h3 e7f6 f4e4 f6e5 e4d3 f2f3 d3d2 f3g4 d2c3,3047,114,92,794,bishopEndgame crushing endgame quietMove veryLong,https://lichess.org/TZrcphR7#127,
HIY66,8/pp1kr1Q1/3p4/3P4/2P5/1P6/P4r2/2K5 w - - 7 41,g7g4 d7c7 c1d1 e7h7 g4e4 h7h8,3017,130,89,791,crushing defensiveMove endgame long queenRookEndgame quietMove,https://lichess.org/qvOlkvi0#81,
3LgIB,8/3rq1k1/1R4pp/1P6/8/p4NP1/Qb3P1P/6K1 w - - 0 37,b6c6 e7e4 a2b3 d7f7 g1g2 g6g5 h2h3 h6h5 b3e3 e4e3,3082,137,87,789,clearance crushing endgame pin quietMove veryLong,https://lichess.org/EHEIBfSF#73,
3Nesg,2Q1R3/1p3p2/pk1r1q1p/P1pp4/6P1/6KP/8/8 b - - 0 38,b6a5 c8c5 a5a4 e8e2 d6c6 e2a2 a4b3 c5a3 b3c4 a2c2,3010,106,91,789,advantage endgame quietMove veryLong,https://lichess.org/d85B5K6Y/black#76,
7kRzd,4R3/8/8/8/2kr2p1/6P1/5K2/8 b - - 2 79,d4d2 f2e3 d2d7 e3e4 d7f7 e8g8,3024,127,85,788,crushing defensiveMove endgame long rookEndgame,https://lichess.org/Fjk4vx6m/black#158,
ptCj3,5b1r/1pQ1kppn/p3p2p/3q4/Pn3BP1/4PPKN/1P6/7R b - - 2 26,e7f6 e3e4 d5c5 e4e5 f6g6 f4e3 c5e3 c7c3,3070,120,86,786,advantage middlegame sacrifice veryLong,https://lichess.org/s3RM0GWK/black#52,
bMZEs,8/8/Kpk5/4b3/P5p1/1P6/4N3/8 w - - 0 42,b3b4 b6b5 a4b5 c6d5 b5b6 d5e4,3091,133,89,785,crushing defensiveMove endgame long master,https://lichess.org/4WBRjo3Y#83,
2TtUb,8/3b1p2/1p1bp2p/4n1kP/3N1pP1/5B2/1P1NPP2/6K1 b - - 1 32,e5f3 d4f3 g5g4 d2c4,3005,121,87,782,advantage endgame master short,https://lichess.org/ybUk0Kd9/black#64,
QwBat,8/8/7p/p2p1Q2/P1p5/2qk4/KR6/2b5 b - - 6 67,d3d4 b2b5 c3d2 a2b1 d4c3 f5f6 d5d4 f6f3 d2e3 f3d1 e3e4 b1c1 e4f4 c1b1,3040,114,86,781,crushing defensiveMove endgame veryLong,https://lichess.org/Mkp1Iklp/black#134,
WwCjq,2k5/Bb6/6p1/1P3p2/1PN4r/2Pp1p2/4rR1P/R5K1 b - - 0 38,e2f2 c4d6 c8c7 a7f2 h4g4 f2g3 f5f4 d6b7 c7b7 a1d1 f4g3 h2g3 g4g3 g1f2,3077,131,83,781,crushing endgame intermezzo veryLong,https://lichess.org/Oo1DOKmy/black#76,
iuo1l,1R6/5ppk/p2Q3p/8/4qB2/P5KP/1P3PP1/7r w - - 9 36,d6f8 h1g1 f8h8 h7g6 b8b6 f7f6 b6f6 g6f6 h8d8 f6f7 d8c7 f7g8,3019,115,87,780,crushing defensiveMove endgame veryLong,https://lichess.org/5lOXqczo#71,
OHrZl,2k1r2r/pp4N1/2p3b1/1q1P2Bp/7P/1PQn4/P5B1/5R1K b - - 2 26,e8f8 g7f5 g6f5 f1f5,3021,121,86,777,crushing middlegame quietMove short,https://lichess.org/lZlMDJ4Z/black#52,
DEeRv,R7/8/8/3p4/2bk4/8/p2K4/8 w - - 18 62,a8a7 c4b3 a7a8 d4c4 a8c8 c4b4 c8c1 b3a4,3038,121,87,773,crushing defensiveMove endgame quietMove veryLong,https://lichess.org/K3DWksAB#123,
Xjrs9,8/8/8/1P4R1/2k1pp2/3p3P/5bP1/3K4 w - - 1 46,h3h4 e4e3 g5e5 f2h4 b5b6 h4f6 e5e6 e3e2,3088,100,94,772,advancedPawn crushing endgame master veryLong,https://lichess.org/5TWf46iY#91,
6WFk6,8/5kB1/p6P/8/2K5/8/PP2r3/8 b - - 14 54,a6a5 c4b5 e2e8 a2a3 e8a8 g7c3 f7g6 c3a5,3032,126,89,770,crushing endgame quietMove veryLong,https://lichess.org/uBFNYCkk/black#108,
GzKa0,r4rk1/pp3ppp/1qp1p3/3nP3/1b2N3/1P4Q1/P3B1PP/3R1R1K b - - 7 22,d5e3 e4f6 g8h8 g3h4 h7h6 h4e4 g7f6 e4h4,3011,118,86,769,crushing middlegame pin sacrifice veryLong,https://lichess.org/InjfdWQR/black#44,
ZeDLh,8/4R1p1/1p1p1p2/1P3N2/r3PkP1/3p4/8/5K2 w - - 4 44,e7g7 a4a1 f1f2 a1h1 f5d4 d3d2 d4e2 f4e4,3062,109,90,768,advancedPawn crushing endgame quietMove veryLong,https://lichess.org/ZgbwQZ9z#87,
mGE1X,7k/1r4rp/p6q/2BP1pp1/PP1PpP2/1Q2P3/5K1P/R5R1 w - - 1 40,g1g2 g5f4 c5f8 f4f3 g2g7 h6h2 f2f1 h2e2 f1g1 b7g7 f8g7 h8g7 a1a2 f3f2,3048,128,87,767,advancedPawn crushing middlegame sacrifice veryLong,https://lichess.org/eucvth5z#79,
i7Akq,3k2r1/5p2/Q3b3/8/2pp4/5Pq1/PP6/R4R1K w - - 1 31,a6a8 e6c8 a8a5 d8d7 a5d5 d7c7,3004,112,89,766,crushing defensiveMove endgame long,https://lichess.org/LyXpEsrN#61,
k1wzj,7r/8/1p3P2/pP1pP3/P1pPb1kp/2P1K1p1/3R4/4R3 w - - 2 59,e1f1 h4h3 f6f7 g3g2 f1g1 g4f5 f7f8q h8f8,3039,128,87,764,advancedPawn crushing endgame master veryLong,https://lichess.org/jaJjxq61#117,
5qgwE,3r2k1/6pp/2p2r2/1pp5/2P3p1/1P4P1/P5KP/3R1R2 b - - 3 26,f6f1 d1d8 f1f8 d8f8 g8f8 a2a3 f8e7 g2f2 e7d7 f2e3,3055,124,90,763,crushing defensiveMove endgame hangingPiece quietMove rookEndgame veryLong,https://lichess.org/TTi25uRJ/black#52,
agnpu,8/1p6/p3k3/3p4/8/3P1K2/P4P2/8 w - - 2 30,f3f4 b7b5 f4e3 e6e5 f2f4 e5d6 e3d4 b5b4 f4f5 a6a5 f5f6 a5a4 f6f7 d6e7 f7f8r e7f8,3038,121,87,763,crushing defensiveMove endgame pawnEndgame quietMove veryLong,https://lichess.org/SCzGqBhW#59,
HKGle,1r3r2/p1k1p3/3p1p2/1qpP1Q2/4P3/R4P2/KP6/6NR w - - 3 33,a3a7 b8b7 a7b7 c7b7 a2b1 b7b6,3054,124,89,761,advantage defensiveMove long middlegame,https://lichess.org/cYHa8NLP#65,
NT4t6,1r6/1pp1q1pk/5n1p/1RN1n3/1Q2p3/P1N1P2P/1PPr2P1/5RK1 w - - 7 30,b4b3 e5f3 g2f3 e7d6 f3f4 f6d5,3016,115,88,760,crushing long middlegame sacrifice,https://lichess.org/Z928k4qN#59,
jEWDo,1k5r/p1p2Rp1/n1p5/2NqP2p/1P4b1/2Pr4/P1Q3PP/1R4K1 b - - 4 27,d3d1 b1d1 g4d1 c5a6 b8b7 c2d3 d5f7 a6c5 b7c8 e5e6 f7e8 d3d1,3031,125,85,760,advantage middlegame sacrifice veryLong,https://lichess.org/SezMhhKD/black#54,
5y9MJ,6k1/pp5p/3P1p2/5pp1/4pP2/1PQ1P1KP/4q1P1/8 b - - 0 33,g5f4 e3f4 g8f7 c3c7 f7e6 g3h4 e2d2 c7e7 e6d5 g2g3,3049,109,90,759,crushing defensiveMove endgame queenEndgame veryLong,https://lichess.org/iSCuKDXX/black#66,
Syndt,2k3r1/ppp2p2/3bpq2/3p1b2/4P2p/P2P1n1P/2PNBPP1/R2Q1R1K w - - 0 16,e2f3 f6e5 g2g3 h4g3 f1g1 e5h8,3021,127,90,758,crushing long middlegame,https://lichess.org/mfPRM6HT#31,Polish_Opening Polish_Opening_Baltic_Defense
vrTis,5r1k/6pp/p1R1Q3/1p2Br2/6R1/b6P/5qPK/8 b - - 4 34,f5f7 e5d4 f2d4 g4d4,3084,129,86,758,crushing middlegame short,https://lichess.org/YVEo3Bq6/black#68,
L4oy3,r2q1r2/1b2npk1/pp1pp1p1/4P3/PQ4N1/3BB3/1P3P2/nN2K2R b K - 0 19,b7h1 e3h6 g7h8 g4f6 h1f3 b4h4 f3h5 h6g5 e7f5 d3f5,3000,125,87,757,advantage clearance middlegame quietMove veryLong,https://lichess.org/i7QjjO0U/black#38,Modern_Defense Modern_Defense_Other_variations
sKSrb,8/8/p1p5/N6p/P2k1K2/2p4P/8/8 w - - 0 55,f4g5 c6c5 a5b3 d4d3 b3c5 d3c4 c5e6 c3c2,3024,118,89,756,advancedPawn crushing defensiveMove endgame knightEndgame quietMove veryLong,https://lichess.org/kDrox34N#109,
v6Hyu,6rk/p2N1Rbp/1p2Q1p1/n7/3P4/2P3PK/P1q4P/8 b - - 5 29,c2c3 d7e5 c3d4 f7f6 d4e5 e6e5,3003,107,86,756,crushing long middlegame,https://lichess.org/pwIfwYHF/black#58,
teCcm,8/3pkr2/7P/p4pR1/1p3K2/6P1/P7/8 w - - 0 40,g5f5 e7f8 g3g4 a5a4,3008,121,87,755,crushing defensiveMove endgame pin rookEndgame short,https://lichess.org/ovo5v20t#79,
kl0TJ,2r2rk1/1pq4p/p5p1/8/6P1/P3Bp2/3Q1P2/3K2RR w - - 1 26,d2a2 c7f7 a2f7 f8f7 d1d2 f7d7,3001,116,87,754,advantage defensiveMove long middlegame,https://lichess.org/yjVJKX2C#51,
Li6AF,5k2/7p/2P1B1p1/8/1q1bp3/6nP/6PK/2Q5 w - - 0 38,h2g3 f8e7 g3h2 d4b2 c1f4 e7e6 c6c7 e6d7,3026,126,90,753,crushing endgame veryLong,https://lichess.org/X2xzzJnz#75,
3WRVn,3Q4/p1p3bk/1p6/3Pqn1B/2P4P/3p1P2/PP1K2P1/3R4 w - - 12 32,d8e8 e5f4 d2e1 f4h4 g2g3 h4g3 e1f1 g3h3,3051,129,88,752,crushing endgame exposedKing veryLong,https://lichess.org/diltfkEa#63,
7JUZF,r3kq1N/ppPn2pp/8/4p2b/Q1Bb4/8/PP1P2PP/RNB2K1R w q - 0 14,h8f7 f8e7 c4d5 e7f6 d5f3 h5f3 f7d6 e8f8 f1e1 f6h4 g2g3 d4f2 e1f2 h4a4,3006,121,87,751,advantage middlegame veryLong,https://lichess.org/yonXydet#27,Italian_Game Italian_Game_Two_Knights_Defense
8QhFm,3r2k1/p2qbpp1/2p4p/8/2P1N3/1Q1b4/PP3PPP/3RK2R w K - 0 20,d1d2 d7f5 f2f3 f5a5 e1f2 e7c5 f2g3 c5d6 e4d6 a5d2 c4c5 d2g5 g3h3 g5h5,3081,121,86,751,advantage deflection middlegame veryLong,https://lichess.org/DLAS0DPi#39,
fJwka,2r2rk1/5ppp/2nbp3/p7/2B1Qn1q/P4PN1/1P1B2PP/R4RK1 b - - 6 22,f7f5 g3f5 f8f5 d2f4 f5f4 e4e6 g8h8 g2g3 h4d8 g3f4,3097,126,85,751,advantage capturingDefender fork middlegame pin veryLong,https://lichess.org/rrrYP6uy/black#44,
D7j49,8/6kp/2p3p1/R7/4pr2/6KP/P5P1/8 b - - 1 28,f4f5 a5f5 g6f5 a2a4 c6c5 g3f4 c5c4 g2g3,3001,120,90,750,crushing defensiveMove endgame quietMove rookEndgame veryLong,https://lichess.org/fDcLcPEw/black#56,
OM5A9,8/p7/Pp2k1p1/3p3p/1P5P/4K1P1/5P2/8 b - - 0 35,e6d7 f2f3 d7e7 e3f4 e7d6 g3g4 d6e6 g4h5 g6h5 f4e3,3015,122,89,750,crushing defensiveMove endgame master pawnEndgame quietMove veryLong,https://lichess.org/lny3DqE3/black#70,
6YLZQ,2k2r2/1pr5/pQ5p/P1pq2p1/8/2R1p1PP/6P1/2R3K1 b - - 0 43,f8f7 c3c5 d5d8 b6a7 e3e2 g1h2 c7c5 c1c5,3025,97,91,747,crushing endgame queensideAttack veryLong,https://lichess.org/kg8vWOtF/black#86,
8o8rI,r1b2rk1/1p1n1pp1/p2Np2p/3pP2Q/3P4/P2B1N2/1q3PPP/n4RK1 b - - 1 19,a1c2 f3g5 f7f5 d6f7 h6g5 f7g5 d7f6 e5f6,3053,129,86,747,crushing middlegame sacrifice veryLong,https://lichess.org/ItkGIjhf/black#38,French_Defense French_Defense_Classical_Variation
jf6zk,8/1P1n4/5p2/5K2/5NPp/4p2P/5k2/8 b - - 4 64,e3e2 f4e2 f2e2 f5g6 e2e3 g6f7 e3f4 f7e7 d7b8 e7f6,3001,105,92,746,crushing endgame knightEndgame master masterVsMaster sacrifice veryLong,https://lichess.org/PXNYcB04/black#128,
m73DA,6k1/1p4p1/1p4p1/2p1n3/3pPqP1/PP1P3B/1B2Q3/6K1 w - - 3 28,b3b4 c5c4 b2d4 e5f3 g1g2 f3d4 e2f2 f4f2 g2f2 c4c3 f2e1 g6g5 e4e5 g8f7,3011,119,85,746,crushing defensiveMove endgame exposedKing fork master quietMove veryLong,https://lichess.org/G8KHdqKo#55,
A305C,8/3Q3p/pq4pk/b1pB1p2/2Pp1PP1/1p1Pr2P/R5K1/8 b - - 0 45,f5g4 h3g4 b6d8 g4g5 h6h5 d5f3 e3f3 g2f3 d8a8 f3f2 a5e1 f2e1 a8h1 e1f2,3051,129,90,745,crushing defensiveMove endgame veryLong,https://lichess.org/pPjrVAYN/black#90,
vowtk,1r2q1r1/4bpn1/p2p3k/2pQ4/1p2PN1P/5P2/PPP5/2K3RR w - - 2 24,g1g7 h6g7 d5h5 e7d8 h1g1 g7f8 h5h6 f8e7,3000,102,92,743,advantage hangingPiece middlegame veryLong,https://lichess.org/SxLLe0Ig#47,
ww4yr,8/4k3/3p3Q/3P2P1/5q2/7P/p4PK1/8 w - - 4 40,h6h7 f4f7 h7e4 e7f8 e4d4 f8g8 d4c3 f7d5,3046,126,87,740,crushing defensiveMove endgame queenEndgame veryLong,https://lichess.org/2vbCynsx#79,
a05bt,1r3rk1/np3pp1/1q1p1P1p/1p6/P7/2Q5/3NB1PP/5R1K b - - 0 23,b5b4 c3g3 g7g6 g3f4 g8h7 f1f3 b6f2 f3f2,3014,113,88,739,crushing middlegame quietMove veryLong,https://lichess.org/Kkb7BglC/black#46,
s9FtN,2r4k/5r2/p2P1q1p/1pP5/1P6/6QR/2P2p1P/5R1K w - - 4 34,g3g4 c8g8 g4d1 f6f4 f1f2 f4f2 h3h6 h8g7,3004,103,92,739,crushing endgame veryLong,https://lichess.org/QxeDyAJX#67,
BfUaX,8/8/6p1/6pp/1K3k2/1P5P/P4P2/8 w - - 1 48,b4c3 h5h4 f2f3 f4f3 a2a4 f3e4 c3c4 e4e5 c4d3 g5g4 d3e3 g4h3,3048,112,88,738,crushing endgame pawnEndgame quietMove veryLong,https://lichess.org/yQMpajN6#95,
uRNHS,8/4kp1p/4p1p1/4K1P1/3P1P2/7P/8/8 b - - 2 44,h7h5 g5h6 f7f6 e5e4 e7f8 e4d3,3001,117,87,738,crushing defensiveMove enPassant endgame long pawnEndgame,https://lichess.org/IzTqKzzb/black#88,
k1z0n,8/pkp2Q2/1p4n1/8/6qp/2P1PN2/PP3P2/5K2 w - - 0 31,f7g7 h4h3 g7f7 g4e4 f1e2 g6e5,3007,122,86,737,crushing endgame long,https://lichess.org/WwJaBl6k#61,
iQJqK,5k1r/ppq2p2/5p2/8/6Q1/8/PP3PPb/3R1R1K w - - 4 30,g2g3 c7c6 f2f3 h2g3 h1g1 c6c5 g4d4 c5g5 d4d8 f8g7 d8h8 g7h8,3035,105,93,736,crushing deflection discoveredAttack discoveredCheck endgame exposedKing quietMove veryLong,https://lichess.org/fvvWdFgO#59,
7LbVZ,8/8/8/8/1p1pk3/1Pr5/2PR2K1/8 w - - 6 65,g2f2 d4d3 c2d3 e4d4 f2f3 c3b3 f3e2 b3a3 d2c2 a3d3 c2c7 d3c3,3067,117,90,735,crushing defensiveMove endgame rookEndgame veryLong,https://lichess.org/36H0bGdf#129,
qOMFj,8/8/2p4p/4kpp1/pPP5/P3K1PP/8/8 b - - 0 41,f5f4 g3f4 g5f4 e3d3 e5f5 d3d4 h6h5 d4d3 f5e5 h3h4,3043,117,87,735,crushing defensiveMove endgame pawnEndgame veryLong zugzwang,https://lichess.org/L35YY3vZ/black#82,
F9XCm,8/8/8/1p1n2B1/2kPp3/2q1P3/P4Q2/4K3 w - - 0 53,f2d2 c4b4 d2c3 b4c3,3015,98,90,732,crushing endgame short,https://lichess.org/n3IcFWLa#105,
ah79G,r1br1k2/1p3p1p/p2bp1p1/q7/4P2Q/P1N5/1P2B1PP/R4R1K b - - 6 22,f8g8 e4e5 d6e5 f1f7 g8f7 h4h7 e5g7 a1f1 a5f5 f1f5,3039,103,90,725,advantage attraction deflection kingsideAttack middlegame sacrifice veryLong,https://lichess.org/UketlP06/black#44,
95AkD,r7/p5Q1/bkppq3/7p/PP6/2P5/2P1rPPP/3R1RK1 b - - 0 20,e2c2 b4b5 c6b5 g7d4 b6c7 f1e1 e6d7 d4e4,3076,123,88,721,advantage middlegame veryLong,https://lichess.org/fJuDXgKB/black#40,
djEFC,6r1/1ppn4/p1kqb2Q/3p4/P2bp3/2N5/1PP1BPPP/R4RK1 w - - 2 20,f1d1 g8h8 e2b5 a6b5 a4b5 c6c5 b2b4 c5b6 c3d5 d6d5,3020,102,84,721,advantage middlegame veryLong,https://lichess.org/xAJpDaqm#39,
rBy3z,r1b1k2r/ppp2ppp/2p5/4P1q1/8/3PK3/PPP3PP/RN1Q1B1R w kq - 1 10,e3e4 f7f6 d1d2 g5h4,3006,121,88,721,crushing middlegame short,https://lichess.org/K8TGfghr#19,Russian_Game Russian_Game_Stafford_Gambit
Mrjdu,r5k1/pbp1prP1/1p3pp1/2npPqB1/5Pp1/2P1P3/PPQNB3/R3K2R w KQ - 1 18,e3e4 d5e4 d2b3 f6g5 b3c5 b6c5 e2c4 g4g3,3043,146,87,718,advantage middlegame veryLong,https://lichess.org/tCrYDyfX#35,Pseudo_Queens_Indian_Defense Pseudo_Queens_Indian_Defense_Other_variations
80e31,r2k2Br/ppp2Q2/1bnp4/4pb2/1P2P2N/2PP2P1/P2q4/R4R1K b - - 1 22,d2h6 f1f5 c6e7 a1f1 h8g8 f5h5,3082,128,85,717,crushing hangingPiece long middlegame quietMove,https://lichess.org/pf1WHo7G/black#44,
XDEKZ,r4rk1/5pp1/3p3P/1bp2Pp1/p3PN2/1p1P1Q2/q3BK2/7R b - - 0 36,g5f4 h6g7 a2b2 f3f4 b2d4 f2f3 d4g7 f5f6,3091,133,90,717,advancedPawn advantage intermezzo middlegame veryLong,https://lichess.org/6B3Mlrk2/black#72,
qZ4ON,8/r7/4P2k/3B2p1/4K1P1/8/P7/8 b - - 2 52,h6g7 e4e5 a7a3 e5f5 a3e3 a2a4 g7f8 f5f6 e3e1 d5c4,3052,131,88,717,crushing defensiveMove endgame master quietMove veryLong,https://lichess.org/qL75Sn8U/black#104,
bpH5w,k2r3r/ppQnbpp1/3p1n2/N3p1B1/3PP3/q2B1b1P/P4P1K/1RR5 b - - 1 23,d8b8 b1b7 h8h3 h2h3 b8h8 h3g3 f6e4 d3e4 f3e4 b7b3 e7g5 c7c8 d7b8 c8h8,3077,105,91,715,crushing middlegame veryLong,https://lichess.org/g7ymSaEf/black#46,
TtXDQ,2r3k1/p2q1pP1/1pn1r2p/3pP3/3P2P1/BnP1Q2P/8/4RRK1 b - - 0 25,c6a5 f1f6 e6f6 e5f6 d7e6 e3f2 e6c6 e1e5 b3d4 f2d4,3066,131,89,714,clearance crushing middlegame quietMove veryLong,https://lichess.org/XucrM8wC/black#50,
Qulv4,4R3/5r2/5P2/3p2K1/3k4/8/8/8 b - - 0 76,f7c7 g5f5 d4c3 e8d8 c3c4 f5e5 c7h7 d8c8,3075,115,91,712,crushing endgame rookEndgame veryLong,https://lichess.org/f0AexK5g/black#152,
SnHGB,r4rk1/ppp2p1p/2n1q1p1/3N1n2/3P2b1/P4N2/1PPQ1PPP/2KR1B1R w - - 1 14,d5c7 e6a2 d2c3 f5d6 c3b3 a2b3,3062,128,86,712,advantage long middlegame quietMove,https://lichess.org/2KZHJPzC#27,French_Defense French_Defense_Exchange_Variation
taGoB,2k5/ppp5/8/2P2N1q/1P2P1b1/3n1p2/PB3Q1P/6NK w - - 4 33,f2d2 g4f5 e4f5 h5g4 h2h3 g4g3 g1f3 d3f2 d2f2 g3f2,3005,122,89,708,clearance crushing middlegame veryLong,https://lichess.org/hYQEztzM#65,
RpUps,2qb4/5pk1/3Qp1p1/pb1pP2p/3P1P2/1B3N2/PP4PP/6K1 w - - 0 35,h2h3 c8c1 b3d1 d8h4 f3h4 c1d1 g1h2 d1d4,3060,131,87,707,crushing endgame pin quietMove veryLong,https://lichess.org/kdpwmKnj#69,
2Kh5G,8/6RP/p7/5kp1/2P5/7r/3K4/8 b - - 2 49,f5e4 g7d7 g5g4 d2e1 e4e5 c4c5,3074,117,91,706,advantage defensiveMove endgame long quietMove rookEndgame,https://lichess.org/gaDwZw40/black#98,
3J3jj,r4n2/8/q1b1k1p1/1p1p1pQB/1PpP4/2P4P/6PK/5R2 b - - 0 32,g6h5 g5f5 e6e7 f5g5 e7d7 f1f7 d7c8 f7f8 c8c7 g5e7 c6d7 e7e5 c7b7 f8f6 a6f6 e5f6,3054,130,88,706,crushing endgame interference veryLong,https://lichess.org/jjYDUj5P/black#64,
hEdZA,r1b1r3/2R4p/4k1pQ/8/3p3P/5P2/P5q1/3KR3 b - - 3 24,e6d6 h6f4 d6d5 f4f7 c8e6 e1e5 d5d6 e5e6 e8e6 f7d7 d6e5 c7c5,3001,104,92,706,crushing exposedKing fork middlegame sacrifice veryLong,https://lichess.org/14pKvhy8/black#48,
WXJbl,8/8/p1p1p1p1/1p3k1p/2PP4/PP2K1PP/8/8 b - - 0 34,g6g5 c4b5 c6b5 e3f3 e6e5 g3g4,3001,96,92,705,crushing endgame long pawnEndgame,https://lichess.org/ofr7S1UY/black#68,
Jusnw,1r3rk1/p1p2p1p/8/4pNp1/1qP3P1/4N3/P1R1nP1Q/2K4R w - - 7 29,c2e2 b4b1 c1d2 f8d8 e3d5 d8d5,3003,115,88,702,crushing exposedKing long middlegame queensideAttack,https://lichess.org/GHVfQSVT#57,
KCfsm,2r1r1k1/pp2b1p1/4p1PB/3pP3/3p3P/nPqB1R2/P1P4Q/2K2R2 b - - 0 30,g7h6 h2f4 e8f8 f4g4 g8g7 f3f7 f8f7 g6f7 g7h8 g4g6,3054,139,88,700,advancedPawn advantage collinearMove discoveredAttack discoveredCheck exposedKing fork middlegame veryLong,https://lichess.org/Lj02WHSZ/black#60,
NN3Si,4r1k1/p4q2/1p4p1/4P3/5B2/P2pQ1N1/1b4PR/2r1K2R w - - 1 30,e1d2 b2e5 e3e5 f7a2 d2e3 e8e5,3080,110,92,700,advantage exposedKing intermezzo long middlegame sacrifice,https://lichess.org/e5OgWYWj#59,
qqdYk,r2qk1nr/1p3pp1/p2Pp1b1/2np3p/5P2/P1N1B2P/1PP3P1/R2QKB1R b KQkq - 2 14,d8d6 d1d4 a8c8 b2b4 c5d7 d4g7,3031,138,87,698,advantage long middlegame,https://lichess.org/dVGA7Bzz/black#28,Caro-Kann_Defense Caro-Kann_Defense_Advance_Variation
6y5gh,1r2qr2/5pk1/pp1p2p1/2pP2N1/2Pb3P/3QB1PK/PP6/R4R2 b - - 0 29,d4e3 a1e1 e8d7 h3g2 e3g5 d3c3 g7g8 h4g5,3034,118,86,697,crushing defensiveMove intermezzo middlegame sacrifice veryLong,https://lichess.org/Rhq4rMUW/black#58,
81siW,8/8/p2kb3/P7/1PpK1P1p/8/4B3/8 w - - 0 37,f4f5 e6f5 e2f1 f5d7,3033,126,88,697,bishopEndgame crushing defensiveMove endgame short,https://lichess.org/6CAAnmEI#73,
W8Pj0,6k1/1b3p2/7Q/Rp3qp1/4r3/1P4BP/4R1PK/3r4 w - - 0 34,e2e4 b7e4 a5a2 f5c5 a2f2 e4g6,3009,121,88,696,clearance crushing defensiveMove long master middlegame quietMove,https://lichess.org/qu0l41JM#67,
vfdnG,2k5/p1p2p1p/1pb1p1r1/3n4/2P5/3Q1BPq/P4P1P/3R2K1 b - - 0 23,d5e7 d3d8 c8b7 d1d7 b7a6 d8e7 h3f5 f3c6,3029,108,94,696,capturingDefender clearance crushing fork middlegame pin veryLong,https://lichess.org/8DmqdsE2/black#46,
AN7D2,5k2/2R2B2/3p1Pp1/2b1p2p/4P3/3P3P/1p1N2K1/r7 b - - 4 44,b2b1q d2b1 c5b6 c7c6 f8f7 c6b6,3014,121,86,692,crushing endgame long,https://lichess.org/96HQTk2N/black#88,
5ACse,r4rk1/1bq1bppp/p2p1n2/3P1NB1/1p3P2/3R3Q/PPP3PP/1K2R3 b - - 2 17,a8e8 f5g7 e8c8 d3c3 c7d7 g7f5,3024,130,87,690,crushing long master middlegame,https://lichess.org/J1arKDf2/black#34,Sicilian_Defense Sicilian_Defense_Najdorf_Variation
vRYYC,8/8/8/1p1p1kp1/p2P1b1p/P2KBP1P/1P6/8 w - - 4 42,e3f2 f4c1 d3c2 f5f4 c2c1 f4f3 f2g1 f3g3 g1e3 g5g4 h3g4 h4h3 e3g1 g3g2,3004,118,86,690,bishopEndgame crushing endgame sacrifice veryLong,https://lichess.org/nFvXnx4r#83,
o25QS,8/1pQ2nk1/2b1p1pp/P2pPp2/1q1Pn2P/3B1NN1/5PP1/6K1 b - - 0 32,f5f4 g3e2 b4a3 g1h2 e4f2 e2f4 f2d3 f4e6,3027,119,85,689,crushing middlegame sacrifice veryLong,https://lichess.org/ACtpGqX8/black#64,
BrPh3,k5rr/ppQ5/4N3/3pPp2/qPnP4/P7/5PP1/R4RK1 w - - 3 27,f1c1 a4e8 e6f4 e8f8,3036,117,89,686,advantage master middlegame short,https://lichess.org/RoRO2vz2#53,
GuNCH,k1r5/P4q2/1P1P1p2/8/3QP3/5b2/5K2/R7 b - - 0 39,c8c2 f2f1 f3e2 f1e1 e2b5 a1b1 f7h7 d4d5 b5c6 b6b7 c6b7 d5b7 h7b7 b1b7,3001,114,87,684,advancedPawn crushing defensiveMove endgame exposedKing fork veryLong xRayAttack,https://lichess.org/oL8qDFFg/black#78,
j3fhW,3r2k1/R3bppp/1Bb5/4p3/6Q1/2P4P/PPBq1PP1/6K1 w - - 1 25,c2e4 h7h5 e4h7 g8h8 g4h5 d2d1 h5d1 d8d1 g1h2 e7g5 a7f7 h8h7,3002,116,84,684,advantage defensiveMove middlegame quietMove veryLong,https://lichess.org/gSEIc7t0#49,
jVnue,Q1bq1rk1/p1p3pn/1p2p3/2b5/2P3n1/2N2N2/PP3PPP/R1B1K2R w KQ - 0 14,c3e4 d8d3 e4c5 b6c5 a8c6 d3c4 h2h3 c8a6 c6a6 c4a6,3008,125,87,683,crushing master middlegame quietMove veryLong,https://lichess.org/DUQxJXSm#27,English_Opening English_Opening_Anglo-Indian_Defense
WZjn0,8/8/p7/1p6/2p2kp1/P6p/1PP5/5BK1 w - - 2 52,g1h2 f4e3 h2g1 e3d2 b2b3 d2e1 b3c4 h3h2 g1h2 e1f1 c4b5 a6b5,3024,116,85,682,advancedPawn bishopEndgame crushing deflection endgame exposedKing veryLong,https://lichess.org/6dDciKtx#103,
k1iq9,7r/2r3k1/p4pp1/4N3/P1BpP2P/1R3Q2/2P3K1/q7 b - - 0 40,f6e5 b3b6 h8f8 f3g4 a1f1 c4f1,3040,104,92,680,crushing endgame long master,https://lichess.org/ho7EP9yT/black#80,
gB18M,r1r3k1/p5pn/Q1p4p/3p1R2/8/PP2q3/6PP/B4R1K b - - 2 24,e3b3 f5f7 h7f6 f7g7 g8g7 a6e2 d5d4 a1d4 c8f8 e2g4 g7h7 g4f5,3083,126,89,679,crushing middlegame pin quietMove sacrifice veryLong,https://lichess.org/U9cx3l6i/black#48,
DCcWz,8/p6R/pk3p2/2NK4/P2P1p2/1Pb1r3/8/8 b - - 3 46,f4f3 h7f7 b6a5 d5c4 f3f2 f7f6 f2f1q f6f1,3042,114,85,677,crushing endgame veryLong,https://lichess.org/qn4yr5Dj/black#92,
RnQTw,3r1rk1/ppqn1pp1/2pbPn1p/4N2P/3P4/2P3N1/PP1BQ1P1/4RRK1 b - - 0 20,d7e5 d4e5 d6e5 e2e5 c7e5 e1e5 d8d2 g3e4 d2d5 e4f6 g7f6 e5d5,3005,122,90,677,advantage fork middlegame veryLong,https://lichess.org/JEtYMRUl/black#40,
id7nS,k2q4/1p6/p1b1B3/2Q1pP2/4P2b/2P5/PP1r1NRP/7K w - - 1 42,c5e3 h4f2 g2f2 d2d1 h1g2 d1d3 e3e2 d8g5 g2f1 g5c1,3021,112,90,677,advantage middlegame veryLong,https://lichess.org/8K5xj4GX#83,
hcVnr,rnb1kb1r/ppp2ppp/8/3pN3/4n2q/5P2/PPPPQ1PP/RNBK1B1R b kq - 2 6,e4g3 e2e1 g3f5 f1b5 c7c6 e5c6 h4e1 h1e1,3026,131,85,675,clearance crushing discoveredAttack discoveredCheck opening veryLong,https://lichess.org/ZqsFeN99/black#12,Russian_Game Russian_Game_Damiano_Variation
K6NAY,8/8/7p/5p1P/1B3P2/3k1Kp1/5b2/8 b - - 14 66,d3c2 b4f8 c2d3 f8h6 f2d4 h6g5,3062,112,93,674,bishopEndgame crushing defensiveMove endgame long master,https://lichess.org/kwOPm4wD/black#132,
TVOC9,r4r1k/1pq3p1/p2p3p/2pBp1bQ/P1PnPpP1/5P2/1P3KP1/R1B4R b - - 7 22,d4b3 a1a3 b3c1 h5g5 h8h7 a4a5,3013,116,87,674,advantage defensiveMove long middlegame pin,https://lichess.org/eIaLfbNs/black#44,
kJwTa,6k1/4R1p1/1q5P/p5P1/1p6/2br1N2/Pp6/1K5Q b - - 0 37,b6d6 h6h7 g8f8 f3d4 d6d4 e7e1 c3e1 h7h8q f8e7 h1b7,3050,132,90,674,advancedPawn crushing endgame promotion quietMove sacrifice veryLong,https://lichess.org/UDPb3faN/black#74,
TLhYm,2r5/5Ppk/p4b1p/4NP2/1p6/1P1R4/P1P3r1/1K1R4 w - - 1 34,d3d8 c8d8 d1d8 g2g1 b1b2 f6e5 c2c3 b4c3 b2a3 e5c7 d8c8 c7d6,3051,114,91,673,advantage endgame veryLong,https://lichess.org/9nPKv1TA#67,
lKxN5,3r2k1/p4p2/2Q1pnpP/5b2/7K/2P2N2/P4r2/R4B2 w - - 0 36,h4g5 f6d5 a1d1 f7f6 g5h4 f2f3 d1d5 g6g5 h4h5 e6d5,3004,119,86,672,advantage middlegame veryLong,https://lichess.org/kGLtdfhP#71,
MX9r7,r3kr2/5b2/p1Q5/1p1p4/4p3/P6R/5PPK/4q3 b - - 6 41,e8d8 h3h6 f8g8 c6a8 d8e7 a8a7 e7f8 h6h7 g8g7 a7b8,3025,121,87,671,crushing endgame exposedKing quietMove veryLong,https://lichess.org/xuDN2WUA/black#82,
j9mfG,8/1p6/p1b5/P2pN3/1P1Pp3/2P1K3/6k1/8 b - - 15 45,g2f1 c3c4 d5c4 e5c4 f1e1 c4b2,3017,106,91,671,crushing defensiveMove endgame long zugzwang,https://lichess.org/LeA2dFV9/black#90,
aKvKX,r5k1/4p3/2pp2PN/2p4p/4P1bQ/3q4/7P/5R1K b - - 1 26,g8g7 h6f5 g7h8 h1g1 g4f5 h4h5 h8g7 h5h7 g7f6 h7f7,3069,117,87,668,advantage endgame exposedKing fork pin sacrifice veryLong,https://lichess.org/VJKGHD4X/black#52,
B4TK8,2k3rr/2b1q3/4pp2/pP2P3/2pP4/2P4p/4QRPP/R1B3K1 w - - 0 29,e5f6 h3g2 f2g2 e7f6,3068,99,91,667,advancedPawn advantage middlegame short,https://lichess.org/iGipSPW1#57,
iRjcS,rnb1k3/pp1p3Q/6r1/4Np2/1pB1n3/P7/2PP1bPP/1qB1R2K b q - 0 15,f2e1 h7h8 g6g8 c4g8 e8e7 e5g6 e7d8 g8a2,3037,121,89,667,advantage discoveredAttack discoveredCheck middlegame veryLong,https://lichess.org/tLBKWUMG/black#30,Sicilian_Defense Sicilian_Defense_Wing_Gambit
0zkET,8/8/r7/P5Rp/2p1p2k/1p6/1P1B2Pb/1K6 b - - 0 39,h2c7 g5g8 c7a5 d2f4 a5e1 f4c7 a6a8 g8a8,3031,127,86,664,crushing endgame quietMove veryLong,https://lichess.org/7Vu2dLUW/black#78,
SH9ic,5r2/p1k2pp1/2p3b1/4b1Pp/2Bq3P/PP1P1R1Q/2P5/2KR4 w - - 1 27,d1f1 f8e8 f3e3 g6f5 e3e5 f5h3 f1f7 c7d8,3008,123,87,662,crushing defensiveMove middlegame quietMove veryLong,https://lichess.org/TOlR0hV9#53,
axooR,8/7p/1ppk4/2p2pp1/1PP2P2/P1K3PP/8/8 b - - 0 37,h7h6 b4c5 d6c5 a3a4 g5g4 h3g4 f5g4 c3d3,3014,110,87,662,advantage defensiveMove endgame pawnEndgame quietMove veryLong,https://lichess.org/TyQTvZ21/black#74,
ca17r,8/8/8/8/3N1k2/4ppp1/7P/4K3 w - - 0 51,d4e6 f4e5 e6g5 f3f2 e1f1 e5f4 h2h4 f4f5,3012,100,95,661,advancedPawn crushing defensiveMove endgame exposedKing knightEndgame master veryLong zugzwang,https://lichess.org/q2FVcRhh#101,
FtEtF,r3r2k/p6p/2n3p1/1q3B1b/2ppP2N/P2P2Q1/1P4RP/5R1K b - - 1 27,b5e5 g3h3 g6f5 f1f5 e8f8 f5e5,3030,122,90,660,crushing long middlegame quietMove sacrifice,https://lichess.org/XI8kGLK7/black#54,
a2h7b,8/p7/1p3k2/1R6/8/5PK1/rP6/8 b - - 2 44,a2a5 b5a5 b6a5 g3g4 a5a4 g4f4,3071,110,94,660,crushing defensiveMove endgame long rookEndgame zugzwang,https://lichess.org/VPttikDw/black#88,
2JUHd,1k2r1r1/ppp2R1p/2R1Q3/6P1/3p4/3P2q1/PP4B1/6K1 w - - 1 26,e6d5 g3e3 f7f2 g8g5 c6e6 g5d5 e6e8 e3e8,3006,115,89,659,crushing middlegame veryLong,https://lichess.org/3cUhdc4T#51,
d0kyl,8/6pk/6qp/8/3P4/7Q/r3p1PP/4R1K1 w - - 0 40,g2g3 a2d2 h3h4 d2d1 g1f2 g6f5 h4f4 f5b1 e1e2 d1f1,3033,115,88,659,crushing endgame pin quietMove veryLong,https://lichess.org/nraKKFzZ#79,
MzPTJ,8/8/p2k2p1/1p4r1/3K4/8/PPP1R3/8 w - - 3 39,e2d2 g5d5 d4e3 d5d2 e3d2 d6e5 d2e3 b5b4 e3f3 e5f5,3048,109,87,657,crushing defensiveMove endgame quietMove rookEndgame veryLong,https://lichess.org/KrwVZ42u#77,
zV4kB,8/5p2/2k1b3/5r2/5Q1P/6P1/5K2/8 w - - 5 47,f2f3 c6d7 f3e4 f5f4 e4f4 e6h3 g3g4 d7e6 f4g3 h3f1,3042,110,91,657,clearance crushing defensiveMove endgame pin quietMove veryLong,https://lichess.org/dq3E7LeB#93,
BidGh,8/4k2p/1p1pp1p1/pP2P3/3K1P2/1P6/6PP/8 b - - 0 31,e7d7 e5d6 d7d6 g2g4 h7h6 h2h4 h6h5 g4h5 g6h5 d4c4,3063,122,89,653,crushing defensiveMove endgame pawnEndgame quietMove veryLong,https://lichess.org/FsUBn98s/black#62,
LG9E7,r3k1r1/1p3p1p/2p3b1/p1q1n3/P3P3/2N2PP1/1P2B2P/R2QK2R w KQq - 2 20,d1b3 e8c8 c3d1 d8d3 b3d3 e5d3,3012,118,89,650,castling crushing long middlegame,https://lichess.org/YQlxg0Ze#39,
PeaiB,6k1/4R3/5p2/1PRp3p/7p/1PK5/8/3q4 b - - 2 43,d1c1 c3b4 c1d2 b4a3 d2a5 a3b2 a5d8 e7a7,3014,117,87,650,crushing defensiveMove endgame queenRookEndgame veryLong,https://lichess.org/riCor61v/black#86,
qtwwf,r1r5/2q2p1k/4p3/4P1Q1/3Bp3/p1P2R1P/2P5/7K b - - 0 32,c8g8 g5h5 h7g7 f3f4 g7f8 d4c5 f8e8 h5h7 g8f8 c5f8,3064,136,90,650,crushing endgame exposedKing veryLong,https://lichess.org/zEhefgvL/black#64,
xGRXk,rn1q1r2/1bpp4/p3p3/1pQ3p1/1P1P4/k1P1PN2/P1B3PP/R3K2R w KQ - 3 24,c2b3 b7f3 c5e5 f3g2 h1g1 b8c6,3039,112,86,650,advantage long middlegame,https://lichess.org/S9vq55g0#47,
xZf4f,4r1k1/1p1bpp1p/p5p1/3n4/3b1pP1/B1r4P/P5B1/RQ2R1K1 w - - 0 26,g1h1 f4f3 g2f1 d7c6 e1e4 d4a7,3065,123,86,648,advantage defensiveMove long middlegame quietMove,https://lichess.org/dJrgaXnk#51,
dAB4H,8/1K3p2/2pk2p1/7p/1P5P/6P1/5P2/8 b - - 7 42,f7f6 b7c8 g6g5 f2f4 g5h4 g3h4 d6d5 c8d8,3042,103,90,647,crushing defensiveMove endgame pawnEndgame veryLong,https://lichess.org/fZswbegR/black#84,
RJsjk,8/2Nk4/p6p/P1K3p1/1P4P1/8/4b3/8 w - - 7 58,c7a6 e2a6 b4b5 a6b7 c5b6 b7e4,3029,99,92,646,crushing defensiveMove endgame hangingPiece long quietMove,https://lichess.org/8T1JBnFK#115,
dmYhD,r1b2q1k/pp4pp/8/8/3BP3/1Bp5/Pb4PP/1R2Q1K1 b - - 3 22,f8b4 d4g7 h8g7 e1g3 c8g4 g3c7,3091,118,86,644,attraction crushing long middlegame sacrifice,https://lichess.org/nF6sUs37/black#44,
Koo92,3r2k1/p1p5/1p2p1pp/n3P3/2P2Pq1/P3P3/1PQ5/1BK4R b - - 1 27,g8g7 b2b4 g4g3 c2e4,3019,109,87,643,advantage endgame short,https://lichess.org/O1L4k0k8/black#54,
aMv7I,3r2k1/q4p1p/4pPp1/p7/r7/5QP1/1PR3KP/4R3 b - - 0 36,a7d4 e1d1 d4b6 d1d8 b6d8 f3d1 d8f6 c2c8 g8g7 d1a4,3051,97,92,642,advantage clearance discoveredAttack endgame veryLong,https://lichess.org/LBmRPXB7/black#72,
ebRgJ,7r/2q2k2/2p2pN1/p4b1p/P1Pp3P/br4P1/2PBQP2/1K1R3R w - - 0 24,b1a2 b3b2 a2a3 h8b8 d2f4 c7b7 e2e7 f7g6 e7b7 b8b7,3055,116,89,640,advantage middlegame quietMove sacrifice veryLong,https://lichess.org/I7GMKgWg#47,
CwVfh,5r2/1R6/3P2k1/8/3PpBnP/4Pp2/1P6/6K1 w - - 5 46,d6d7 f8a8 h4h5 g6f5 b7b5 f5e6 d7d8n e6d7 b5d5 d7e8,3051,119,87,639,crushing defensiveMove endgame master quietMove veryLong,https://lichess.org/CHl1hLwo#91,
IVagQ,r4r2/p1b1q1p1/3p1nPk/2p3Rp/3pP2P/P2P3R/1P3P2/1K1Q4 b - - 3 29,c7a5 h3g3 e7e6 g5e5,3051,129,89,637,advantage middlegame quietMove short,https://lichess.org/0Neykh7i/black#58,
2siRF,5rk1/3B3p/4P1p1/1P3p2/P5nq/8/1Q4KP/4R3 w - - 1 33,g2f1 f5f4 e6e7 g4h2 b2h2 h4h2,3001,125,88,636,crushing endgame exposedKing long master quietMove,https://lichess.org/poQiyYAw#65,
yo6OX,8/8/3p4/1k1P3p/4P3/5K2/8/8 w - - 0 57,f3g3 b5b6 g3f3 h5h4 f3f4 h4h3 f4g3 b6c5 g3h3 c5d4 h3g3 d4e4 g3f2 e4d5,3013,123,86,636,crushing endgame pawnEndgame quietMove veryLong zugzwang,https://lichess.org/ynIA4SNj#113,
HXUTl,8/7p/2k1p3/4P1p1/PK3p2/8/6PP/8 w - - 0 40,a4a5 h7h5 b4c4 h5h4 c4d3 c6b5 d3e2 b5a5,3011,122,84,635,crushing endgame pawnEndgame quietMove veryLong,https://lichess.org/jf15jCJ6#79,
yPviz,r1bqr1k1/pp3pBp/2p5/8/4PP1b/2QP1R2/P5KP/2R5 b - - 0 21,d8d7 f4f5 d7d6 g2h1 c8f5 f3f5,3055,119,85,635,advantage long middlegame quietMove,https://lichess.org/j5wlUvoe/black#42,
GOh1Q,8/6k1/2K5/1pP3P1/p7/P6r/1PP5/8 b - - 0 42,h3h5 c6b7 b5b4 a3b4 h5g5 c2c3 g7f6 c5c6,3033,115,87,634,crushing endgame quietMove rookEndgame veryLong,https://lichess.org/zdlNWMWQ/black#84,
PoyWB,1nk4r/Q1p2pp1/1pqpp3/1N2P1r1/2PP2P1/5R1P/PP2n1K1/5R2 b - - 6 25,h8h3 g2h3 e2g1 h3h2 g1f3 f1f3 c6c4 b5d6,3037,122,87,633,advantage hangingPiece middlegame veryLong,https://lichess.org/80z3W8De/black#50,
Ijvz4,6r1/ppp1pkbR/3pNr2/3P2Q1/3NK3/5P2/qn6/8 b - - 5 34,f6g6 g5f5 f7e8 f5g6 e8d7 e6c5 d7d8 d4e6 d8c8 g6g7 a2c4 e6d4 c4d5 e4d5,3003,109,87,632,crushing deflection middlegame veryLong,https://lichess.org/929mabb6/black#68,
7CjZP,5r2/bN6/2PR4/4pk2/PP2p3/5p2/2R1K3/8 w - - 0 55,e2f1 f8h8 b7c5 a7c5 b4c5 h8h1 f1f2 h1h2 f2g3 h2c2,3030,111,94,631,advantage endgame exposedKing quietMove skewer veryLong,https://lichess.org/a7XOnCTx#109,
UdyBa,8/2R4p/6b1/2p2p2/2k1pP2/2P1K3/8/8 b - - 5 42,h7h5 c7g7 g6e8 g7e7 e8c6 e7f7 h5h4 f7f5,3061,119,87,631,crushing endgame veryLong,https://lichess.org/AePskSoU/black#84,
pRd1L,1r4k1/5p2/6B1/p2p2R1/2pP3q/P4P2/2RQ1KP1/1r6 w - - 1 37,g5g3 f7g6 d2e3 g8f8 c2e2 b1b2 e3e5 b2e2 f2e2 b8e8 e5e8 f8e8,3067,109,93,631,crushing middlegame pin veryLong,https://lichess.org/fXkHC3a9#73,
tdJTV,8/8/1p1n4/pP1P4/P2K4/8/8/6k1 b - - 1 68,g1f2 d4e5 d6c4 e5f6 f2e2 f6e7 e2f3 d5d6,3038,112,87,629,crushing defensiveMove endgame knightEndgame veryLong,https://lichess.org/aQmTpp6c/black#136,
IPJVz,8/1p1k2p1/5pP1/1KP1bP2/1B6/8/8/8 b - - 4 51,d7c7 b4a5 c7d7 a5d2 e5d6 b5b6 d6f8 d2b4 d7c8 b6a7 c8c7 c5c6 f8c5 b4c5,3002,130,90,628,bishopEndgame crushing endgame quietMove veryLong,https://lichess.org/bElWRH80/black#102,
spZLe,8/2P3R1/1p6/1P6/5p1k/2r5/4K3/8 b - - 2 45,f4f3 e2f2 h4h5 f2g3 f3f2 g3f2 h5h6 g7d7 h6g5 d7d6 c3c7 f2e3,3006,101,93,628,crushing defensiveMove endgame quietMove rookEndgame veryLong,https://lichess.org/ApGeh05A/black#90,
4DtvK,8/8/1p6/1bpkpp1p/P6P/2P1KPP1/1N6/8 b - - 0 34,b5c4 b2c4 d5c4 g3g4 f5f4 e3e2 h5g4 h4h5,3058,105,91,625,crushing defensiveMove endgame veryLong,https://lichess.org/Pf1Zjx35/black#68,
O3tT3,4r3/p6R/2p1qkp1/3p4/3Prbp1/2PQP1PP/P4K2/2B1R3 b - - 0 28,f4e3 c1e3 e6f5 f2g1 f5f3 e1f1 e4e3 d3d1,3030,114,88,623,crushing middlegame pin veryLong,https://lichess.org/0PWQD9Wy/black#56,
ukwij,2r2bk1/3q2p1/p3N2p/8/Pn3RQ1/7P/1r3PP1/3R2K1 b - - 3 30,d7e7 e6g7 e7e2 g4d7 e2d1 d7d1,3007,116,87,622,crushing long master middlegame,https://lichess.org/VCpo2fVr/black#60,
ysUEB,3q1r1k/4np1P/4p1NR/p2p1bP1/r2P4/2P1Q1R1/P4P2/2K5 b - - 0 35,f5g6 e3e5 f7f6 g5f6 e7c6 e5e3,3018,118,87,618,crushing long middlegame,https://lichess.org/3jbgRf7q/black#70,
YTMjt,8/8/8/1pp1kppp/3pP3/1P1K1PPP/2P5/8 b - - 1 42,g5g4 f3f4 e5e6 e4f5 e6f5 h3h4 f5e6 b3b4 e6d5 b4c5 d5c5 d3e4 b5b4 f4f5 d4d3 e4d3,3082,113,87,617,crushing endgame pawnEndgame quietMove veryLong,https://lichess.org/7wATwUbY/black#84,
g0IIA,8/8/5k2/p1pppP1K/1p2P3/1P1P4/1PP5/8 w - - 0 49,h5h6 c5c4 e4d5 f6f5 h6g7 a5a4 g7f7 a4b3,3023,115,89,616,crushing endgame pawnEndgame veryLong,https://lichess.org/ewNWiuj6#97,
qRGou,3r1r1k/pQ6/2p5/6P1/4q2p/4P1P1/PP3P2/1R3RK1 w - - 0 23,b7b3 h4h3 b3c3 h8g8 f2f3 f8f3 f1f3 e4f3 c3c2 f3e3 g1h1 e3f3 h1h2 d8d3,3050,109,93,615,crushing defensiveMove endgame veryLong,https://lichess.org/HuF40DJl#45,
ECgyI,2rq3r/1p3pk1/p3bNp1/6Qp/3ppR2/8/P1P3PP/5RK1 b - - 1 29,e4e3 g5e5 g7h6 g2g4 e6g4 f6g4 h5g4 f4g4,3008,119,87,614,crushing middlegame veryLong,https://lichess.org/5ra5OBKA/black#58,
GtjlA,rn3rk1/ppp2ppp/3p4/3N4/2B1P3/4b3/PPP3K1/R4R2 b - - 2 18,e3b6 d5e7 g8h8 e7g6 h7g6 f1f3 h8g8 a1h1 b6e3 f3e3,3059,124,88,613,advantage clearance middlegame quietMove sacrifice veryLong,https://lichess.org/LJ4c2OsB/black#36,Petrovs_Defense Petrovs_Defense_Three_Knights_Game
ZdTCB,8/5pp1/4p2p/3nP3/2k1K1PP/8/3B1P2/8 b - - 0 39,d5c3 d2c3 c4c3 h4h5 c3c4 f2f4 c4b5 e4d4 b5c6 d4c4 c6d7 c4c5 d7e7 g4g5,3022,118,89,613,crushing endgame master quietMove veryLong zugzwang,https://lichess.org/Wg8ME73I/black#78,
lCY4N,8/8/4ppp1/7p/3P3P/3kPKP1/8/8 w - - 0 47,f3f4 d3c4 g3g4 c4d5 g4h5 g6h5 f4f3 e6e5 d4e5 f6e5 f3e2 d5e4,3005,113,84,613,crushing endgame pawnEndgame veryLong zugzwang,https://lichess.org/NuvkVfoP#93,
yr0R5,2kr3r/pb1p1p2/1p2p3/2b1P2p/6n1/2NB3P/PPP2PP1/R1B2R1K w - - 1 16,h3g4 h5g4 h1g1 h8h5 c3e4 d8h8 e4g3 h5h2,3080,135,86,612,clearance crushing discoveredAttack discoveredCheck middlegame quietMove veryLong,https://lichess.org/V9nQDs7U#31,Sicilian_Defense Sicilian_Defense_Open
BsAgt,r2q1r2/pb1p3k/1ppn1b2/4p2p/4Pp1P/3B1P2/PPPQ1B2/2KR2R1 b - - 0 23,f6h4 f2h4 d8h4 d3c4 f8f6 d2g2 h4g3 g2h1,3048,130,89,611,advantage middlegame quietMove veryLong,https://lichess.org/jrg1XvHL/black#46,
NUNnj,2k4r/ppp1q1pp/2nr1p2/5n2/6b1/4PN2/PPPNBPPP/R2QK2R w KQ - 0 12,e1g1 g4f3 e2f3 e7d7 f3c6 b7c6 d1f3 d6d2,3058,107,88,611,crushing middlegame quietMove veryLong,https://lichess.org/HJr3Q7vT#23,Englund_Gambit_Complex Englund_Gambit_Complex_Hartlaub-Charlick_Gambit
y3vzi,4Q3/1b1r2pk/7p/8/PP1Pp2q/4B3/4Pr1P/2R3RK w - - 2 29,e3f2 e4e3 g1g2 h4g4 f2g3 g4e2 c1g1 d7d4,3017,99,92,611,advantage discoveredAttack discoveredCheck middlegame pin veryLong,https://lichess.org/nvLYzrpC#57,
Tc7qV,8/5pp1/4p2p/3kP2P/5PP1/4K3/8/8 b - - 6 45,d5c4 e3e4 c4b5 e4d4 b5c6 d4c4 c6c7 c4b5,3077,109,87,610,crushing defensiveMove endgame pawnEndgame veryLong zugzwang,https://lichess.org/cyGf9fcv/black#90,
a9IUD,8/8/3p2bP/8/3k1p2/2p2B2/6P1/2K5 b - - 1 50,d4c4 f3d1 g6h7 d1c2 h7g8 c1d1,3019,90,94,610,bishopEndgame crushing defensiveMove endgame long quietMove,https://lichess.org/gQewTMP6/black#100,
zWa5T,6k1/6p1/PQp2p2/6p1/8/6P1/1pq1rPP1/5RK1 b - - 0 33,c2c1 b6b3 g8h8 a6a7 e2e8 b3b8 h8h7 g3g4,3013,108,87,610,advancedPawn advantage defensiveMove endgame veryLong,https://lichess.org/W2QhsQdk/black#66,
JkNXC,8/5p1k/8/1P4p1/P2p1n1b/5Q2/2q2P2/1R1R2K1 w - - 2 42,b5b6 h4f2 g1f1 f2e3 b1c1 c2f5 d1d4 e3d4,3024,136,90,609,advantage endgame quietMove veryLong,https://lichess.org/eqaclJgx#83,
9Fu10,r2qr3/ppp1npp1/2n4k/3p2Nb/3P2P1/B1P4P/P1P2P2/R2QR1K1 b - - 0 14,h6g5 d1d3 h5g4 h3g4,3021,119,87,608,advantage middlegame quietMove short,https://lichess.org/nHkX5Lqf/black#28,French_Defense French_Defense_Winawer_Variation
pHT8V,6k1/1p4p1/p4p2/P1Q5/1P1q4/6P1/5PK1/8 b - - 1 40,d4c5 b4c5 g8f8 g2f3 f8e7 f3e4 e7e6 e4d4 f6f5 f2f3 f5f4 g3g4 g7g6 d4e4 g6g5 e4d4,3011,125,87,608,crushing defensiveMove endgame quietMove veryLong zugzwang,https://lichess.org/bnEQK2f3/black#80,
w38B4,4K3/3P1rk1/6p1/1N5p/8/1P6/8/8 b - - 2 52,f7d7 e8d7 h5h4 b5c3 g7f6 b3b4 h4h3 c3e2 f6g5 e2g1 g5g4 g1h3 g4h3 b4b5 g6g5 b5b6 g5g4 b6b7 g4g3 b7b8q,3001,115,93,608,advancedPawn crushing endgame hangingPiece promotion quietMove veryLong,https://lichess.org/biRi7LId/black#104,
O6ZFE,8/6k1/6p1/7p/pp6/2b1R1P1/4K2P/8 w - - 0 50,e2d1 g7f7 e3d3 a4a3 d3d7 f7e6 d7a7 e6d5,3014,111,85,604,crushing defensiveMove endgame veryLong,https://lichess.org/gbBPeHNz#99,
ewGnn,4r1k1/1Q3pp1/7p/pP6/P6P/3q1PP1/2R3K1/8 w - - 0 37,c2c7 e8e1 b7a8 g8h7 a8e4 e1e4,3084,96,93,604,crushing defensiveMove endgame long quietMove,https://lichess.org/bS5J9kUF#73,
giVL1,8/8/6pk/6rp/8/7P/6RK/8 w - - 16 59,g2g5 h6g5 h2g3 g5f6 g3f2 g6g5 f2e2 f6e6,3036,94,87,604,crushing defensiveMove endgame master quietMove veryLong zugzwang,https://lichess.org/yZL4MgWH#117,
pkqkO,r3r1k1/pp3p1p/2p3PQ/q2p2P1/1b1P1n2/3BP3/P4P2/5K1R b - - 0 22,f7g6 h6h7 g8f8 d3f5 g6f5 h7f5,3000,110,93,604,crushing kingsideAttack long middlegame xRayAttack,https://lichess.org/81GEYnFM/black#44,
T9z31,3r2k1/q3rbp1/p7/P2p2N1/1Pp5/2Pn1Q2/6PP/R4R1K b - - 6 32,d8f8 f3f5 g7g6 f5h3 f7e6 f1f8 g8f8 h3h8 e6g8 a1f1 d3f2 h1g1 e7f7 g5e6,3025,124,90,603,attraction crushing discoveredAttack kingsideAttack middlegame veryLong,https://lichess.org/MUlojMYw/black#64,
zr1lG,r1r3k1/1p3pPb/1q2p3/4nN2/2B1nN1P/pPP1Q3/P4P2/2KR3R b - - 2 23,e5c4 f5e7 g8g7 h1g1 g7f8 f4g6 f8e8 e3h6 f7g6 h6h7 c4d6 e7c8 a8c8 h7g6,3053,119,88,603,middlegame,https://lichess.org/TNroiplb/black#46,
Spy6M,r4rk1/p3nNbp/bq2p1p1/2pp1nN1/Pp4P1/1B1PB3/1PP4P/R3QR1K b - - 0 19,f5e3 e1e3 h7h6 a4a5 b6c6 e3h3 f8f7 g5f7,3021,129,89,602,advantage middlegame veryLong,https://lichess.org/JIRj8pPN/black#38,Sicilian_Defense Sicilian_Defense_Closed
zLvf2,4rk2/5p2/8/1p1P3n/2pqNPQ1/8/1PK3P1/R6R w - - 1 33,h1h5 d4e4 c2c3 b5b4 c3b4 e4d4 h5h8 d4h8 b4c5 h8b2,3026,123,90,602,advantage endgame hangingPiece veryLong,https://lichess.org/xuW2Irra#65,
LNRlX,3r3k/1p3r1p/4Rp2/p7/Pb1NQPq1/8/1PP3P1/5RK1 w - - 0 33,d4f5 b4c5 f5e3 f7g7 f1f2 g4h5,3070,95,87,601,crushing defensiveMove long middlegame pin quietMove,https://lichess.org/avNqGG3M#65,
N5jNN,8/p7/1p1k4/8/P1KP1p1p/5P2/7P/8 w - - 0 35,h2h3 d6e6 d4d5 e6e5 a4a5 e5d6 a5b6 a7b6 c4d4 b6b5 d4e4 b5b4 e4d4 b4b3 d4c3 d6d5,3006,101,93,599,crushing defensiveMove endgame pawnEndgame quietMove veryLong zugzwang,https://lichess.org/M0MchEsC#69,
eVxGv,r4r2/1p3pkp/p2p4/4p3/Pn5Q/5N2/1Pq3PP/R4R1K b - - 1 22,b4c6 f3e1 c2g6 a1a3,3021,121,86,596,crushing defensiveMove middlegame short,https://lichess.org/pplcmR9M/black#44,
pxAJl,1k5r/pp3RQ1/2pq1P2/4r3/3pP3/3P4/PPP3B1/6K1 b - - 2 39,e5e8 f7b7 b8c8 g2f3 h8g8 f3g4,3017,124,90,595,crushing endgame long quietMove,https://lichess.org/D10LN6zU/black#78,
yLFbJ,r4rk1/p1p2ppp/np3q2/3R4/8/1Q3PN1/PP4PP/3R2K1 b - - 4 18,f8d8 g3h5 f6e7 b3c3 f7f6 c3d4,3056,124,86,595,crushing long middlegame,https://lichess.org/QaGBpAcA/black#36,Indian_Defense Indian_Defense_Omega_Gambit
6pztV,r3k2r/p4ppp/2p1p3/2Bp4/8/1P2QP2/P1P4P/q5RK b kq - 1 22,a1a2 e3g5 f7f6 g5g4 e8c8 g4e6,3004,107,91,593,crushing endgame long,https://lichess.org/PqnPFEGi/black#44,
Utwes,3r2k1/2q2ppp/p7/1p6/2pr2PQ/3bRB1P/PP3P2/4R1K1 b - - 1 24,g7g6 h4h6 c7c8 f3b7 c8b8 b7c6 c4c3 b2c3 d4d6 e3e8 d8e8 e1e8 b8e8 c6e8,3081,111,85,593,crushing fork middlegame veryLong,https://lichess.org/gjxznwzn/black#48,
rHLnk,1k1r3r/p1p2p2/1pb5/4bq2/PRQ1N3/2P3P1/1P3P1p/4RK1B b - - 1 32,e5g3 c4c6 f5h3 f1e2 g3f4 b4d4,3011,119,87,591,advantage hangingPiece long middlegame,https://lichess.org/aL8s07O7/black#64,
IkHOn,5Q2/7p/2p3p1/P6k/1PB1p3/4q2P/3p2P1/7K w - - 4 47,g2g4 h5h4 c4b3 e3b3 f8f2 b3g3 f2d2 h4h3 d2h6 h3g4 h6h2 e4e3 h2g2 g4f4,3078,115,87,588,crushing defensiveMove endgame master veryLong,https://lichess.org/qzYFlJFS#93,
mdBxg,2RQ4/pq3pkp/2bp2p1/4p3/2PbP1B1/P2P3P/5rPK/8 b - - 7 28,d4b6 d8f8 g7f6 f8d6 f6g5 h2g3 f7f5 c8c6,3050,123,86,588,advantage middlegame veryLong,https://lichess.org/qJHBIvrH/black#56,
MIard,5rk1/p4p1p/5Ppb/3pP2P/8/1q6/4Q3/K2R3R w - - 0 30,h5g6 f8b8 d1d3 b3b5 e5e6 f7g6 f6f7 g8h8,3075,127,86,587,crushing defensiveMove endgame quietMove veryLong,https://lichess.org/56c6XySk#59,
TX9bl,3r2k1/p3b1p1/4p1bB/1pp1P3/1qB1P3/1P2QP2/P7/2K4R b - - 0 25,g7h6 c4e6 g6f7 h1g1 e7g5 g1g5 g8f8 g5g1,3025,125,85,587,crushing defensiveMove exposedKing middlegame veryLong,https://lichess.org/JoUHVO3g/black#50,
OZwwq,r4rk1/p4ppp/np2p3/2q1P3/2Pp1Q2/3B1P2/PP2N2P/6RK b - - 4 20,a6b4 d3h7 g8h7 f4h4 h7g8 h4f6 g7g6 g1g4,3003,98,92,585,advantage attraction kingsideAttack middlegame pin sacrifice veryLong,https://lichess.org/2sZHlnks/black#40,
fF0zG,2k2r2/pp6/3Pb3/2P1b1p1/1P2P1pq/2n3N1/P3QPB1/R2R2K1 w - - 1 26,d6d7 e6d7 e2e3 d7b5 a2a4 b5c4 c5c6 f8h8,3007,117,87,585,middlegame,https://lichess.org/nzWcMKma#51,
4XmiS,6k1/3B1ppp/1q1p1bP1/3P3P/8/3r4/1PQ5/1K5R b - - 0 30,d3c3 h1e1 f7g6 h5g6 h7g6 c2h2 c3c7 d7e6,3037,129,90,584,crushing endgame quietMove veryLong,https://lichess.org/9JwnoiFp/black#60,
Ul2U5,2r5/5p1p/4pp2/pp3k2/5N2/qP4P1/P2RPPKP/3R4 b - - 9 28,c8c1 d2d5 e6e5 d1c1 a3c1 h2h4,3037,120,87,584,crushing defensiveMove endgame long master pin,https://lichess.org/fK2HMMFl/black#56,
ruuDW,r4r1k/bQp4p/p7/P3pq1p/1PB1R2P/2P2p2/5P2/R1B3K1 w - - 1 30,g1f1 a8d8 c1e3 f8g8 b7a6 g8g6,3039,120,85,583,crushing long master middlegame quietMove,https://lichess.org/tSacf0kS#59,
VLTAt,r4k2/7p/6p1/1p3p2/2p1qP2/1nP3QP/p4RPK/3R4 w - - 0 31,g3g5 e4e7 g5h6 f8e8,3031,119,87,582,advantage defensiveMove endgame master short,https://lichess.org/ZvhUZyLh#61,
g8XhN,8/b4p2/p6k/1p1P1Qpn/4P3/1P2qN1P/P5P1/5B1K w - - 10 51,f5g4 f7f5 e4f5 e3c1 h1h2 a7b8 g2g3 h5g3,3015,120,87,582,advantage endgame pin veryLong,https://lichess.org/Hp75kHcB#101,
ozhCc,4r2k/pQ1n2p1/3P4/2p1pq1P/2P5/2B2rP1/PP6/2KR3R w - - 1 28,h5h6 e8b8 c3e5 f5g5,3047,115,87,581,advantage master middlegame short,https://lichess.org/pHHQMJiB#55,
ql1MQ,5nkb/3r3p/p1p1rnpB/qp2p3/4P1P1/1PNB1P2/PKPQ4/3R3R b - - 1 21,e6d6 c3b5 a5d2 b5d6 d2a5 d3c4 f6d5 e4d5 d7d6 d5c6,3014,121,87,579,crushing discoveredAttack discoveredCheck middlegame sacrifice veryLong,https://lichess.org/WnqhJI6b/black#42,
LV3BE,rr6/3kpPb1/3pN3/pq1P4/8/1P3P1p/P4Q2/1KB4R b - - 2 32,g7f6 h1d1 b8c8 f2h2,3009,119,86,577,crushing master middlegame quietMove short,https://lichess.org/568xbPXg/black#64,
rfooL,5nrk/rb2q1p1/4p1Rp/pp1pNp2/2pP1P2/2P1P2P/PPB1Q2K/6R1 b - - 5 26,h8h7 e2g4 f5g4 g6e6 g7g6 e6e7,3054,108,92,577,advantage discoveredAttack discoveredCheck long middlegame sacrifice,https://lichess.org/PegM4cIn/black#52,
d9yLy,R7/p1b3p1/6q1/2r1p3/3n2k1/3P2P1/PP1Q2K1/5R2 w - - 7 39,a8h8 g6c6 g2g1 g7g5 d2g2 c6g2,3079,107,90,575,crushing long middlegame quietMove,https://lichess.org/k7nDe4rL#77,
tEfhc,rn2k2r/pb1p1pp1/3Pp3/1p2P1N1/7p/PB1QB3/1PP2Pqn/R3KR2 b Qkq - 1 17,b7a6 e1c1 h2f1 b3e6 f1e3 e6f7,3022,118,84,575,advantage attackingF2F7 castling long middlegame sacrifice,https://lichess.org/0SGCRK3U/black#34,French_Defense French_Defense_Queens_Knight
9rXCA,R1b2r2/1p3kp1/6n1/1PPp4/3Pppqp/1QN1P3/1B3PP1/5RK1 w - - 0 26,c3d5 f4f3 d5f4 f7e7 b3d5 f8f4 d5d6 e7f7,3010,99,92,572,crushing defensiveMove discoveredAttack middlegame veryLong,https://lichess.org/gqcCaPfJ#51,
du7gl,3rR3/p2P1pkp/5qp1/bppQ1P2/8/2P5/1B4PP/6K1 b - - 0 26,c5c4 b2a3 b5b4 a3b4 a5b4 c3b4 c4c3 d5c5,3034,118,86,572,crushing endgame master quietMove veryLong,https://lichess.org/5pRe7kdr/black#52,
jvR4w,r3r1k1/p5pp/2p1pB2/8/3PP3/1qnBKQ2/7P/7R b - - 0 34,g7f6 h1g1 g8f7 f3h5 f7f8 h5h6 f8e7 g1g7 e7d6 h6f6 c3d5 e4d5 b3d5 f6f7,3036,110,84,572,crushing deflection middlegame pin veryLong,https://lichess.org/amU7SdXQ/black#68,
Gumhh,4r2Q/4k3/p3qpP1/1p1n4/2p5/2P2PN1/PP6/2K4R w - - 5 39,h1h7 e7d8 g3e4 e6b6 g6g7 b6e3 c1d1 e3f3,3064,121,86,570,crushing defensiveMove endgame quietMove veryLong,https://lichess.org/9Yk6bqj7#77,
kHLVd,r4k2/p3rP2/1p1Q4/4N2p/3p3q/BP1K4/P7/8 b - - 1 47,h4g3 d3c4 g3g5 c4b5,3023,124,88,570,advantage defensiveMove endgame short,https://lichess.org/9jzmppBm/black#94,
kjqNh,1k1r1b1r/pp3pp1/2R1p3/1Q1pPq2/3P1P2/1N2B1p1/PP3R1P/6K1 w - - 0 22,h2g3 f5e4 g1f1 e4e3 b3a5 d8d7 c6c2 e3e4 f2h2 h8h2 a5c6 b8a8,3004,120,86,570,crushing defensiveMove middlegame quietMove veryLong,https://lichess.org/svOghodd#43,
l1CPn,8/8/7p/8/P2Rp3/5k2/r4P1P/4K3 w - - 5 47,h2h4 a2e2 e1d1 e2f2 d4d6 f2f1 d1c2 e4e3 d6f6 f3g2,3014,117,86,570,crushing defensiveMove deflection endgame master rookEndgame veryLong,https://lichess.org/6j5BPcxi#93,
0wKno,7r/2q1k2p/R4pp1/2bp4/4nP2/1rPNP2Q/7P/1N3RK1 b - - 0 22,e7f7 b1d2 c7c8 h3c8 h8c8 d2b3,3092,124,86,569,crushing long middlegame,https://lichess.org/hmp35k97/black#44,
pyZVB,5r2/3qpk2/n2p2R1/2pP3N/p3P3/2b1B3/p1P4Q/2K4R w - - 1 28,h2f4 f7e8 f4f8 e8f8 h1f1 d7f5 f1f5 f8e8,3027,105,91,569,advantage defensiveMove middlegame sacrifice veryLong,https://lichess.org/vcG0MuVo#55,
F9pR2,8/8/2p5/8/p1kPb3/P6p/1P5B/2K5 w - - 20 47,h2e5 c4d5 e5h2 d5d4 c1d2 e4d3 h2g1 d4e4,3031,126,83,568,bishopEndgame crushing defensiveMove endgame quietMove veryLong,https://lichess.org/YBDYOnO3#93,
U8nLh,rq2nrk1/1b2R1p1/pp2P1Qp/2p5/P1n5/2N3P1/1P3PBP/3R2K1 b - - 0 22,b7g2 d1d7 b8e5 e7f7 c4d6 f2f4 e5f6 f7f6,3020,109,87,565,crushing master middlegame pin quietMove veryLong,https://lichess.org/0i8fMTmL/black#44,
zTXGO,8/P7/1n6/1Pp1kpp1/8/3B1K1P/8/8 b - - 0 46,c5c4 d3c4 e5d4 c4e2 g5g4 f3g3,3001,117,87,565,crushing endgame long quietMove,https://lichess.org/MgPxp6Fi/black#92,
OF4tV,3r3k/5bp1/2R4p/2Q1qN2/4p3/6P1/2PK1P1P/8 w - - 1 29,d2e2 f7c4 e2e3 e5c3 e3e4 d8e8,3013,119,86,564,crushing endgame long,https://lichess.org/6sUG20k5#57,
3m6C8,8/8/1p1p4/pP1P1N1p/P1P1np2/3k1K2/8/8 b - - 3 47,d3c4 f3e4 c4c5 f5e7 c5b4 e7c8 b4a4 c8d6 h5h4 e4f5 a4b3 d6e4 a5a4 d5d6,3047,126,86,562,crushing endgame hangingPiece knightEndgame quietMove veryLong,https://lichess.org/2WOaH0oE/black#94,
B8ERr,rr6/6kp/8/q3NbP1/2PP4/8/P4Q2/K2R3R w - - 5 39,h1h7 g7g8 h7h3 b8b7,3044,127,87,562,advantage defensiveMove middlegame short,https://lichess.org/6WPYQgbq#77,
FecFn,3r4/5Bpk/1q3bp1/p6n/P3R1R1/1P5P/KP2QP2/3r4 b - - 0 35,f6b2 f7g6 h7h6 g4g1 b6c5 g1d1 c5a3 a2b1 d8d1 e2d1,3002,115,87,562,advantage fork middlegame veryLong,https://lichess.org/Jku9JDv7/black#70,
SczJ1,8/5p2/5P1p/7P/3k1PK1/8/8/8 w - - 1 52,g4f5 d4d5 f5g4 d5e6 g4f3 e6f5 f3e3 f5f6 e3e2 f6e6,3021,124,89,562,crushing defensiveMove endgame master pawnEndgame veryLong zugzwang,https://lichess.org/77gC9H5f#103,
vlOHP,r1bn2k1/pp3ppp/4p3/q7/1B6/2P2N1P/P3QPP1/5RK1 b - - 1 16,a5b6 f3e5 d8c6 f1d1,3011,107,87,560,advantage defensiveMove middlegame short,https://lichess.org/9dO1Tqx4/black#32,Sicilian_Defense Sicilian_Defense_Open
wpZPW,8/8/1p2p3/p2k1pKp/P4Pp1/1P4P1/7P/8 w - - 7 40,g5h5 b6b5 h5g5 b5b4 g5f6 d5d6,3078,131,84,559,crushing defensiveMove endgame long pawnEndgame quietMove,https://lichess.org/c2L6YlkQ#79,
vnaKa,3r4/8/p2P1R2/1p6/3P3k/2q1RK2/P4P2/8 b - - 3 60,c3d4 e3e4 h4g5 e4d4 g5f6 f3e4 f6e6 d6d7 a6a5 d4d5 b5b4 e4d4 a5a4 d4c5,3081,119,86,558,advancedPawn crushing endgame fork master queenRookEndgame veryLong,https://lichess.org/gLRZ7SSM/black#120,
PJvWZ,r1bq1r2/pp2np1p/3p1kp1/8/4P1P1/3BbN2/P6P/1R2QR1K b - - 1 20,e3b6 e1c3 f6e6 f3g5 e6d7 g5f7 d8e8 f7d6,3048,115,86,557,crushing deflection middlegame veryLong,https://lichess.org/CcPEOtxV/black#40,
llc4t,8/8/2p1k3/1p6/p3P3/P4K2/2P5/8 w - - 2 54,f3e3 b5b4 e3d2 c6c5 a3b4 a4a3 d2c3 c5c4 b4b5 e6d6 b5b6 d6c6 e4e5 c6b6,3094,126,90,557,crushing endgame pawnEndgame quietMove veryLong,https://lichess.org/UBz4Kjjk#107,
uTT7X,r5r1/bQp1qk2/p3pn2/4p2p/4P2B/2P5/PP3PP1/RN3R1K w - - 1 19,f2f4 g8g4 h4g5 e7d8,3038,114,87,556,advantage defensiveMove middlegame short,https://lichess.org/MoTzxQHV#37,
FDKRD,5r1k/1B4pp/2PPq3/8/rp3p2/4pP2/1P2Q2P/1K1R3R w - - 1 30,e2d3 f8f5 d3d4 e6a2 b1c2 b4b3 c2c3 a4d4 d1a1 d4d6,3028,107,87,555,crushing discoveredAttack middlegame quietMove veryLong,https://lichess.org/5q9Q13hl#59,
FG61s,r1b4r/p3kppp/2Qnp3/2p5/3q1b2/2N5/PPPP2PP/R1B2R1K w - - 1 14,c6a8 f4e5 d2d3 d4h4,3009,100,92,554,advantage clearance master middlegame short,https://lichess.org/rQK8xShC#27,Sicilian_Defense Sicilian_Defense_McDonnell_Attack
MdcNa,4rbk1/1pR2p1p/5Bp1/p3P2P/4PQ2/1q6/6PK/8 b - - 0 32,a5a4 f4h4 f8g7 f6g7 b3b6 h5g6,3008,122,86,554,crushing endgame long quietMove,https://lichess.org/iiVNcq1O/black#64,
hXW0P,r2qn3/pp4k1/3p2pQ/2pb4/3b4/3P4/PPP3RP/R1B4K b - - 3 26,g7f7 h6g6 f7e7 g6h7 e7e6 h7g8 e6d7 g8d5,3078,106,91,554,advantage deflection middlegame skewer veryLong,https://lichess.org/beHVBt6S/black#52,
ja7lC,2r2rk1/p5bp/2Q1pnp1/1N1p4/3P2b1/2B1PN2/P1q1BPP1/R3K2R w KQ - 1 17,b5c7 f6e4 f3d2 c8c7 c6c7 g4e2 c3a5 e2c4 d2c4 c2f2,3083,127,87,554,attackingF2F7 crushing discoveredAttack middlegame veryLong,https://lichess.org/2P7c9yHX#33,Indian_Defense Indian_Defense_Other_variations
tZHT9,8/p3bkp1/1p5p/1q2P2P/6P1/4BQ1K/8/8 b - - 1 53,f7e6 f3f5 e6d5 e5e6 d5c6 f5b5 c6b5 g4g5 b5c6 g5h6 g7h6 h3g4,3046,129,86,554,crushing defensiveMove discoveredAttack discoveredCheck endgame exposedKing master veryLong,https://lichess.org/qWx5nZbJ/black#106,
DWIhq,8/1p6/8/P3K1B1/k7/3p3P/8/5n2 w - - 2 45,e5d4 d3d2 g5d2 f1d2 d4e3 d2c4 e3f4 a4a5 h3h4 a5b6 f4f5 b6c7 f5e6 c7d8,3053,121,93,553,advancedPawn crushing defensiveMove endgame veryLong,https://lichess.org/uzYlEeeL#89,
Ufems,1k1r2nr/pp4qp/N1pP4/3bp3/1Q6/3R2P1/PPP5/2K2B2 b - - 1 24,b8c8 f1h3 d8d7 h3d7 g7d7 c2c4,3002,96,82,553,crushing long middlegame queensideAttack,https://lichess.org/1kjWbglx/black#48,
pJXzr,r1b5/ppp5/4p3/4kr2/6R1/2NK4/Pq3PQ1/8 b - - 1 27,e5f6 g4g8 f6e7 g2g7 f5f7 g7d4 f7f3 d3e4,3057,137,89,551,crushing middlegame veryLong,https://lichess.org/mz7DvlS5/black#54,
nCd3C,2b1r3/5kPp/2B2N2/5p2/R7/4n1PK/1B2P2P/3q4 b - - 4 39,d1f1 h3h4 f7g7 a4a7 c8d7 a7d7 g7g6 f6h5,3005,108,92,549,advantage defensiveMove exposedKing middlegame veryLong,https://lichess.org/UVYyneOE/black#78,
ffl4Z,6k1/pp5p/5p2/2q1P3/6b1/3p2P1/PP1QP1BP/6K1 w - - 0 27,g1h1 d3e2 e5f6 g8f7 g2d5 f7f6,3017,141,90,547,advancedPawn crushing endgame long master,https://lichess.org/IAvCGuw2#53,
EJLtY,7k/4b1q1/1p1P3p/pP1P3P/P2R2p1/2p3B1/K1Q3p1/8 b - - 0 37,g2g1q d6e7 g7e7 d4c4 g1e3 c4c8,3034,105,94,546,advancedPawn crushing endgame long,https://lichess.org/Joqcof9G/black#74,
qIQzW,8/5p2/7p/5p2/p4PPP/5P2/k1K5/8 b - - 0 50,a2a1 h4h5 f7f6 c2c3 a1a2 g4g5 a4a3 g5f6,3019,127,84,546,crushing endgame pawnEndgame quietMove veryLong,https://lichess.org/PvDb9pIF/black#100,
3CYZB,2r5/p2R1kpp/1b2p3/4qp2/8/1Q4N1/Pr3PPP/5R1K b - - 1 25,f7g6 b3d1 h7h6 f1e1,3020,109,86,545,advantage middlegame quietMove short,https://lichess.org/XBGkWdjS/black#50,
Sk3aZ,2rq1rk1/5p1p/6pN/pp2P3/2pP2Q1/b3B3/6PP/5RK1 b - - 1 29,g8h8 h6f7 f8f7 f1f7 c4c3 e3g5 c3c2 g5f6 h8g8 f6d8 c2c1q f7f1 c1e3 g1h1 c8c1 g4e6,3038,130,86,542,collinearMove crushing fork middlegame veryLong,https://lichess.org/VLDZSlky/black#58,
lqEwF,5k2/3r2p1/1b3pQ1/4pN2/1prpP1PP/q5B1/P1P2P2/RK1R4 w - - 0 36,d1d3 a3a4 d3d2 d4d3 c2d3 c4c1 b1c1 d7c7,3007,123,88,542,advantage attraction middlegame sacrifice veryLong,https://lichess.org/4gJIq1aW#71,
HjGKo,8/1Q6/p2p2k1/3Pp1p1/2P1PqB1/5p2/PP3Nn1/2K5 w - - 1 35,c1c2 g2e3 c2d3 e3g4 f2g4 f4g4 b7e7 g4g2,3012,99,92,541,crushing endgame veryLong,https://lichess.org/IoQfeq9K#69,
oQ3yS,rb3rk1/3nq2p/2p2n1P/2Pp2N1/1P1Qp1R1/2N1P3/1B4P1/2KR4 b - - 0 26,f6g4 c3d5 e7e5 d5e7 g8h8 d4d7 a8a1 c1c2 f8f2 d7d2 f2d2 d1d2,3008,114,86,541,crushing discoveredAttack middlegame pin veryLong,https://lichess.org/UletR57b/black#52,
rwhTY,8/6p1/4k3/4P3/1p6/1Kb4P/4N3/8 w - - 7 39,e2c3 b4c3 b3c3 e6e5 c3c4 g7g6,3021,110,86,541,crushing defensiveMove endgame long zugzwang,https://lichess.org/yRCTK6Ex#77,
wSaKg,4rrk1/1bqR1pb1/p5p1/2p4p/2B1P3/1P3Q2/P4PPP/3R2K1 b - - 5 24,c7b6 d7f7 g8h8 f7g7 h8g7 d1d7,3014,92,91,541,advantage attraction kingsideAttack long middlegame,https://lichess.org/dkXEyni3/black#48,
uQ0Ms,4bk2/pp2np2/1b4pp/8/3N1Q2/1BP2N1P/P4qPK/8 b - - 3 28,g6g5 d4e6 f8g8 f4b8,3029,123,89,540,crushing master middlegame pin short,https://lichess.org/PEZAZYGJ/black#56,
2WKuQ,1r5k/3r2b1/p2Pq3/2R1P2p/3BBp1P/P4P2/7N/K6R b - - 8 39,b8b3 c5c8 g7f8 c8f8 h8g7 f8c8,3018,106,86,539,advantage defensiveMove exposedKing long middlegame,https://lichess.org/Ca4c7QNE/black#78,
SgmLS,1qk1r3/1p3Rp1/pQp5/6Pp/7P/P7/1PPp4/2K5 w - - 0 28,c1d2 b8d6 d2c3 d6g3 c3b4 g3e1 c2c3 a6a5 b4a5 e8e5 a5a4 e1d1,3017,125,89,539,attraction crushing endgame veryLong,https://lichess.org/GwZk6kyX#55,
ZEVB3,r2qkb1r/ppp2p2/5n2/4P2p/2B3p1/2N5/PP1B1PQP/n2K2R1 b kq - 0 16,f6h7 g2b7 f8g7 b7c6 e8f8 c3d5 g7e5 g1e1,3056,122,86,539,crushing middlegame veryLong,https://lichess.org/7qGxBVv0/black#32,Philidor_Defense Philidor_Defense_Other_variations
6FJBa,4RB1k/7p/5pp1/3P4/p1q5/7P/P4PP1/6K1 b - - 0 37,h8g8 f8a3 g8g7 d5d6 c4a2 a3c5 a2c2 d6d7 c2d1 g1h2 d1d7 e8e7 d7e7 c5e7,3056,113,92,537,advancedPawn advantage discoveredAttack discoveredCheck endgame fork quietMove sacrifice veryLong,https://lichess.org/VKe4kEtK/black#74,
OuKhn,5r1k/2p2p2/3p1P1p/6p1/r1B3P1/2qPQR1P/P5K1/8 b - - 0 31,a4a3 e3e7 a3a8 c4f7 c3c2 g2g1 f8f7 e7f7,3013,119,87,537,crushing endgame veryLong,https://lichess.org/eOENG4Jb/black#62,
qYd41,4r1k1/ppp2pp1/3b3p/8/2n4q/P3B3/1PPQ2R1/R2B2K1 w - - 6 25,d2c3 d6g3 e3c5 e8e1 c3e1 g3e1,3031,115,91,536,advantage exposedKing kingsideAttack long middlegame quietMove,https://lichess.org/Yg69bWhT#49,
thnTU,2r1kb2/5ppq/p1b1p3/8/1p1N2Q1/1PN5/P4Ppr/2KRB1R1 w - - 0 32,d4e6 h7h3 e6g7 f8g7 g4g7 h3h6 g7h6 h2h6,3005,121,90,535,advantage exposedKing master middlegame veryLong,https://lichess.org/NuEoWfva#63,
xX89D,3r4/6pk/p3r2p/2Pb4/B2p4/3R1p2/1PQ1p2P/4K3 w - - 0 38,d3d4 h7g8 d4f4 g7g5 f4f5 d5e4,3057,117,86,535,advantage defensiveMove endgame long,https://lichess.org/dBoRkFgR#75,
2YlcL,5R1R/1p3k2/p1pq1pp1/5pP1/3p3P/P1P5/1P3P2/6K1 b - - 3 37,f7e7 f8e8 e7f7 e8d8 d6f4 h8h7 f7e6 d8e8,3007,133,86,534,crushing endgame queenRookEndgame veryLong,https://lichess.org/MvKPwKst/black#74,
8Yc38,r5k1/1p4pp/p2p1r2/3Pn3/1PPB3q/1Q3P1b/P3BR2/6RK w - - 4 29,d4e5 h4f2 e5f6 a8e8 f3f4 h3f5,3046,113,89,534,advantage defensiveMove long middlegame,https://lichess.org/yvP9FbkS#57,
MxdAY,8/8/5k2/P4p2/4R3/1P1P4/1KP3r1/8 w - - 1 54,a5a6 f5e4 d3e4 g2g8 b3b4 g8b8 b2c3 b8b6 c3c4 b6a6,3033,117,89,534,crushing endgame quietMove rookEndgame veryLong,https://lichess.org/k1uqcYp7#107,
ZfaDW,8/5pp1/2k1p2p/4P3/3K1PPP/8/8/8 b - - 0 37,c6b5 h4h5 b5c6 d4c4 c6c7 c4b5,3046,121,87,534,crushing defensiveMove endgame long pawnEndgame quietMove zugzwang,https://lichess.org/nFs2JKNE/black#74,
JpcZV,8/1p5p/pk3pp1/3K4/1P2P1P1/8/7P/8 b - - 1 34,a6a5 b4a5 b6a5 g4g5 f6f5 e4f5 g6f5 h2h4 f5f4 d5d4 f4f3 d4e3 f3f2 e3f2,3017,122,87,533,crushing endgame master pawnEndgame quietMove veryLong,https://lichess.org/MA6hKBGc/black#68,
i4DHN,7R/1k3p2/2b5/p1p5/PpP1P2p/1P3qrp/2B4Q/1K6 b - - 1 43,g3g2 h2b8 b7a6 b8d6 f3f1 c2d1,3035,103,91,533,advantage defensiveMove endgame long pin,https://lichess.org/6O8GcCQU/black#86,
ULfpl,1r3qk1/5p1p/4pPp1/p2p3P/2p3Q1/P5R1/1r3PP1/4R1K1 b - - 0 30,f8h6 h5g6 h7g6 g3h3 h6d2 g1h2 d2f2 g4g5 f2d2 e1e3 d2g2 g5g2 b2g2 h2g2,3095,107,87,532,advantage endgame veryLong,https://lichess.org/9TJM4f3a/black#60,
BcYeR,8/1R3Nkp/6p1/5p2/1PpP1b2/2P4P/2R2KP1/r3r3 w - - 8 35,f7g5 g7g8 g5f3 e1f1 f2e2 f4g3 e2e3 g6g5,3028,118,88,531,advantage defensiveMove endgame quietMove veryLong,https://lichess.org/scpBl2Oy#69,
0ZCTl,8/5p1p/6p1/2kpP1P1/5P1P/pK2P3/8/8 b - - 1 52,a3a2 b3a2 c5c4 a2b2 d5d4 e3d4 c4d4 b2b3,3061,105,86,529,crushing defensiveMove endgame pawnEndgame veryLong,https://lichess.org/4TDhrTZ3/black#104,
FVdCG,8/8/3k2pp/5p2/3K1P2/6P1/7P/8 b - - 6 44,d6e6 d4c5 e6e7 c5c6 e7f6 h2h4 f6e7 h4h5,3061,110,91,529,crushing endgame pawnEndgame quietMove veryLong,https://lichess.org/d2S7La1P/black#88,
Lqxz3,2r1r3/p4pk1/7p/4pR2/4P3/1P2P1PK/q7/2BQ4 b - - 3 34,a2c2 d1g4 g7h8 f5f6 c8c6 f6f7 e8g8 g4f5 c6g6 f5e5 g8g7 f7g7 g6g7 c1b2,3009,118,85,529,crushing defensiveMove endgame master veryLong,https://lichess.org/ccnckLfw/black#68,
kDfup,6k1/5p2/4q3/5pQp/8/5P1P/5PK1/8 b - - 1 41,e6g6 g5g6 f7g6 g2g3 g8f7 g3h4 f7g7 h4g5 f5f4 g5f4 g7f6 f4g3 f6f5 f3f4 h5h4 g3f3 g6g5 f4g5,3000,103,87,529,crushing endgame queenEndgame quietMove veryLong,https://lichess.org/fngPz0Ou/black#82,
v3iai,8/8/2Rp1p1k/q1pPp2P/2P1PpP1/rQ3P1K/7R/8 w - - 6 60,b3c2 a3f3 h3g2 f3g3 g2f2 a5a1 g4g5 f6g5,3023,121,90,527,crushing endgame quietMove veryLong,https://lichess.org/M29KRzHf#119,
CgxSO,r7/pbpp1k2/1p2pr2/6B1/1bP3R1/2NQ1P1q/PP3P1P/R5K1 b - - 2 21,f6f3 g4f4 f7g7 g5f6 g7h6 f4f3 a8g8 f3g3 g8g3 d3g3,3033,123,89,525,advantage middlegame veryLong,https://lichess.org/S7UpPWoN/black#42,
nGDDb,r1bk3N/pppp1Bpp/8/n1n5/2Kp1q2/8/PPP3PP/RNBQ3R w - - 2 15,c4c5 f4e5 c5b4 a5c6 b4c4 b7b5 c4b3 c6a5 b3a3 b5b4 a3a4 c8b7,3042,123,90,525,crushing middlegame veryLong,https://lichess.org/zuilWUg6#29,Italian_Game Italian_Game_Two_Knights_Defense
MtIdc,5kr1/5p2/2p2P1q/1pPp2r1/pP1PpQP1/P7/8/5KRB b - - 2 52,h6h3 f1f2 f8e8 f4c7 g5f5 g4f5,3027,105,89,524,crushing defensiveMove endgame long,https://lichess.org/pZ8SPXv9/black#104,
7A7oQ,rr4k1/3n1pbp/2pq2p1/3n4/p2P1P1B/P4P2/1PBQN2P/K2R3R w - - 5 22,f4f5 d7e5 d4e5 g7e5,3032,132,82,523,crushing middlegame sacrifice short,https://lichess.org/vkCbEPKh#43,
AvZGk,R7/5pk1/6p1/5p2/P2N1K1p/1P1P1P2/6r1/8 w - - 2 44,a8a7 h4h3 f4e5 h3h2 d4e6 g7h6 e5f6 g2e2,3005,104,92,523,advancedPawn advantage defensiveMove endgame veryLong,https://lichess.org/h0aQleUR#87,
Bysjg,r5k1/3qppb1/1QNp2p1/3P3p/1pP2PnP/6P1/PP6/2KR3R w - - 1 23,c1b1 d7f5 b1a1 f5e4,3052,120,87,523,crushing middlegame short,https://lichess.org/OXOtbqKV#45,
IUooZ,r1q3nk/5Qpp/4P3/R1B3P1/1p6/3P4/7P/6K1 w - - 1 32,e6e7 a8a5 e7e8q c8c5 g1f1 a5a1 f1g2 c5c2,3006,99,94,523,advantage capturingDefender endgame veryLong,https://lichess.org/fS8HmkeD#63,
QKNnB,8/8/1R2b3/P3k3/1P6/2PK4/r7/8 w - - 3 67,b6e6 e5e6 c3c4 a2b2,3064,112,92,523,crushing endgame hangingPiece rookEndgame short,https://lichess.org/7Sm4jGkb#133,
v2sqv,8/8/3b4/3K4/4Pkp1/8/2B5/8 w - - 0 49,d5d6 g4g3 e4e5 g3g2 e5e6 g2g1q e6e7 g1b6 d6d7 b6b5 d7e6 f4g5,3011,126,87,523,advancedPawn bishopEndgame crushing defensiveMove endgame promotion veryLong,https://lichess.org/szMZOads#97,
99Bkp,8/2b2k2/3R4/1p3p1P/2p2K2/2P5/1P6/8 w - - 1 47,f4e5 c7b8 e5f4 f7e7 f4f5 e7d6,3070,118,86,521,crushing endgame long pin,https://lichess.org/SbQq58Bj#93,
KWDlc,1n6/1k3p1p/1p2pPp1/1P1pP3/1N1P2P1/6K1/7P/8 b - - 2 33,b7c7 g3f4 h7h6 g4g5 h6h5 b4d5 e6d5 e5e6 f7e6 f4e5 c7d7 h2h4 d7e8 e5e6,3016,115,86,520,crushing endgame knightEndgame quietMove sacrifice veryLong zugzwang,https://lichess.org/bRy66Qij/black#66,
0wAhX,1r4k1/p2n2rb/2n1R3/3p2NQ/2pP3P/2P3P1/q4P2/2R3K1 b - - 0 32,b8b1 h5e8 d7f8 e6f6 b1c1 g1h2 a2a3 g5e6 g8h8 e6f8 g7g8 f6f7,3059,108,88,519,advantage master middlegame sacrifice veryLong,https://lichess.org/QPRWuUg4/black#64,
SKoxf,8/5pp1/p1k1p2p/2P5/P1K1P3/6P1/7P/8 w - - 3 43,c4b4 h6h5 h2h3 f7f6 g3g4 g7g6,3058,123,87,518,crushing defensiveMove endgame long pawnEndgame quietMove,https://lichess.org/G96doiz4#85,
Szv7Z,3r4/2R4R/p3kp2/2P5/3p1PP1/8/4KP1P/r7 w - - 3 33,h7h6 d4d3 e2e3 a1e1 e3d2 e1e2 d2d1 e6d5 h6h3 d5c4,3029,112,85,518,crushing endgame rookEndgame veryLong,https://lichess.org/7ty26dCU#65,
5uWt0,6k1/5p1p/7r/8/1PP1b1P1/7P/2P1r1PB/2R3RK w - - 1 32,c2c3 e2e3 g4g5 h6h5 h3h4 e3h3 g1e1 h3h4 h1g1 h4h2,3007,109,75,516,crushing endgame pin veryLong,https://lichess.org/8GXOOpqO#63,
o3DK2,r4rk1/5p1p/p2p1nbQ/2p5/1p3NP1/3B1P2/qPP5/2KR3R b - - 1 22,c5c4 f4d5 a2a1 c1d2 a1b2 d3g6 f7g6 d5f6,3061,130,86,515,crushing kingsideAttack middlegame veryLong,https://lichess.org/pVqwedpD/black#44,
3QFlT,3r4/2n2pk1/3r1np1/p1qPB2p/1p3Q2/1P3P1P/P1PR2P1/3R3K b - - 5 32,c7b5 g2g4 b5c3 g4h5 g7g8 e5f6,3053,119,87,512,advantage long middlegame pin,https://lichess.org/Cv5CqHCj/black#64,
3rxoJ,r4rk1/pR2bppp/2pp4/8/8/3PBR1P/P1q3P1/4Q1K1 b - - 1 18,e7f6 f3f6 g7f6 b7b4 c2d3 b4g4,3070,112,86,511,crushing long middlegame quietMove sacrifice,https://lichess.org/rxV74zKR/black#36,Kings_Gambit_Accepted Kings_Gambit_Accepted_MacLeod_Defense
pj8rn,5rk1/2N1pq1p/p5p1/4P3/2nP1bPP/1Q4B1/P5PK/R7 w - - 2 27,e5e6 f7f6 h2h3 h7h5 b3f3 f6d4 a1d1 c4d2,3001,119,85,511,crushing middlegame veryLong,https://lichess.org/zTaXJu9g#53,
4UjWF,r6r/pR1Q4/1p2pk2/2p1qp1p/2P3p1/1PP2P1P/P5P1/5NK1 b - - 3 25,a8g8 f3f4 e5f4 d7e7 f6e5 b7d7,3099,121,87,510,advantage clearance endgame long,https://lichess.org/6IiBQx4v/black#50,
PX3vp,3rk3/5pp1/p1n1p3/2p1Pqb1/5n2/2BP4/P3B2Q/1R1K1R2 w - - 4 26,b1b7 d8d3 c3d2 d3h3 f1f4 g5f4 h2g2 c6d8 d2f4 f5f4,3092,116,92,510,crushing middlegame veryLong,https://lichess.org/AlWPqVsl#51,
T498h,6k1/1b4r1/p6p/1p6/2p1qP2/3p3Q/PP3RPP/4B1K1 w - - 2 36,e1c3 d3d2 c3d2 e4b1 f2f1 b1f5,3010,109,88,510,advancedPawn advantage clearance endgame long,https://lichess.org/oEXafHbD#71,
TuVvr,1R4k1/7p/6p1/1P2r3/6Q1/1q2p1P1/5P1P/2r2BK1 b - - 1 30,g8f7 g4f3 e5f5 f3b7 f7f6 b8f8 f6g5 b7e7 g5h6 f8f5,3013,116,89,510,crushing deflection endgame master veryLong,https://lichess.org/Wj3c9uFM/black#60,
Ezxsu,8/8/4kn2/p6Q/5P2/1P6/6K1/8 w - - 13 71,h5g4 f6g4 g2f3 g4h6 f3e4 h6f5 e4d3 e6d5,3021,107,94,509,crushing defensiveMove endgame hangingPiece quietMove veryLong zugzwang,https://lichess.org/KHTxHRat#141,
gUekM,8/p5p1/1p4p1/1PPK1p1k/P4R1P/8/r7/8 b - - 0 44,a2d2 f4d4 d2d4 d5d4 b6c5 d4d3 h5h4 a4a5,3010,128,86,509,endgame,https://lichess.org/8Sth6z9g/black#88,
SQlWv,2r2k1r/2q2pNp/p2p1R1Q/2n1p1B1/2n5/8/1pP4P/1K2R3 b - - 3 34,c7a5 g7f5 f8e8 f5d6 c4d6 e1e5 e8d7 f6d6 d7c7 e5c5 a5c5 g5f4,3009,110,90,508,crushing defensiveMove deflection discoveredAttack discoveredCheck fork middlegame veryLong,https://lichess.org/5BvUjbnD/black#68,
kjaMg,r1bq1rk1/pppp1pp1/5n1p/2b1p1B1/2B1P2P/2NP1Q2/PPP2PP1/2KR3R b - - 1 9,h6g5 h4g5 f6h7 c1b1 d8g5 h1h5,3094,128,87,508,advantage long middlegame,https://lichess.org/Ut0hqsz5/black#18,Italian_Game Italian_Game_Giuoco_Pianissimo
kWP1I,2r1r1k1/p2q3b/1ppB1p1Q/3pPP2/1P1K3P/2R5/8/5R2 b - - 0 34,f6e5 d6e5 c6c5 c3c5 b6c5 d4c3 c5b4 c3b3,3025,105,85,507,crushing middlegame sacrifice veryLong,https://lichess.org/CWLeVzul/black#68,
0eDPZ,8/5N1R/2K2kp1/1P5r/8/8/8/6b1 w - - 5 51,h7h5 g6h5 f7d6 h5h4 b5b6 h4h3 b6b7 g1a7 d6b5 h3h2 c6c7 h2h1q b5a7 h1h2,3017,117,85,506,advancedPawn crushing endgame promotion quietMove veryLong,https://lichess.org/ZLgJ720n#101,
UVf9h,6k1/6p1/3n2P1/1p3PKP/1P6/2P5/P7/8 w - - 3 58,h5h6 g7h6 g5f6 d6c8 g6g7 h6h5,3062,107,87,506,advantage defensiveMove endgame knightEndgame long quietMove,https://lichess.org/utshsIA5#115,
dZqyF,8/3k4/8/p4pR1/2pK4/2P3PP/8/r7 b - - 0 42,a5a4 g5f5 a1h1 d4c4 h1h3 f5f3 h3h2 c4b4 h2a2 g3g4 a2g2 f3f4,3038,128,87,506,crushing defensiveMove endgame quietMove rookEndgame veryLong,https://lichess.org/L5RPsgvC/black#84,
vCWfZ,1r5r/kb2qpb1/3pp2p/NQpn2p1/P2P4/3B1NP1/5RPP/1R4K1 b - - 5 23,e7c7 f3e5 d5c3 a5c6 a7a8 f2f7 c3b5 a4b5 b7c6 f7c7,3075,133,85,506,advantage exposedKing fork middlegame sacrifice veryLong,https://lichess.org/FoosOgIo/black#46,
PwDsZ,8/5pp1/1pk5/p2p3p/1P1P1P1P/P3PKP1/8/8 w - - 0 38,g3g4 a5b4 a3b4 f7f6 f4f5 c6b5 g4h5 b5b4 h5h6 g7h6,3001,124,88,504,advantage endgame pawnEndgame quietMove veryLong,https://lichess.org/1GPhAAct#75,
yQrmb,Q7/p5pk/4p2p/3pP3/2pP4/q3p3/P5PP/5R1K w - - 0 26,h2h3 a3b4 f1f8 e3e2 f8h8 h7g6 a8e8 g6g5,3000,122,89,504,advancedPawn advantage endgame quietMove veryLong,https://lichess.org/EgBkj3h0#51,
9IKqV,2K5/3PpB1p/5p2/b5p1/p7/5P1P/4k1P1/8 w - - 4 49,d7d8q a5d8 c8d8 e7e5 f7d5 f6f5 d8e7 e2e3 g2g4 f5f4 e7f6 e3d4,3003,123,87,503,crushing endgame quietMove veryLong,https://lichess.org/9AJBx471#97,
DJkTh,8/6p1/2p1p1k1/pp1pPp2/3P1PPK/PPP5/8/8 b - - 0 30,a5a4 b3a4 b5a4 g4f5 g6f5 h4h5 f5f4 h5g6 c6c5 d4c5,3048,126,87,503,crushing endgame pawnEndgame veryLong zugzwang,https://lichess.org/yHtpxv51/black#60,
Apr8j,8/p5p1/6pp/1p3k2/1P6/4KP2/P4P1P/8 w - - 0 36,a2a3 f5e5 f3f4 e5d5 e3d3 h6h5 h2h4 d5e6 d3e4 e6f6 f2f3 f6e6,3020,127,88,502,crushing defensiveMove endgame master pawnEndgame quietMove veryLong zugzwang,https://lichess.org/ibpdVbAC#71,
tVcZW,4r1k1/p6p/1p1b2pP/2p1p2q/8/P2P2Q1/1P1B2P1/5RK1 b - - 7 32,h5e2 g3h3 e2d2 h3f3 d2f4 f3d5,3035,105,93,502,crushing endgame long quietMove sacrifice,https://lichess.org/gKPTN5R6/black#64,
tlMgb,r6k/pp3Rbp/1qp3p1/4p1Q1/2BPP3/7b/PPP1N2P/6K1 b - - 2 21,e5d4 e2f4 d4d3 g1h1 b6d8 g5g3,3012,122,84,502,crushing long middlegame,https://lichess.org/KNX75YKS/black#42,
QWacU,r3r3/5Q2/pp2p3/2k1q1N1/2P5/1P3B2/P4KP1/3N4 b - - 2 30,e5g5 f7c7 c5b4 c7b6 b4a3 b6d4 g5c1 c4c5 a3a2 d1c3 c1c3 d4c3,3035,119,87,501,crushing deflection endgame quietMove veryLong,https://lichess.org/hd6G9nFc/black#60,
QONnv,8/p6p/1p6/3k2p1/1P6/P3KPP1/8/8 w - - 0 38,f3f4 g5f4 e3f4 b6b5 g3g4 a7a6,3002,102,87,498,crushing defensiveMove endgame long pawnEndgame quietMove zugzwang,https://lichess.org/YQ53Rdt9#75,
TjfXS,4r1k1/5p2/pp4p1/2n4p/P3pQ1P/1PR1P1P1/2N2PK1/3q4 w - - 2 32,c2d4 d1a1 c3c4 c5d3 f4d6 d3e1,3013,115,87,495,crushing endgame long,https://lichess.org/OyPgCq1e#63,
bfxeO,1r4k1/3qprb1/3p4/1Pp3Bp/4P1nQ/2N4R/1PP3PP/R5K1 w - - 3 20,h4h5 g7d4 g5e3 g4e3 c3e2 d7b5 g1h1 e3c2,3055,106,85,495,advantage master middlegame veryLong,https://lichess.org/eAGgX5rJ#39,
YmhSL,r4b1k/5q2/5P2/2pRpBpP/1pP1Pp2/1P1Q4/8/6K1 w - - 3 43,d5e5 g5g4 f5g4 f7f6 e5d5 f6h4,3029,126,89,494,crushing endgame long master quietMove,https://lichess.org/QSMS0q8q#85,
Pver2,6Q1/8/8/5p2/p1K5/8/3N1k2/7q w - - 2 50,g8d5 h1d5 c4d5 a4a3 d5e5 f2e1 d2b3 e1d1 b3a1 d1c1,3089,118,85,493,crushing defensiveMove endgame veryLong,https://lichess.org/hsa3ZPih#99,
fBodb,r1q2r2/bppk2p1/p2p2Q1/3P2P1/1PP1P3/P2Kn1P1/8/R6R b - - 0 25,e3g4 g6g7 d7e8 a1f1 a7f2 h1h8 f8h8 g7h8 e8f7 h8h7,3058,119,87,493,crushing middlegame pin veryLong,https://lichess.org/xNns96Ys/black#50,
lgt62,3r1rk1/p5b1/3p1pp1/3P4/1p2qP2/8/1P2NP1Q/3RK2R b K - 1 26,f6f5 h2h7 g8f7 h1g1 d8e8 h7g6 f7e7 f2f3,3006,113,84,493,crushing exposedKing middlegame pin veryLong,https://lichess.org/5yYXI5ZF/black#52,
CLugD,5r1k/pbp1q3/1pn1p1QP/2n1P3/2P2B2/2P2N2/P4P1P/3K2R1 b - - 0 20,f8d8 d1e2 b7a6 f4g5 a6c4 e2e3 d8d3 g6d3,3025,116,84,492,advantage defensiveMove master middlegame veryLong,https://lichess.org/2sOtI31g/black#40,
GQCTK,4r1k1/1b3p1p/pN4p1/P1p4n/3rP3/2qB1PP1/4Q2P/R4RK1 w - - 3 25,d3a6 b7a6 e2a6 d4d2 b6c4 d2c2,3013,118,87,492,advantage long middlegame,https://lichess.org/w7BgFdNS#49,
QZuji,r1r4b/4k2p/p2Nb2B/qp4Pp/2n1Pp2/1BPQ1P2/PP6/2KR4 w - - 7 28,d6c8 a8c8 e4e5 a5b6 d3h7 e6f7,3005,117,86,492,advantage defensiveMove long master middlegame quietMove,https://lichess.org/dKVFibXz#55,
ZP9NU,3r4/1Qpk1p2/5q2/2P4r/1P4p1/P2P2P1/5P2/R4RK1 w - - 1 29,b7b5 d7c8 a1e1 f6h6 f2f4 g4f3,3027,98,93,492,crushing defensiveMove enPassant endgame long quietMove,https://lichess.org/XazizM7P#57,
mFCS1,7R/pk4P1/1p3r2/1Pn1K1bP/P7/4p3/8/5R2 b - - 0 51,c5d7 e5d4 f6d6 d4e4 e3e2 f1e1,3003,117,86,492,advantage defensiveMove endgame long,https://lichess.org/b5xsfBDh/black#102,
vlO7h,2r1k1r1/5p2/p2PpB2/Q2p4/8/4nnP1/P1q2P1P/1R3R1K b - - 0 23,g8g3 b1b7 f3e5 a5b4 e5d7 b7c7 c2c7 d6c7,3031,118,86,492,advancedPawn crushing middlegame quietMove veryLong,https://lichess.org/ALvDcrta/black#46,
i1F1q,2r2rk1/pp3ppp/8/5bq1/3p4/1P1Q2P1/P2N2NP/R3KBR1 w Q - 2 24,h2h4 g5e7 d3e2 e7b4 e1f2 f8e8,3063,109,93,491,advantage long middlegame,https://lichess.org/iE7y32Zu#47,
KuGZv,r4rk1/pp3ppp/2p5/q1n1nPRQ/8/P1PBB3/2PK1P1P/R7 b - - 1 18,c5d3 f5f6 f8d8 g5g7 g8f8 g7f7 e5f7 h5a5,3021,109,88,490,advantage kingsideAttack middlegame pin veryLong,https://lichess.org/XIRKXphG/black#36,Philidor_Defense Philidor_Defense_Other_variations
rRXd0,6k1/1N1b2b1/pp5p/3P4/2P1Q1pP/1P2P1P1/P5B1/q1K5 w - - 1 32,c1d2 g7c3 d2d3 a1e1 e4g6 c3g7,3061,126,87,490,crushing defensiveMove endgame long,https://lichess.org/Z5yTScFI#63,
NKMOi,8/5Qpk/p3p2p/4P3/PpB1bb2/5N2/2P2qPP/7K w - - 1 33,c4d3 f2e3 d3e4 e3e4 f7e6 e4c2,3021,109,88,489,crushing endgame long,https://lichess.org/lmYEbxWz#65,
AI2gE,6Q1/4kp1R/3r1q2/1p6/4P1P1/5P2/P1r4P/3R2K1 w - - 9 36,d1e1 f6f4 h7f7 f4f7,3002,114,90,486,advantage endgame short,https://lichess.org/5pgNpIy5#71,
EjESR,7Q/8/B5pp/2npkp2/r2q4/2n5/6PP/2R4K b - - 7 35,e5e4 c1e1 e4f4 h8h6 g6g5 g2g3 f4f3 h6g5 c5d3 g5f5,3002,102,87,486,crushing deflection middlegame veryLong,https://lichess.org/pMUvidRw/black#70,
I197a,4k3/1r1n1pp1/1q1Pp1p1/p1p1P2r/Pp2N3/4Q1P1/5PK1/1R5R b - - 3 31,h5e5 h1h8 d7f8 b1h1 f7f6 f2f4,3033,122,87,486,clearance crushing long middlegame quietMove,https://lichess.org/YarQ0LnX/black#62,
0qUH6,1k3r1r/pp6/q2pQ1p1/4n3/6p1/2P1P1P1/PP4BP/R1B3KR w - - 1 22,a2a4 a6d3 e6d5 f8f1 g2f1 d3d5,3047,122,86,485,crushing deflection long middlegame,https://lichess.org/mVUObpSl#43,
zeDo2,2r1kr2/pp3p1p/2bQ1p2/8/2p1P3/8/P3qPPP/3RR1K1 b - - 1 18,e2a2 e4e5 f6f5 e5e6 f7f6 d6g3,3035,125,86,485,clearance crushing defensiveMove long middlegame,https://lichess.org/WEXkxvCc/black#36,Scotch_Game Scotch_Game_Other_variations
NgQR1,r1bQ2r1/pp1n1k2/2pb2p1/3p1pB1/3P4/5N2/PPP1BPqP/2K3RR b - - 3 16,g2f2 f3e5 f7g7 g5f6 g7h7 g1g6 d7f6 g6g8 f2e3 c1b1 f6g8 d8d6,3042,123,83,483,crushing discoveredAttack middlegame veryLong,https://lichess.org/CAwvMgcN/black#32,Latvian_Gambit Latvian_Gambit_Greco_Variation
OE1gZ,r1b2rk1/ppp3b1/2npq2p/5pP1/3p4/P2P1N1P/1PPB1KB1/R2QR3 b - - 2 18,e6g6 f3h4 g6f7 g2c6,3042,128,84,483,crushing discoveredAttack master middlegame short,https://lichess.org/fpfwEw11/black#36,Anderssens_Opening Anderssens_Opening_Other_variations
i24bN,8/4b3/1p5p/1Pp3p1/2PkPpP1/3B1P1P/3K4/8 w - - 0 58,d2c2 d4e3 e4e5 e3f3 c2d2 e7d8,3010,124,89,483,advantage bishopEndgame defensiveMove endgame long,https://lichess.org/HdVOrIhx#115,
2nWGl,r3r1k1/pp2bppp/2n5/2qp3b/5B2/2PB1N1P/PP3PP1/R2QR1K1 w - - 4 15,d3h7 g8h7 f3g5 h7h6 g5f7 h6g6 f7e5 c6e5 d1c2 g6f7 e1e5 h5g6,3009,107,87,482,advantage clearance hangingPiece master masterVsMaster middlegame veryLong,https://lichess.org/51mJEyfo#29,Alekhine_Defense Alekhine_Defense_Samisch_Attack
DllTF,r3k2r/pp1qp3/3p4/2pP4/2P3pP/8/PP1QP1K1/1R3R2 b kq - 0 22,h8h4 f1f8 e8f8 d2g5 h4h7 b1f1 h7f7 f1h1,3014,125,87,482,crushing defensiveMove endgame sacrifice veryLong,https://lichess.org/9sVsYjfX/black#44,
khXVv,8/1B3pp1/3k3p/3n4/3p2P1/7P/1P2K3/8 w - - 0 40,b7d5 d6d5 e2d3 h6h5 b2b4 h5h4 g4g5 d5e5 b4b5 e5d5 b5b6 d5c6 d3d4 c6b6,3035,107,86,482,crushing endgame quietMove veryLong,https://lichess.org/C3OiX3UU#79,
y6Us5,r1bqr1k1/pppn3p/1b1p2p1/8/8/1QPBP3/PP1N1PP1/R3K2R b KQ - 2 14,g8g7 h1h7 g7h7 b3f7 h7h8 e1c1 d8h4 f7e8 h8g7 d3c4,3050,134,83,482,attraction castling crushing defensiveMove middlegame sacrifice veryLong,https://lichess.org/9hSDrCzg/black#28,London_System London_System_Other_variations
0mICY,8/R7/1p2p1k1/6p1/2Pp4/3PnK2/P6b/6R1 w - - 0 40,a7a6 h2g1 f3g3 e3f5 g3g2 g1e3 a2a4 f5h4 g2g3 g6h5 a6b6 e3f4 g3f2 g5g4 b6b5 e6e5 f2e2 g4g3,3010,115,87,481,clearance crushing endgame exposedKing hangingPiece quietMove veryLong,https://lichess.org/5vGPq9l6#79,
Ifa31,8/1r6/6p1/p1p1pkPp/1qPp3P/1Q1P2K1/P7/1R6 b - - 3 41,a5a4 b1f1 f5e6 b3c2,3082,129,86,479,advantage endgame short,https://lichess.org/EjdbHJaG/black#82,
EndD1,8/3r2p1/4k2p/5p2/1pP5/7P/2Kp1PP1/3R4 w - - 0 48,d1d2 d7d2 c2d2 e6d6 d2d3 d6c5 h3h4 h6h5 g2g3 f5f4 g3f4 b4b3 d3c3 b3b2 c3b2 c5c4,3017,113,93,478,advancedPawn crushing deflection endgame quietMove rookEndgame veryLong,https://lichess.org/XDaGJTYu#95,
N6b4Q,3k4/8/8/1KP5/4Rp2/8/4pr1P/8 w - - 0 44,c5c6 d8c7 h2h4 f2g2,3021,107,93,476,advantage defensiveMove endgame master rookEndgame short,https://lichess.org/9ppMyonV#87,
vpfI7,8/5pp1/2k4p/1p2P3/3K1P2/6P1/7P/8 w - - 5 39,f4f5 b5b4 f5f6 g7f6 e5f6 c6b5 d4d3 b5a4 d3c2 a4a3 c2b1 a3b3 g3g4 b3c4,3013,116,83,476,crushing defensiveMove endgame pawnEndgame quietMove veryLong,https://lichess.org/hd7lNHQ6#77,
FnUcY,8/6p1/2k4p/pp2p3/1PP5/1P1K2P1/7P/8 b - - 0 40,b5c4 d3c4 a5b4 g3g4 c6d6 h2h3 d6e6 c4b4 e6d5 b4c3 d5e4 c3d2,3046,124,86,475,crushing defensiveMove endgame pawnEndgame quietMove veryLong,https://lichess.org/5jy5sHgj/black#80,
XZ3tB,2rr2k1/pbq2pp1/4pn1p/2p1N3/2P2P2/1P1B4/P1Q3PP/3RR1K1 b - - 0 19,f6d7 d3h7 g8f8 e5f7 f8f7 e1e6,3034,121,90,475,advantage discoveredAttack kingsideAttack long middlegame,https://lichess.org/QIzR97tl/black#38,
tWgRQ,8/8/6p1/1B6/p1p2k2/P1P3pP/1n4P1/6K1 w - - 0 49,g1f1 f4e3 h3h4 e3d2 b5e8 b2d3 e8a4 d3f4 a4c6 d2c3 a3a4 c3b4,3013,109,94,475,crushing endgame quietMove veryLong,https://lichess.org/tdrxrrRi#97,
fVG62,8/1pp5/p2p4/5k2/3P4/1PP1K3/1P6/8 w - - 0 43,e3d3 a6a5 d3c4 f5e4 b3b4 a5b4,3018,119,86,474,crushing endgame long pawnEndgame quietMove,https://lichess.org/Y69gIeVv#85,
gZSb8,Q7/7p/p4bpk/1p6/5n2/NBP2P1P/PP3qP1/4R2K w - - 1 32,a8f8 h6h5 e1g1 f4h3 g1c1 f6e5 f3f4 e5f4,3052,110,85,474,crushing defensiveMove middlegame veryLong,https://lichess.org/DLSAUDOJ#63,
xjyoQ,r2qk2r/p1p2ppp/2p2Pb1/6B1/1P6/P1b5/2P2KPP/R2Q1B1R b kq - 1 14,c3a1 d1e1 e8f8 e1a1 g7f6 g5h6,3092,126,90,474,crushing fork long middlegame,https://lichess.org/IGzmvrki/black#28,Scotch_Game Scotch_Game_Other_variations
IdDH7,6k1/3n4/p5P1/2P3KP/3B4/8/2b5/8 b - - 2 44,a6a5 c5c6 d7f8 d4b6 f8e6 g5f6,3079,112,88,473,clearance crushing defensiveMove endgame long,https://lichess.org/JLHSfv7i/black#88,
JhiwA,r7/3qp1kp/3p2p1/pPpP4/B1PbnPbB/1Q6/R5KP/5R2 w - - 3 31,b3d3 e4c3 f1e1 e7e5,3004,114,87,473,advantage middlegame short,https://lichess.org/G7XDEJkD#61,
iiYm1,r7/ppp2kpp/4bq2/3Qpn2/3n4/3P4/PPP2PPP/RNB2RK1 w - - 1 15,d5c5 d4e2 g1h1 f5g3 h2g3 g7g5 c5b4 e2g3 h1h2 g3e2 c1g5 f6g5,3004,134,89,473,advantage intermezzo kingsideAttack middlegame quietMove sacrifice veryLong,https://lichess.org/VKh3a9yN#29,Italian_Game Italian_Game_Two_Knights_Defense
wfp4r,8/8/5p2/p1nk3p/P4K2/6PP/2B5/8 b - - 4 44,d5c4 c2d1 c4d5 f4f5,3081,117,87,473,crushing endgame short,https://lichess.org/yc5RWODl/black#88,
I0gSE,8/8/5k2/P1n3p1/2Bpp1P1/8/4K3/8 b - - 1 40,d4d3 e2e3 c5d7 a5a6 d7b6 c4g8,3039,122,87,471,crushing defensiveMove endgame long,https://lichess.org/4wMZwuEQ/black#80,
UwLys,1r1k4/R7/1p4pp/p7/5PPK/8/8/8 b - - 4 37,d8c8 f4f5 g6f5 g4f5 b6b5 a7g7 b8b6 g7g6 a5a4 g6b6,3055,129,88,468,crushing endgame quietMove rookEndgame veryLong,https://lichess.org/wmUsYTH8/black#74,
CD0dP,3q1rk1/5p2/1p2b1p1/p1p1Q1P1/3pR3/8/1P3PB1/6K1 b - - 5 36,f8e8 e4h4 g8f8 g2d5 d4d3 h4h8 f8e7 d5e6,3055,117,87,466,clearance crushing endgame veryLong,https://lichess.org/NNut1QCG/black#72,
ElTv6,8/1kp5/1p3Rp1/p3P3/3p1P2/3P4/1KP3r1/8 b - - 1 44,g6g5 f4f5 g2e2 e5e6 b7c6 f6f8,3054,114,86,466,crushing defensiveMove endgame long quietMove rookEndgame,https://lichess.org/kbjaBuHA/black#88,
bI7gr,3r2k1/p4ppp/4qn2/1b6/2NpP3/QP1P4/PBr3PP/R2R2K1 w - - 3 22,a1c1 c2g2 g1g2 f6e4 d3e4 e6e4 g2f2 d8d5,3003,107,86,466,crushing defensiveMove kingsideAttack middlegame sacrifice veryLong,https://lichess.org/xtrww8jl#43,
lcQsh,8/3r1k1p/p4PpP/q1p2pQ1/Pp4P1/4R3/P1P5/2K5 b - - 0 29,a5a4 g4f5 a4a2 f5g6 h7g6 g5e5 a2d5 e5e8 f7f6 e3e1 d5d2 c1b1 d2e1 e8e1,3054,119,86,466,advantage endgame master quietMove veryLong,https://lichess.org/PlV07pjT/black#58,
lJyPd,r2q2r1/ppp2k1p/8/6B1/1PP1P3/2QP4/P4P2/4K2R b K - 0 23,g8g5 h1h7 f7f8 c4c5 g5g8 f2f4,3014,112,85,465,crushing defensiveMove endgame long quietMove,https://lichess.org/S3V1ygGF/black#46,
oMJiU,1Q6/p3qr1k/4b1p1/2p4n/P1Pp1p2/3P2p1/6PP/1R1B1R1K w - - 0 37,d1h5 e7h4 h5g6 h7g6 b8g8 g6h6 g8h8 f7h7 h8f8 h6g6 f8e8 g6f6 e8d8 h7e7 f1f4 h4f4,3010,111,86,465,advantage middlegame veryLong,https://lichess.org/7Panr3mx#73,
TXgZf,r3qb1k/pR1r4/P5pp/4p1p1/4P3/B1Q2NPP/5PK1/8 b - - 5 33,f8a3 f3e5 a8c8 c3a3 d7b7 a6b7 c8b8 a3c3 h8h7 c3c7,3037,114,91,464,advancedPawn crushing intermezzo master middlegame quietMove veryLong,https://lichess.org/Zu1RtAPP/black#66,
Yud2X,8/4Q3/5pk1/p6p/7P/1q3KP1/5P2/8 w - - 2 41,f3f4 b3c4 f4f3 c4d5 f3e3 d5e5 e7e5 f6e5,3068,106,94,463,crushing endgame master queenEndgame veryLong,https://lichess.org/2GhhIlG3#81,
C1REz,1r1q2k1/pr1bppBp/n2p2p1/2pP4/2P1n3/P2BPN1P/2Q2PP1/1R3RK1 b - - 0 18,e4f2 b1b7 b8b7 f3g5 g8g7 g5f7 g7f7 c2f2,3016,116,84,462,advantage attraction middlegame sacrifice veryLong,https://lichess.org/8GBuPlun/black#36,Benko_Gambit Benko_Gambit_Other_variations
aXCHv,7k/1p4p1/2pb1p2/7p/2Q3K1/1P2qN1P/PB4P1/8 w - - 0 30,g4h4 h8h7 c4f7 e3f2 h4h5 f2g2 b2f6 g2f3,3059,133,90,462,crushing endgame fork veryLong,https://lichess.org/BkazBrj0#59,
g0U7u,r4rk1/p4p1p/1p2p1p1/2p5/5Q2/P1BP1b2/BPP2q2/2K1R3 b - - 3 28,a8e8 f4f6 e6e5 b2b4 c5b4 a3b4,3038,123,83,462,crushing long middlegame,https://lichess.org/VFq9YF6O/black#56,
Nf5Ym,3r4/4Nppk/1RP4p/Q3b3/8/4P1PP/2pq1PK1/8 w - - 0 37,a5e5 d2d3 b6b3 d3b3 c6c7 b3b7 e3e4 d8c8 e7c8 c2c1q e5f5 h7h8 c8d6 b7c7 d6f7 h8g8,3066,104,92,461,advancedPawn advantage endgame promotion veryLong,https://lichess.org/i6WeLX3f#73,
YrsFi,5bk1/1r3p2/1q1p2p1/3P2Pp/2P4P/2PN4/pPR1Q1P1/K7 w - - 0 38,d3b4 b6g1 a1a2 b7e7 e2f2 e7a7 a2b3 g1a1 f2a7 a1a7,3063,122,89,460,advantage endgame veryLong,https://lichess.org/L8VVzW5n#75,
VUMS8,1r2k3/1bq1bp1p/p7/1pPp4/8/3Q4/PPBP1P1r/RNB1RK2 w - - 1 19,b2b4 h2h1 f1e2 c7e5 d3e3 e5h5 f2f3 h1e1 e2e1 d5d4,3040,129,85,459,crushing fork middlegame veryLong,https://lichess.org/85cXTuhh#37,Ruy_Lopez Ruy_Lopez_Bird_Variation
UiToi,2kr4/Np2qp2/p3p3/2pPn2p/Q1PbP3/P3n3/4B1rP/1R2BR1K b - - 1 25,c8c7 a4a5 c7b8 a7c6 e5c6 d5c6 e3f1 h1g2 d8g8 g2h3 e7d6 b1b7 b8c8 e2f1 e6e5 b7f7 d6e6 f7f5,3032,123,78,458,advantage master middlegame pin veryLong,https://lichess.org/JDzi0GEd/black#50,
rsczZ,8/8/pp5p/4pn1P/1kP5/1P3BP1/P1K5/8 w - - 1 44,g3g4 f5d4 c2d3 d4f3 d3e4 f3g5 e4e5 a6a5,3010,103,92,458,crushing defensiveMove endgame fork veryLong,https://lichess.org/6oWtdRY9#87,
A6e6O,8/8/p7/1p1K1pk1/8/1P4P1/P7/8 w - - 0 50,d5d4 g5g4 d4e5 b5b4 e5f6 g4g3 f6f5 g3f3 f5e6 f3e2 e6e5 e2e3 e5d5 e3d3,3011,102,86,457,crushing defensiveMove endgame pawnEndgame quietMove veryLong zugzwang,https://lichess.org/qBwfh1UW#99,
lGEZV,4R3/8/8/8/2Pk3p/4ppbP/P7/5K2 w - - 0 64,a2a4 g3d6 a4a5 d6c5,3084,124,87,457,crushing defensiveMove endgame master quietMove short,https://lichess.org/pfhEAJhL#127,
vNx0f,8/5Rpr/8/1KPk2p1/8/8/8/8 b - - 2 51,h7h6 f7g7 h6h5 g7g8 g5g4 g8g4 h5h1 g4g5,3019,102,86,457,crushing endgame rookEndgame veryLong,https://lichess.org/Terwfe5T/black#102,
nso2h,4k3/4Pp2/1r5p/p2PKN1P/4P1P1/8/8/8 b - - 1 54,a5a4 d5d6 b6b8 f5e3,3071,108,91,456,crushing defensiveMove endgame master short,https://lichess.org/7F3zZNtz/black#108,
QaPge,kr6/p3pR2/p1p4b/8/1KPP3Q/6BP/PP4P1/3q4 w - - 2 34,b4c5 b8b5 c5c6 d1c2 d4d5 c2g6 d5d6 b5b6,3016,99,86,455,advantage endgame fork pin veryLong,https://lichess.org/9oLxIvJi#67,
XbbWZ,8/R6P/2kP4/p7/4K3/1p6/8/7r w - - 1 45,e4e5 b3b2 d6d7 h1e1 e5f6 b2b1q,3019,92,93,455,advancedPawn crushing endgame long promotion rookEndgame,https://lichess.org/DjeKSccM#89,
cK5Ui,8/6pk/5p1p/1p1P4/2p2Q2/P1Pq1K1P/1P3PP1/8 w - - 11 36,f3g4 h6h5 g4h5 d3e2 f2f3 e2g2 f4g4 g7g6 h5h4 g2f2 g4g3 g6g5 h4g4 f6f5 g4g5 f2g3,3010,95,93,455,attraction crushing deflection endgame queenEndgame veryLong,https://lichess.org/a238tMCk#71,
zCEI6,8/B1k5/2P5/1P5p/P4pp1/8/4K2b/8 w - - 0 43,e2f1 f4f3 f1f2 h5h4 a4a5 h2g3 f2g1 h4h3 a7b6 c7d6,3000,106,92,455,bishopEndgame crushing endgame exposedKing quietMove veryLong,https://lichess.org/7nUUPRSj#85,
zWCYw,r3k1nr/ppp1qp1p/8/n2pPb2/1K1P1Bp1/8/PPP3PP/RN1Q1BNR w kq - 1 12,b4a5 f5d7 f1b5 d7b5 f4g5 f7f6,3022,98,86,455,advantage long middlegame quietMove,https://lichess.org/5FSo3UbV#23,Kings_Gambit_Accepted Kings_Gambit_Accepted_Modern_Defense
dgyML,1r1q4/3kb3/4b2p/1P1pQp1N/B1p2P2/P3P3/1P6/2K5 b - - 0 36,d8a5 e5b8 d5d4 b5b6 a5a4 h5f6 e7f6 b8c7 d7e8 b6b7,3077,123,85,454,advancedPawn advantage discoveredAttack discoveredCheck exposedKing hangingPiece middlegame veryLong,https://lichess.org/pNL0eZx9/black#72,
zStOz,8/5pkp/4p1p1/8/3PQ3/4P1PK/P6P/5q2 w - - 1 35,h3h4 h7h5 e4f4 f1g2 h4g5 g2d5,3040,117,86,454,crushing endgame long queenEndgame quietMove,https://lichess.org/2yJDBZvF#69,
LND1c,4rrk1/2q1bpp1/2P2n1p/2n2R2/1p5B/1BNQ3P/1PP3P1/5RK1 w - - 1 27,f5c5 e7c5 g1h1 b4c3 h4f6 e8e3 d3f5 c5a7 f5g4 e3g3 g4d7 c7d7 c6d7 g7f6,3035,131,90,453,advantage hangingPiece middlegame quietMove veryLong,https://lichess.org/XlHrc6D7#53,
1k9XX,2k5/5ppp/1B6/1K3p2/P7/1P4P1/5P2/6b1 b - - 0 33,g7g5 b5c6 h7h5 b6c7 h5h4 g3h4,3034,96,93,452,bishopEndgame crushing endgame long quietMove,https://lichess.org/0xgZlRD0/black#66,
G9DdF,3r1k2/1p1P1p2/5p2/5K2/p6P/8/8/3R4 b - - 1 42,b7b5 f5f6 a4a3 d1d2 b5b4 d2c2 a3a2 c2a2,3020,122,87,452,crushing endgame master masterVsMaster quietMove rookEndgame veryLong,https://lichess.org/cqQlBdXo/black#84,
JLuVy,2kr4/pp2qppQ/4p3/2p5/2n2PP1/2P5/P1P2P1P/2K1R2R w - - 1 18,f4f5 e7d6 e1d1 d6f4 c1b1 f4f3,3091,120,84,452,crushing endgame long,https://lichess.org/IFrEpeFX#35,Queens_Pawn_Game Queens_Pawn_Game_Anti-Torre
ehCOG,8/8/8/2r2ppp/2Pk4/5P2/P1R1K2P/8 b - - 1 42,c5c4 c2c4 d4c4 e2f2 f5f4 h2h3,3034,110,89,452,crushing defensiveMove endgame long rookEndgame,https://lichess.org/cZsUyoAx/black#84,
YP6OC,r1b3k1/b1pp1pPp/p5r1/n2P4/7q/3Q2P1/PBB2P1P/R4RK1 b - - 0 19,h4h5 a1e1 c8b7 e1e5 h5h3 d3e4,3012,122,88,448,advantage long middlegame quietMove,https://lichess.org/yn8X5rPp/black#38,
s2Fcm,q2r2k1/5p1p/6p1/5n2/2p2P2/2Q2K2/P1P3PP/1R3B1R w - - 2 23,f3g4 h7h5 g4h3 g6g5 f4g5 a8e4 g2g3 f5e3 c3e3 e4e3 f1c4 e3f3 h1f1 f3g4,3089,126,87,448,crushing master middlegame veryLong,https://lichess.org/3eiWD2mb#45,
uReT5,8/p1p5/1p5p/1P3kp1/1PP1P3/5K1P/8/8 b - - 0 35,f5e5 f3g4 e5e4 g4h5 e4f3 c4c5 f3g3 h5h6,3002,118,86,447,crushing endgame pawnEndgame veryLong,https://lichess.org/LHckuqCn/black#70,
6k3C9,1r4k1/p4pp1/3p1P1R/2p1p2P/2P1P2q/4Q3/Pr4P1/5RK1 b - - 0 32,g7g5 h5g6 b2g2 g1g2 b8b2 f1f2 b2f2 g2g1 h4f6 g6f7 g8f8 h6f6,3038,104,92,445,advancedPawn crushing enPassant endgame veryLong,https://lichess.org/C69Wo1ju/black#64,
P02mX,8/6k1/6p1/7p/5P2/8/5PK1/8 w - - 1 52,g2f3 g7f7 f3g2 f7e6 f2f3 e6d5,3009,111,93,445,crushing defensiveMove endgame long pawnEndgame,https://lichess.org/GstZ0CMS#103,
iKAzK,8/8/K7/P1k5/8/8/6rp/7R w - - 1 67,a6b7 g2g7 b7a6 g7g6,3002,120,89,445,crushing endgame master rookEndgame short,https://lichess.org/Eu4FNrMN#133,
FLglz,r7/pp1k2bp/1n4p1/n1Nb1q2/5B2/5QP1/PP3PBP/3R2K1 b - - 9 22,d7c6 f3e2 d5g2 a2a4 b6a4 c5a4,3096,117,87,444,crushing long middlegame pin quietMove sacrifice,https://lichess.org/p0JqL5ot/black#44,
Q7Xo0,r2qkb2/2p2p2/pp2bP2/8/4Q3/2P1p1P1/PP5P/RN2K2R w KQq - 2 19,e4e3 d8d5 h1f1 e8c8 b1d2 e6g4 d2f3 d8d6 f3d4 c7c5 e3f4 d5h5,3016,123,84,444,advantage castling middlegame quietMove veryLong,https://lichess.org/hK3YfMn3#37,Ruy_Lopez Ruy_Lopez_Cozio_Defense
nvZm3,r3kb1r/p1p2ppp/4pq2/3p4/5B2/P5Q1/5PPP/RR4K1 b kq - 3 18,c7c5 f4g5 f8d6 g3d6 f6g5 d6c6 e8e7 c6c7 e7f6 b1b3 h7h6 b3f3 f6g6 f3g3,3010,104,87,444,advantage fork middlegame pin quietMove veryLong,https://lichess.org/Q6kdsfmQ/black#36,Queens_Pawn_Game Queens_Pawn_Game_Chigorin_Variation
CuJ2C,8/p7/1p6/5pk1/8/1P3K1P/1P6/8 b - - 2 43,a7a6 b3b4 g5h4 f3g2 b6b5 g2h2,3002,119,87,442,crushing defensiveMove endgame long pawnEndgame quietMove,https://lichess.org/su8OnD9B/black#86,
iDOtu,2k4r/1N3ppp/p7/3bP3/8/B4n2/P1P1q1PP/Q5RK w - - 1 22,a1c3 c8b7 g1b1 b7a8 a3f8 e2c4 c3c4 d5c4,3023,121,86,442,crushing hangingPiece master middlegame veryLong,https://lichess.org/tcBv418r#43,
jVdqt,7r/1q3k1p/p1rp1ppQ/2PRp3/4P1P1/5P2/P7/K2R4 b - - 2 31,c6c5 d5c5 d6c5 d1d8 h8d8 h6h7,3065,103,91,442,advantage clearance deflection endgame long sacrifice,https://lichess.org/AM6Ih9yA/black#62,
XIsGH,r4rk1/p4p1p/2p2n1b/2p4P/N1Q1Pqp1/1P6/PBP2PP1/3RK2R w K - 2 20,e4e5 f6e4 e1g1 g4g3 f2g3 f4e3 g1h1 a8d8 d1e1 e4g3 h1h2 g3f1,3022,92,85,440,advantage fork middlegame veryLong,https://lichess.org/cDUmlqJ1#39,
alCh1,3R4/3P4/8/pp6/5Kpp/P6k/1P1r3P/8 w - - 0 45,f4g5 d2d4 b2b3 b5b4 a3b4 a5b4 g5f5 h3h2 d8h8 h4h3,3060,118,87,440,crushing endgame rookEndgame veryLong zugzwang,https://lichess.org/KrFjhHpg#89,
psnyJ,8/5p2/6p1/7p/3k4/5PPP/6K1/8 w - - 1 42,g3g4 h5h4 g2f2 d4e5 f2e3 g6g5 f3f4 g5f4 e3f3 f7f6,3093,116,88,440,crushing defensiveMove endgame pawnEndgame quietMove veryLong zugzwang,https://lichess.org/WIeXkdHt#83,
puHW2,r5r1/pppkq1P1/1b2bpQB/1P6/2p5/N1Pp1N2/P4PPP/n2KR3 b - - 5 18,e7a3 e1e6 a8d8 g6g4 f6f5 g4f5,3072,110,90,439,advantage long middlegame,https://lichess.org/4y9jjWHq/black#36,Italian_Game Italian_Game_Classical_Variation
KDt5Z,8/3Q4/p2p2rk/3Pp3/1p3p2/1P5P/P1q3B1/5R1K w - - 4 32,g2f3 c2d3 f3g2 f4f3 f1f3 d3e2 d7g4 g6g4,3006,113,86,438,crushing endgame master veryLong,https://lichess.org/UHsxx07U#63,
T6J8x,8/r2k4/P2rp1p1/5p1p/R3KP1P/R5P1/P7/8 w - - 0 51,e4e5 d7e7 a4d4 d6c6 a3a5 a7a6,3015,121,86,438,advantage endgame long rookEndgame,https://lichess.org/O6IyF63v#101,
0v55P,1r6/1P6/2Pn2k1/p7/8/1KN1R3/PP4r1/8 b - - 2 32,d6f5 e3e4 g6f7 c3b5,3047,119,84,437,crushing defensiveMove endgame quietMove short,https://lichess.org/oQQ4a9aO/black#64,
DVDaX,2r2r1k/R2R2pp/6q1/8/1P5P/5Qp1/P4PK1/8 w - - 0 30,f3g3 f8f2 g2f2 c8c2 f2f3 g6c6,3010,111,87,437,attraction crushing endgame long pin sacrifice,https://lichess.org/1Iqd35NL#59,
idZE3,r4rk1/pp4pp/3ppb2/q7/3Q4/8/PPP3PP/RNB2RK1 w - - 0 14,d4d6 f6b2 c1b2 f8f1 g1f1 a5b5,3074,131,85,437,advantage attraction discoveredAttack long middlegame sacrifice,https://lichess.org/i62LY8q0#27,Sicilian_Defense Sicilian_Defense_McDonnell_Attack
VqPFN,8/1N6/7R/3p4/1pp2k2/1P5P/r7/5K2 w - - 0 52,h6h4 f4f3 f1e1 f3e3 e1d1 d5d4 b7d6 e3d3 d1c1 c4c3,3012,105,94,436,crushing defensiveMove endgame quietMove veryLong,https://lichess.org/hgDYtN38#103,
lYSv4,8/3b4/8/1p6/1P1k1p2/3P1B2/3K4/8 w - - 1 48,f3g2 d7f5 d2e2 f5g4 e2f2 d4c3 g2c6 c3b4,3005,116,86,436,bishopEndgame crushing endgame veryLong,https://lichess.org/qFLGGQ8s#95,
2o2IJ,2k2r2/ppqb1r2/8/4n2P/3pQB2/P1p1n3/2P1N1P1/1R3BKR w - - 4 23,f4e5 f7f1 b1f1 f8f1 g1h2 e3g4 h2g3 g4f2 e4d4 f2h1,3004,95,96,435,advantage fork middlegame pin veryLong,https://lichess.org/pWS1yiD2#45,
Rruun,8/5p2/5k1p/p1Rrp1p1/3Pp1P1/P3K2P/5P2/8 b - - 1 39,d5c5 d4c5 f6e6 e3e4 a5a4 c5c6 e6d6 c6c7 d6c7 e4e5 c7c6 e5d4 c6d6 f2f3,3054,125,87,435,advancedPawn crushing defensiveMove deflection endgame veryLong,https://lichess.org/nbScFnDB/black#78,
earxL,8/8/4kp1p/p5p1/1ppPKPP1/P6P/1P6/8 w - - 0 45,f4f5 e6d6 a3b4 a5b4 d4d5 d6c5 d5d6 c5d6 e4d4 c4c3 b2c3 b4b3 d4d3 d6c5 c3c4 c5b4 c4c5 b4a3,3037,92,94,435,crushing defensiveMove endgame pawnEndgame veryLong,https://lichess.org/poj57D9c#89,
ffU4x,8/8/4R3/8/5K2/3r2P1/3kp3/8 w - - 5 64,e6e4 d3d8 g3g4 d8f8 f4g5 f8f3,3000,97,92,435,crushing defensiveMove endgame long quietMove rookEndgame,https://lichess.org/l5Tjmq16#127,
QS5oE,8/2k1N1p1/1p1p1pP1/1P1PpP2/2P5/2K5/3n4/8 b - - 4 57,d2b1 c3d3 c7d7 e7g8 e5e4 d3e3,3075,120,87,434,crushing defensiveMove endgame knightEndgame long,https://lichess.org/fyNctbLC/black#114,
iXbSG,4R3/8/8/P3kp2/5b2/8/2Kpp3/8 b - - 1 66,e5d4 e8e2 d4c5 e2f2 f4g3 f2f3 g3e1 f3a3,3022,102,92,434,crushing defensiveMove endgame veryLong,https://lichess.org/q5FQrVvt/black#132,
S5DPf,8/6k1/2pr3p/1p1pQ1p1/1q4Nr/5P2/5RP1/6K1 b - - 1 56,g7g6 e5e7 h6h5 g4e5 g6h6 e5f7,3027,122,84,433,crushing endgame long,https://lichess.org/Ha2uKkOI/black#112,
iQd9i,8/8/p1pK2kp/3p4/p2P2PP/1b2B3/2r2P2/R7 b - - 0 44,c2a2 a1a2 b3a2 d6e6 a2c4 f2f4,3098,127,86,433,crushing defensiveMove endgame long,https://lichess.org/Dt32FXAD/black#88,
You6q,8/1p6/7K/5k2/P3pn2/7P/8/5B2 w - - 5 55,h3h4 b7b6 h6g7 f5e6 g7f8 f4g6 f8e8 g6h4,3063,102,93,432,crushing endgame quietMove veryLong,https://lichess.org/OXcbekPE#109,
txzHn,5k2/6B1/6Rp/5q2/8/8/6PP/6K1 b - - 2 48,f8f7 g6f6 f5f6 g7f6 f7f6 g1f1 h6h5 f1f2,3040,117,86,432,crushing defensiveMove endgame fork veryLong zugzwang,https://lichess.org/QvamV67Q/black#96,
LiCQm,5rk1/1p3pp1/p6p/3pnN1Q/5K2/4P1R1/q5PP/8 b - - 1 27,f8d8 g3g7 g8f8 f4g3,3020,126,90,431,crushing defensiveMove endgame master short,https://lichess.org/CfPobP3j/black#54,
BCP9z,1r1q3r/3bbk2/n1n1p2p/p2pP2P/P1pP2P1/2p1BNN1/1P3P2/RQ2K2R b KQ - 0 18,b8b2 b1g6 f7f8 g3f5 e6f5 e3h6 h8h6 g6h6,3056,132,87,430,advantage middlegame sacrifice veryLong,https://lichess.org/eCwlS6g2/black#36,Queens_Pawn_Game Queens_Pawn_Game_Modern_Defense
IOVIA,5b1r/8/4Qp1k/3p2p1/3P3p/2pbP2P/4qPPB/R5K1 b - - 0 32,c3c2 e6f6 h6h5 f6h8 f8h6 h2d6 c2c1r a1c1,3023,109,85,430,crushing fork middlegame quietMove veryLong,https://lichess.org/vDGIPxx6/black#64,
AHNLZ,8/p1r5/R1Pk4/1P1r1ppp/4p3/4P1PP/4K3/1R6 w - - 0 42,a6a7 c7a7 b5b6 a7a2 e2f1 a2d2,3015,114,83,429,advantage defensiveMove endgame hangingPiece long rookEndgame,https://lichess.org/J8tprTHY#83,
LdYnd,2r3k1/4pbb1/3p2pp/8/q1nNPPP1/1N6/PPP4Q/1K1R3R w - - 1 30,g4g5 c8a8 a2a3 c4b2 g5h6 g7f6,3009,127,89,428,advantage long master masterVsMaster middlegame quietMove,https://lichess.org/n3nphFQ1#59,
TZQwO,3k4/1R4pp/2p5/4p3/2P3PK/5Q2/3b1P1P/r4q2 b - - 2 36,g7g5 h4h5 d2f4 c4c5 f1a6 f3b3 a6b7 b3b7,3049,123,89,428,advantage endgame quietMove veryLong,https://lichess.org/0kEWxcEm/black#72,
bKdw9,8/7r/Rp2kn2/2p2pB1/2Pp1P1p/3Pp2P/2q3PK/4Q3 b - - 3 40,f6d7 g5h4 h7g7 e1f1,3014,111,87,427,advantage defensiveMove endgame short,https://lichess.org/etIhIfmW/black#80,
rIilW,8/1n6/7N/6p1/3p4/2k2PPP/8/5K2 w - - 1 50,f1e2 d4d3 e2d1 b7d6 h6g4 d6c4 g4f2 c4b2 d1c1 d3d2 c1b1 c3b3 h3h4 g5g4 f3g4 b2a4,3050,125,89,427,advancedPawn crushing defensiveMove endgame knightEndgame quietMove veryLong,https://lichess.org/bOQcC1ax#99,
1IxIG,5Q2/p1nk1N2/1q2p3/3pP2p/2pP3P/2n2P2/P4NK1/8 b - - 6 32,b6d4 f8d6 d7c8 d6e7 c8b7 f7d8,3029,116,89,426,advantage endgame long,https://lichess.org/IY4rczcu/black#64,
ARXDk,1B6/8/2n5/8/4k3/4p2P/8/4K3 w - - 0 57,b8c7 e4f3 e1d1 c6d4 c7d8 f3f2 d1c1 e3e2 c1b2 d4c6 d8h4 f2f1,3086,130,87,426,advancedPawn crushing defensiveMove endgame quietMove veryLong,https://lichess.org/3gsnI2Ff#113,
b9Z96,r6r/5Q1p/p7/1p2pkb1/8/7P/PPq2P2/R3K2R b KQ - 1 29,f5e4 e1g1 a8d8 f1e1 e4d4 a1d1 g5d2 f7e7,3004,115,83,426,advantage castling clearance middlegame pin veryLong,https://lichess.org/NTu73ZTE/black#58,
fdtCR,r5r1/3k1p2/4p1p1/2B1b3/4N2p/2pP3q/B1P2Q2/R5K1 b - - 1 34,e5g3 f2d4 d7c6 d4c3 g3h2 g1f2,3067,112,92,425,crushing long middlegame,https://lichess.org/PSdsbNJf/black#68,
VAmx8,Q7/4rp1k/7p/6p1/1PP2Pq1/4p1P1/7P/4R1K1 w - - 0 31,a8b8 g4d7 f4g5 d7d2 b8f4 d2e1,3002,105,87,424,crushing endgame long quietMove,https://lichess.org/pEogXRib#61,
RUEas,r4rk1/6pp/p1pqb1n1/3p1pN1/P2P2n1/R2BP1N1/2P3PP/3Q1RK1 b - - 4 20,g4e3 d1h5 h7h6 h5g6 h6g5 f1f5 d6a3 g6e6,3073,119,86,423,advantage kingsideAttack master middlegame veryLong,https://lichess.org/sDWXMKH9/black#40,
d8Mxy,r1b2rk1/1p1q1p1p/p3pR2/8/7Q/2N5/PP2B1PP/n6K b - - 0 17,a1c2 c3e4 d7d4 h4g5 g8h8 g5h6,3015,125,85,423,crushing long middlegame quietMove,https://lichess.org/FmnWYy8i/black#34,Sicilian_Defense Sicilian_Defense_Scheveningen_Variation
9xR0G,8/2p3k1/2p3p1/pp6/2PP2KP/PP6/8/8 b - - 0 36,b5b4 a3b4 a5b4 g4f4 c6c5 d4c5,3033,98,86,421,crushing endgame long pawnEndgame,https://lichess.org/gqDxPaG5/black#72,
PRl9U,8/8/2p1P1Q1/P7/1P3r1p/7k/6p1/4K3 w - - 0 60,g6d3 h3h2 d3d2 f4e4 e1f2 e4g4 f2f3 h2h3,3079,125,86,420,crushing defensiveMove endgame exposedKing queenRookEndgame veryLong,https://lichess.org/V0rCGwri#119,
SzAGd,8/p4kp1/8/1pp2K2/6PP/PP6/8/8 b - - 1 39,a7a5 f5e4 b5b4 a3a4 f7e6 e4d3,3037,109,86,420,advantage defensiveMove endgame long pawnEndgame quietMove,https://lichess.org/RSsi2yhQ/black#78,
HcPnj,4N1k1/2rnKp1p/6p1/3p1p2/7Q/P6P/3R1RP1/1q5r b - - 5 40,d7f6 e8c7 b1b8 h4b4,3049,122,87,419,advantage hangingPiece master middlegame short,https://lichess.org/DXnmgKSQ/black#80,
ic3Jn,1r3r1k/1p2b1pp/2Bp4/4pq2/QRP5/3P2p1/3BPP1P/4R1K1 w - - 0 23,c6f3 g3f2 g1f2 f5g4 e1g1 e7h4 g1g3 g4h3,3070,128,88,419,advancedPawn advantage kingsideAttack middlegame pin veryLong,https://lichess.org/oTK3nVLC#45,
TqJKE,8/6Kp/8/p1P1kp2/P6r/8/8/2R5 b - - 1 54,h4g4 g7f8 g4g6 c5c6 g6c6 c1c6,3032,113,87,418,crushing defensiveMove endgame long rookEndgame,https://lichess.org/uyHHXqfx/black#108,
YqcEo,2r2k2/2r5/p6Q/1p1pP3/1P1B1P2/P1P4P/4q1P1/7K b - - 0 35,f8e8 e5e6 e2e4 d4c5 c7c5 h6h5 e8d8 h5f7 e4e6 f7e6,3011,114,87,418,advantage endgame exposedKing quietMove sacrifice veryLong,https://lichess.org/gYUkUQP8/black#70,
kTx4q,6rk/1pR4p/p2pp2Q/5q1B/3p4/8/PP2KP1P/8 w - - 5 26,c7f7 f5b5 e2d2 b5b2 d2d3 b2c3 d3e4 c3c2 e4d4 e6e5,3018,117,91,418,crushing endgame veryLong,https://lichess.org/RaKEApJn#51,
HYcQT,8/4r3/8/2KBp3/8/1P3Pk1/8/8 b - - 2 47,g3f4 b3b4 e7c7 c5d6 c7c1 d5e4,3009,126,87,417,crushing defensiveMove endgame long quietMove,https://lichess.org/qmLZW5uY/black#94,
6tsHi,6k1/p5p1/6rp/2RPp3/4Pp1b/5Q1P/qr3PB1/2R1B1K1 w - - 2 31,f3h5 h4f2 g1h1 f4f3 h5g6 f3g2 g6g2 f2c5,3008,116,90,416,advancedPawn advantage fork middlegame veryLong,https://lichess.org/iuf83y89#61,
DXAZJ,5rk1/Q4p2/2p5/2P1p1q1/2P1n3/4P1P1/P5PN/5RK1 w - - 1 28,h2f3 g5e3 g1h2 g8g7 a7e7 e4d2,3008,107,92,416,advantage endgame long,https://lichess.org/IHxCxU7r#55,
Fg6aI,4r1k1/b4pp1/pq5p/1p1bN3/1Pr5/PQ5P/1B2RPP1/R5K1 w - - 0 25,e5d7 e8e2 d7b6 e2f2 b3c4 f2g2 g1f1 b5c4,3000,92,87,415,advantage fork middlegame pin sacrifice veryLong,https://lichess.org/uqt9jzz5#49,
FwjMw,4r1k1/pRb1rpp1/2q4p/8/P2p2Q1/P1pB2PP/2P2P1K/1R6 b - - 2 33,e7e1 b1e1 e8e1 g4c8 e1e8 c8c7 c6f3 h3h4 f3f2 h2h3 f2f3 b7b1,3002,116,86,415,advantage defensiveMove middlegame quietMove veryLong,https://lichess.org/bIcfRAL1/black#66,
gaspA,r1b3k1/1pqnrpb1/p6p/3pPN2/3P4/2N5/PPQ3PP/R4RK1 b - - 0 19,e7e6 f5g7 g8g7 f1f7 g7f7 c2h7 f7e8 h7g8 d7f8 a1f1 c7c4 f1f8 e8d7 g8f7 e6e7 e5e6 d7d6 f8d8 d6c6 f7e7,3001,122,87,415,attraction crushing deflection discoveredAttack fork middlegame sacrifice veryLong,https://lichess.org/MWQvhoqD/black#38,Caro-Kann_Defense Caro-Kann_Defense_Maroczy_Variation
n4Jkt,2kr4/pp3b2/2nbqn2/3p4/1P2p1p1/PN2P3/1BPQ1PPN/2R2RK1 w - - 2 23,b3d4 d6h2 g1h2 e6e5 h2g1 e5h5,3022,101,85,414,advantage attraction defensiveMove kingsideAttack long middlegame,https://lichess.org/DakUB2ST#45,
xrfV2,8/1p6/2p5/PP1b4/8/2k1p1K1/4B1P1/8 w - - 1 55,b5c6 d5c6 a5a6 c3d2 a6b7 c6b7 e2h5 b7a6,3002,103,84,414,bishopEndgame crushing defensiveMove endgame master veryLong,https://lichess.org/lAFOS44H#109,
WSVGq,3r1r2/k1qn1n2/1p6/1Q2pN2/PR6/7P/5BPK/8 b - - 4 49,d8b8 b4c4 c7b7 a4a5 b8c8 a5a6 c8c4 a6b7,3044,117,84,411,advancedPawn crushing master middlegame veryLong,https://lichess.org/IgyASGPs/black#98,
vl8A9,q6r/p2pk3/1p2p3/2p1n1P1/2P3n1/1PN2Pp1/P2QP3/R4RK1 w - - 2 19,c3e4 h8h1 g1g2 h1h2 g2g3 d7d5,3015,124,89,410,advantage exposedKing kingsideAttack long middlegame,https://lichess.org/01X7jtqm#37,
48mXp,2k3rr/5p2/QB2p3/3qPpPp/2p2R1P/p7/6RK/1q6 b - - 1 38,c8d7 f4d4 d5d4 a6a4 d7e7 b6d4 g8b8 d4c5 e7d8 g2d2,3025,120,86,409,crushing intermezzo master middlegame pin sacrifice veryLong,https://lichess.org/HWWrxfCe/black#76,
58i8g,2rr1b1k/1b2nPp1/p3P1PB/8/P2p4/3q1N1Q/8/4RRK1 b - - 0 40,d3g6 h6g5 g6h7 f3h4 c8c3 h3g4,3004,104,81,409,crushing discoveredAttack discoveredCheck long master middlegame quietMove,https://lichess.org/k4QegeUH/black#80,
yajb9,8/1R4kp/3P1pp1/2p5/q2rp3/7P/P3QPPK/8 b - - 2 38,g7h6 b7f7 a4e8 e2e3 g6g5 f7f6,3032,110,92,409,crushing endgame long master,https://lichess.org/t0nYll0B/black#76,
H05mq,Q7/5R2/8/3Bk3/5n2/8/KPp5/6q1 b - - 0 42,c2c1q f7e7 e5d4 a8a4 d4d5 a4d7 d5c4 e7e4 c4c5 e4e5,3008,99,87,408,crushing endgame sacrifice veryLong,https://lichess.org/bJf5vZh0/black#84,
MRJpr,8/8/5p1k/1R4pP/4PKP1/1p6/8/1r6 w - g6 0 56,f4f5 b3b2 f5e6 b1g1 b5b2 g1g4 e4e5 f6e5,3011,106,86,408,advancedPawn advantage endgame rookEndgame veryLong,https://lichess.org/1fL2g9Zj#111,
BqbsV,8/8/8/4p1k1/6p1/3K2P1/5R1P/4r3 w - - 2 47,f2e2 e1e2 d3e2 g5g6 e2f2 g6f5 f2e3 f5f6,3034,105,87,407,crushing defensiveMove endgame rookEndgame veryLong zugzwang,https://lichess.org/HONppZLv#93,
Xw5ay,8/8/2k2ppp/p1Pp4/P2K4/5PP1/7P/8 w - - 0 40,f3f4 f6f5 h2h3 g6g5 f4g5 h6g5 h3h4 f5f4 g3f4 g5h4 f4f5 h4h3 f5f6 h3h2 f6f7 h2h1q f7f8q h1e4 d4c3 e4e3,3022,122,84,407,advancedPawn crushing deflection endgame pawnEndgame promotion quietMove veryLong zugzwang,https://lichess.org/sM1PvNzW#79,
VsBfZ,3r2k1/2Q2pp1/p5bp/1p6/1P6/q4B1P/5PP1/2R3K1 b - - 1 32,d8d2 c7b8 g8h7 c1c8 g6f5 c8h8 h7g6 b8e5 a3c1 g1h2,3009,109,87,406,clearance crushing defensiveMove endgame quietMove veryLong,https://lichess.org/jf8gPSeW/black#64,
bgPLy,r5k1/pppb2bp/3p2p1/3PrnN1/4N1q1/1QPB3R/PP4PP/5R1K w - - 13 24,h3h7 e5e4 h7g7 g8g7 g5e4 f5e3 f1f2 a8f8 h2h3 g4h4 b3b4 f8f2,3005,111,87,405,crushing middlegame veryLong,https://lichess.org/DPTkYVS0#47,
fc6iJ,6k1/P4pp1/1Qp4p/2Pp4/6P1/3q2P1/7P/4rBK1 w - - 1 31,a7a8q g8h7 a8a6 e1f1 g1g2 d3f3 g2h3 g7g6 b6b2 f1f2 b2f2 f3f2,3079,116,85,405,crushing endgame master masterVsMaster pin quietMove veryLong,https://lichess.org/WbDrpgb3#61,
DeiWd,7k/1p5p/5NpP/4pbP1/8/1Pr2r2/1K2R3/4R3 w - - 0 34,e2e5 c3b3 b2c1 b3c3 c1d1 f3d3 d1e2 c3c2 e2f1 f5h3 f1g1 d3g3 g1h1 h3g2,3005,115,85,404,crushing endgame veryLong,https://lichess.org/xztlSWx5#67,
RAX5J,2k4r/ppp2pb1/8/7p/1P6/4Nbq1/P7/RKBQ1B1R w - - 0 20,f1e2 f3e4 e2d3 g3d6 a2a3 e4d3,3078,138,87,403,crushing fork long middlegame,https://lichess.org/jnI0A82N#39,
qH2KI,1n5r/3r1pkP/pp2pq2/2p3PR/2PpQ3/3P4/PP5R/6K1 b - - 0 33,f6g6 e4e5 f7f6 e5e6 g7f8 h2e2,3027,103,86,403,crushing defensiveMove deflection interference long middlegame,https://lichess.org/UHgvun81/black#66,
FqNsP,4r3/2q2p1k/5Ppp/1p6/3R3Q/P6P/1r4P1/3R3K b - - 1 34,e8e2 d4d7 g6g5 h4g4 c7c6 d7f7,3051,116,87,402,crushing endgame long,https://lichess.org/GHjlmBim/black#68,
srh96,8/1p1kbQ2/1q2p2p/3pP2p/1r1P3P/rN4R1/P4PP1/1K1R4 w - - 1 25,d1d3 b6a5 b1c1 b4b3 d3b3 a5e1,3057,102,93,402,clearance crushing long middlegame pin queensideAttack quietMove sacrifice,https://lichess.org/DYu05rcC#49,
uucFh,7r/5R2/pk1p2B1/q1pNp1Bp/3n3P/1P1P2P1/PKp5/8 b - - 3 36,b6b5 a2a4 b5c6 g6e4 c5c4 d3c4 c2c1q g5c1,3019,109,86,401,crushing middlegame quietMove veryLong,https://lichess.org/zaP1KWYi/black#72,
8ZXre,7Q/p7/1p3pp1/3r1qk1/2N2p2/1P5P/P5P1/5RK1 w - - 4 35,g2g4 f5e4 h3h4 g5g4 h8f6 b6b5 f6b2 b5c4,3053,126,89,400,advantage endgame veryLong,https://lichess.org/c4X4bvLM#69,
XTQOC,4r3/2k1P2p/1pp1PP2/p1bb1P1r/5K2/P1B5/1P5P/4R3 b - - 0 35,c5d6 c3e5 e8g8 f6f7 h5h4 f4e3 h4h3 e3e2 g8g2 e2f1,3087,108,90,400,advancedPawn crushing defensiveMove endgame pin veryLong,https://lichess.org/YxVB3stO/black#70,
qBFHF,8/6b1/8/3B3p/3p1Pk1/4p1P1/4P1K1/8 b - - 2 40,h5h4 d5e6 g4h5 g3g4 h5h6 e6c4,3027,113,87,400,bishopEndgame crushing defensiveMove endgame long,https://lichess.org/4LG2lc6W/black#80,
z2NSV,1r3rk1/p3Qp1p/2b3p1/7n/3B1q2/1BP4P/PP4P1/R3R2K w - - 1 27,d4e5 f4d2 e1g1 d2e3 e7h4 e3e5,3054,114,90,400,advantage long middlegame,https://lichess.org/wmJO6hep#53,
VCs8L,8/4Pkp1/3K3p/5PP1/p4P2/Pp2r3/8/2R5 b - - 0 52,e3e7 g5g6 f7f8 f5f6 e7e8 f6f7 e8b8 d6d7,3030,110,87,399,advancedPawn crushing defensiveMove endgame rookEndgame veryLong,https://lichess.org/wV1qr4M5/black#104,
iiAhY,3r4/R2N4/8/P7/1k3PP1/2p3K1/8/3b4 w - - 0 41,a5a6 c3c2 a7c7 d8d7 c7b7 b4a3 a6a7 d7d8 b7b8 d8d3 g3h4 d1f3 a7a8r f3a8 b8a8 a3b2 a8b8 d3b3 b8c8 b3c3,3028,115,82,399,advancedPawn crushing endgame quietMove veryLong,https://lichess.org/Z40bWopR#81,
nEqPA,4q2k/ppp3pp/8/6Q1/1K1R4/7r/PPP5/8 b - - 0 30,e8e1 c2c3 c7c5 b4a3 h3c3 b2b3 c3b3 a3b3,3015,89,93,399,crushing defensiveMove endgame veryLong,https://lichess.org/ItBeTtTQ/black#60,
ED1zA,r4bk1/2r4p/4bpp1/1P6/pn6/4BN1P/1PPRBPP1/2KR4 w - - 2 26,d2d8 c7c2 c1b1 a4a3 b2a3 c2e2,3011,119,87,398,advantage fork long middlegame,https://lichess.org/wBDzWP52#51,
HWXjx,r1bk4/5r1p/p2R2p1/q3p3/4P3/nQ5B/PKP4P/7R b - - 0 28,d8c7 b3f7 c7d6 h1d1 d6c6 h3d7 c6b6 d1d6 b6c7 d6c6 c7b7 c6c3 a5c3 b2c3,3016,105,86,398,advantage collinearMove exposedKing master middlegame veryLong,https://lichess.org/5RMpcbv7/black#56,
M1JSG,8/p7/8/5Npp/P2K4/8/7k/8 w - - 0 45,d4c5 h2g2 c5d4 g2f3 d4e5 h5h4,3023,120,86,398,crushing defensiveMove endgame knightEndgame long,https://lichess.org/DWtW033D#89,
PtpUf,7k/6p1/p2r1p1r/3qpQ2/1p6/1P5P/P3R1P1/2R4K b - - 0 42,h6h4 e2c2 d6d8 c2c8 d8g8 h1h2 d5d2 c8g8 h8g8 c1c8 g8f7 c8c7,3004,123,86,398,attraction crushing endgame master quietMove veryLong,https://lichess.org/bVsQdJze/black#84,
fYZpE,8/6p1/p3pk2/1p5p/4KP1P/PP4P1/8/8 b - - 0 38,a6a5 e4d4 f6f5 d4c5 f5g4 c5b5 g4g3 b5c4 g3f4 b3b4 f4e5 c4c5 a5b4 a3b4 e5f6 b4b5 f6e7 c5c6,3020,127,79,398,crushing defensiveMove endgame pawnEndgame quietMove veryLong,https://lichess.org/0lJUwHCA/black#76,
EwqP5,8/8/8/5R1p/6pP/r1k3K1/6P1/8 b - - 1 52,c3d2 g3f4 d2e2 f5h5 e2f1 f4g4 f1g2 h5e5 a3g3 g4f5,3031,115,92,397,crushing defensiveMove endgame quietMove rookEndgame veryLong,https://lichess.org/waKH4NzM/black#104,
J1YuL,8/PR4p1/5pk1/2p3p1/r1P1K1P1/8/8/8 b - - 0 42,a4c4 e4d5 c4a4 d5c5 a4a1 b7d7 f6f5 c5b5,3026,111,86,396,crushing defensiveMove endgame rookEndgame veryLong,https://lichess.org/BCbps2Db/black#84,
dTqMU,r1b2k1r/3n1pp1/1q1Np3/4P2p/7P/2N1P1Q1/PPP3P1/2K3R1 b - - 0 18,a8b8 g1f1 f7f6 g3g6 f8g8 e5f6 d7f6 d6e4 b6b2 c1d2 f6e4 c3e4 b2b4 c2c3 b4b2 d2e1 b2b1 e1f2 b1f1 f2f1,3080,123,85,396,crushing master masterVsMaster middlegame pin veryLong,https://lichess.org/xswoRiF3/black#36,Sicilian_Defense Sicilian_Defense_Najdorf_Variation
3OiIx,8/3bQ1pk/4q2p/1p3p1P/1PpPpP1K/4P3/5P2/4B3 w - - 9 46,e7c5 d7e8 c5e5 e6f7 h4g3 f7h5 d4d5 c4c3 e1c3 h5f3 g3h2 f3f2,3072,107,86,395,crushing deflection endgame veryLong,https://lichess.org/MUgBv9qd#91,
ga128,r4r2/p3Npbk/bq1p1np1/2nP3p/1p2PNPP/1Pp2P2/P1P3B1/R1BQK2R w KQ - 1 17,g4h5 a8e8 h5g6 f7g6 e7g6 f6g4 g6f8 g7f8,3016,114,84,395,crushing middlegame quietMove sacrifice veryLong,https://lichess.org/H7ZkOB8m#33,Indian_Defense Indian_Defense_Pawn_Push_Variation
H4Esx,r3r1kb/1p3p1p/pq3PpB/2p5/6N1/P1PP1Q1P/1P4P1/5R1K b - - 2 27,b6b2 h6e3 e8e6 g4h6 g8f8 e3c5 f8e8 h6f7 e8f7 c5b4,3017,120,86,394,attackingF2F7 crushing defensiveMove middlegame veryLong,https://lichess.org/2JEIbdoN/black#54,
RyfTQ,8/1R1bk3/1R2p1rp/3p1p2/3P3P/3PQKP1/q2r1P2/8 b - - 0 31,h6h5 f3g2 a2c2 e3f4 d2f2 f4f2,3003,116,86,394,crushing long middlegame,https://lichess.org/rB4DJCDV/black#62,
XFktj,4r1k1/p4pp1/5b1p/8/3P1PK1/BP2r2P/P5B1/R5R1 w - - 0 32,d4d5 h6h5 g4f5 f6d4 g2h1 g7g6 g1g6 f7g6,3096,120,87,394,crushing middlegame veryLong,https://lichess.org/79yIXdE2#63,
NUZTd,7r/pp1R2p1/8/2p2Q2/PkN5/1P2P1p1/4KPq1/8 w - - 1 34,d7b7 g2b7 f5d3 b7g2 d3d2 b4b3 d2d3 b3b4 c4d2 g2c6 d3c4 b4a5,3011,122,86,393,crushing endgame hangingPiece veryLong,https://lichess.org/eqmzaePO#67,
ar9uB,2Q1R3/5rk1/3p1pp1/1p6/2p2p2/2P4P/PP4PK/3q4 b - - 3 32,f4f3 e8g8 g7h6 c8g4 g6g5 g4e4 d1d3 g8h8 h6g7 e4e8 d3h7 h8h7,3005,113,87,393,crushing endgame veryLong,https://lichess.org/07xbzGeV/black#64,
iuDAI,8/8/8/p1k5/4p3/PPK5/8/8 w - - 0 50,a3a4 c5d5 c3c2 d5e5 c2d1 e4e3,3005,112,86,393,endgame,https://lichess.org/cWYoWAHQ#99,
BPBkO,1b2r1k1/5pp1/1p4p1/p2p4/3B1Pb1/P3P2q/1PQ1B1K1/R4R2 w - - 6 28,g2f2 b8f4 e2g4 f4e3 d4e3 h3h2,3078,132,86,392,advantage long middlegame sacrifice,https://lichess.org/cSmUNOzS#55,
F1qTD,1r5k/4rp1P/2b3pP/p1p5/P1Q1p3/1pP4B/1Pq5/K5RR b - - 3 33,e4e3 c4h4 c2f2 h4e7 b8e8 e7c5,3028,107,85,392,advantage long middlegame,https://lichess.org/T0RN1LYE/black#66,
WlxVa,8/7r/3p1pKP/1ppP4/4P3/2k5/R7/8 b - - 0 56,h7h6 g6h6 c3d4 a2a6 d4e5 h6h5 b5b4 h5g4 e5e4 a6d6 f6f5 g4g3,3008,109,85,392,crushing defensiveMove endgame hangingPiece rookEndgame veryLong,https://lichess.org/cTVLcsZJ/black#112,
k73Dj,3r1k2/3B1p2/p2p1N1p/2r1q3/2p1P1Q1/1P6/P5PP/5RK1 b - - 0 31,c4b3 g4f3 c5c7 f6h7 f8g8 f3f7,3001,105,86,392,crushing discoveredAttack long middlegame,https://lichess.org/5LSMfjvr/black#62,
IS2XZ,8/8/8/8/p1ppkBp1/7p/P4P1P/3K4 w - - 2 44,f4c1 e4f3 d1e1 c4c3 c1g5 f3g2 g5f4 c3c2,3061,122,84,391,advancedPawn bishopEndgame crushing endgame veryLong,https://lichess.org/hAsYqMpn#87,
Kvqsw,5rk1/6p1/4p2q/p2Q4/Pp1P4/1Pr1P2P/1K6/3R2R1 w - - 0 29,d5a5 h6e3 a5b4 f8f3 b4b8 g8h7 g1g7 h7g7,3000,102,86,391,crushing endgame veryLong,https://lichess.org/tDpldhEw#57,
OUjez,rn1R4/2p5/6p1/p2P1b2/8/Pk3R1p/8/2K5 b - - 3 34,b3a2 d8e8 f5g4 f3f2 a2b3 f2f4,3020,121,89,391,crushing endgame long,https://lichess.org/cC20WmwE/black#68,
OwgCl,8/4b3/6N1/pp2k1P1/2p1pp2/1PP2P2/P3K3/8 b - - 4 38,e5d6 g6e7 c4b3 e7c8 d6e6 a2b3 a5a4 c8a7 a4a3 a7b5 a3a2 b5d4 e6e5 d4c2,3041,110,85,390,crushing defensiveMove endgame exposedKing intermezzo veryLong,https://lichess.org/0G6EhXSN/black#76,
bCi8T,r1b2r1k/1p4pp/p1n1pn2/q2p2N1/1b3B2/1BN4R/PP2QPPP/4R1K1 b - - 3 17,e6e5 g5h7 c8h3 h7f6 f8f6 e2h5 h8g8 c3d5,3041,116,87,389,crushing fork middlegame sacrifice veryLong,https://lichess.org/nxFoDSMM/black#34,Sicilian_Defense Sicilian_Defense_Smith-Morra_Gambit
r4ZT3,8/2q2pkp/pn2pNp1/2p1P3/2Pr1P2/P4Q1P/6PK/3n4 b - - 3 35,b6c4 f6e8 g7h6 g2g4 c7e7 g4g5 e7g5 f4g5 h6g5 e8d6,3059,99,84,389,advantage endgame fork quietMove veryLong,https://lichess.org/DCpVXsbh/black#70,
tjpuw,8/p7/2p1k1p1/2P2p1p/3P3P/P1Bn4/6P1/5K2 w - - 5 42,g2g3 f5f4 f1e2 d3c1 e2f3 f4g3 c3b2 c1d3,3013,115,87,389,crushing endgame exposedKing veryLong,https://lichess.org/YETTbSU3#83,
gxAXh,8/8/r3p2K/4k1P1/8/8/1R6/8 b - - 0 49,a6a4 g5g6 a4a3 b2g2 e5f6 g2f2 f6e7 f2f7 e7e8 f7h7,3087,108,87,388,crushing defensiveMove endgame quietMove rookEndgame veryLong,https://lichess.org/QQr975Fa/black#98,
kLGLi,1k1r3r/p2n1Nbp/2pNp1p1/1b2P3/7P/B1Q5/qPP3P1/2KR3R b - - 0 22,h8f8 c3b3 a2b3 c2b3,3044,126,83,388,advantage master middlegame short,https://lichess.org/LTKSoemM/black#44,
PIW5a,2k5/p1p5/Pp1p4/1Pq1pK1p/4P3/3P4/1R5R/8 b - - 1 41,c5d4 b2g2 d4d3 h2h5 d3f3 f5e6 f3f8 h5h7,3003,105,90,387,crushing endgame queenRookEndgame quietMove veryLong,https://lichess.org/KKlvNHZs/black#82,
z7cps,r5k1/5ppp/1p2p3/3pP3/2nP2N1/3QP1RP/1q4P1/6K1 b - - 5 27,a8a3 g4f6 g8f8 d3h7 f8e7 h7g7,3044,105,87,387,crushing deflection endgame long pin,https://lichess.org/FHisHEdd/black#54,
QnwOe,4r3/pQ5p/1n3nk1/3p4/7N/1Pb3P1/P1P2PKP/q7 b - - 3 28,g6g5 b7g7 g5h5 g7f7 h5h6 h4f5 h6g5 f5d6,3024,106,92,386,crushing middlegame veryLong,https://lichess.org/dESotGOp/black#56,
gkSJ1,8/2b5/2K1k2p/2P1ppp1/6P1/5P2/3B4/8 b - - 1 57,c7b8 g4f5 e6f5 c6b7 f5e6 b7b8 e6d5 d2e3 d5c6 b8a7,3003,105,92,386,bishopEndgame crushing defensiveMove endgame trappedPiece veryLong,https://lichess.org/wwXpQziD/black#114,
wt88h,8/p1p1k1r1/q1n1pn2/4p3/3pP3/2PP1QP1/P2N1P2/R4RK1 w - - 0 28,c3d4 c6d4 f3d1 a6d3 a1c1 d4e2 g1h1 f6d5,3028,120,88,386,advantage defensiveMove fork middlegame veryLong,https://lichess.org/boqR8EZ4#55,
G7jIR,8/2p2ppp/2Pbk3/8/7P/8/PQ5K/3r4 w - - 0 37,h2h3 d1h1 h3g4 f7f5 g4h5 h1h3 b2e2 e6f6,3000,124,87,385,crushing defensiveMove endgame veryLong,https://lichess.org/HUbZuqqX#73,
HmCL6,r2qk1r1/p3bpQp/2p5/6Bb/2B1P1n1/2N5/PPP3PP/R3K2R w KQq - 1 15,g5e7 e8e7 g7h7 d8d4 h1f1 d4e3 c3e2 g4h6,3083,138,89,385,advantage defensiveMove exposedKing middlegame veryLong,https://lichess.org/Bm1uaFm8#29,Sicilian_Defense Sicilian_Defense_Richter-Rauzer_Variation
06O8q,2r3k1/1p2qp2/p1b1p1B1/3rN3/Pn1P2Q1/8/1P3PP1/R4RK1 b - - 0 23,f7g6 g4g6 g8f8 a1a3 d5e5 a3g3 e7f7 g6h6 f8e7 d4e5,3007,102,93,384,advantage exposedKing kingsideAttack middlegame quietMove sacrifice veryLong,https://lichess.org/c7kZ9GU5/black#46,
DhVYV,r1b3rk/2q1bQ1p/p3p3/1p3p2/3N2P1/2PB3P/PP3P2/R4R1K w - - 0 20,d4e6 c8b7 h1g1 c7c6 f2f3 c6d6 g1g2 a8f8 e6f8 g8f8,3024,127,86,384,advantage middlegame pin sacrifice veryLong,https://lichess.org/c5BnJ8UD#39,
P8UAB,1rr3k1/1b3p2/1q3ppp/pB6/Pn1P4/4PN2/1PPQ1PPP/1K1RR3 w - - 3 25,c2c3 b7e4 b1a1 b4c2 a1a2 b6d6,3094,127,90,384,advantage fork long middlegame,https://lichess.org/vPA9aoNh#49,
7dVfe,8/5ppk/7p/1PQ1p3/2P5/5PP1/4q1KP/8 w - - 1 41,g2h3 e2f3 c5e5 f3f1 h3g4 g7g6 e5f4 f7f5 g4h4 g6g5 f4g5 h6g5,3033,114,85,383,crushing endgame fork queenEndgame quietMove veryLong,https://lichess.org/CS0uKFeU#81,
ATfmd,8/8/3Kp3/2NpP3/bp1P4/3B4/2n2k2/8 b - - 5 74,c2d4 c5a4 b4b3 a4c5 f2e3 d3g6 b3b2 c5a4 d4f3 a4b2,3002,117,87,383,crushing endgame hangingPiece quietMove veryLong zugzwang,https://lichess.org/36J2aFI3/black#148,
PMLgd,6k1/pp3pp1/1q2p3/4P1N1/Pnp5/Q7/1Pr5/1K3R2 b - - 0 26,b6c7 a3b4 c7d8 b4b7 c2f2 f1h1,3014,112,84,383,crushing defensiveMove endgame hangingPiece long,https://lichess.org/z1nKXq94/black#52,
gBhr2,2kr1b1r/1ppb1p2/p2p1q2/3P2p1/1P1N1n1p/P1N5/1B3QPP/2R2RK1 b - - 1 21,h4h3 c3b5 a6b5 f2c2 f6d4 b2d4,3079,104,93,383,crushing long middlegame sacrifice,https://lichess.org/oJ10atVo/black#42,
gdmHx,1r4r1/4b1k1/3p1pq1/p2P2p1/P2QNR2/2P5/8/6RK w - - 0 37,e4g5 g8h8 h1g2 g7g8 d4e4 h8h6,3020,122,85,383,crushing defensiveMove long middlegame pin,https://lichess.org/edHwFNb8#73,
ig7EE,2r2r2/pp4bQ/4k1p1/4p1q1/4P3/2N5/PP6/R3KR2 w Q - 3 26,h7g7 c8c3 f1f8 g5g1 e1e2 g1g2 f8f2 c3c2 e2d3 c2f2 g7g8 e6e7,3095,127,89,383,crushing defensiveMove deflection exposedKing middlegame sacrifice skewer veryLong,https://lichess.org/lKJSOs1e#51,
nB7mJ,5r2/2pR1pkp/4pNp1/p3P2P/4Q3/q5P1/5P1K/2r5 b - - 1 34,a3a1 h5h6 g7h8 e4f3 a5a4 f6g4 c1h1 f3h1,3059,123,87,383,advantage endgame quietMove veryLong,https://lichess.org/1NpPsBcL/black#68,
uCpLu,3Q2rk/7r/1p1p4/3Pp2P/p3P2K/3P4/8/8 w - - 2 56,d8b6 h7f7 b6d6 h8h7,3009,106,87,383,crushing defensiveMove endgame queenRookEndgame quietMove short,https://lichess.org/gebPxU6i#111,
2OuSi,2r5/1p4pk/6p1/pP4Pp/3PP2P/B3nP2/8/5RK1 w - - 1 31,f1c1 c8c1 a3c1 e3c4 g1f1 a5a4 f1e2 a4a3 c1a3 c4a3 e2d3 b7b6,3016,104,95,382,crushing defensiveMove endgame quietMove veryLong,https://lichess.org/CBv9cpHy#61,
UkEDU,2r4k/pp1b2b1/8/6P1/2r5/7P/1pQ5/1K2RR2 w - - 0 29,c2d3 d7a4 b1a2 a4b5,3039,110,94,382,advantage defensiveMove middlegame quietMove short,https://lichess.org/lWri3hy8#57,
g9U2q,8/1Pb2k2/p1P3p1/2K5/P3p1b1/8/7p/Q7 w - - 11 58,b7b8q c7b8 a1b1 g4f5,3060,121,87,382,advantage defensiveMove endgame hangingPiece short,https://lichess.org/suKbiHlG#115,
olCa8,1r1k3r/p1p2qp1/1bBp1p2/4p3/Q3P1p1/2PP2B1/PP3PP1/R4RK1 w - - 3 19,f1e1 f7h5 g1f1 h5h1 f1e2 b6f2 b2b4 f2e1,3056,118,87,382,advantage kingsideAttack middlegame quietMove veryLong,https://lichess.org/xa0dzeGT#37,
cY8CZ,8/p2r4/5k1p/1p1P1p2/5KpP/P2R2P1/6P1/8 w - - 0 49,d3d2 d7e7 d2d4 h6h5,3027,100,85,381,crushing defensiveMove endgame master quietMove rookEndgame short,https://lichess.org/fHjp7NId#97,
poYT0,4rrk1/p4bqp/2QR4/4p1n1/2P1Ppp1/1P3PP1/P3N1BP/5RK1 w - - 4 25,g3f4 g4f3 f4g5 f3e2 f1e1 g7g5 d6d3 e8d8 d3g3 g5g3 h2g3 d8d1 c6h6 d1e1 g1f2 e1g1,3081,128,87,381,advancedPawn advantage fork middlegame pin sacrifice veryLong,https://lichess.org/dxB1b50D#49,
LDL0c,r2r2k1/5Rp1/4p3/1pp3Np/1pnP3P/1QP3q1/1P6/1NK4R w - - 0 27,b3c2 g3e3 c1d1 c4b2 c2b2 b4c3 b2c3 d8d4 d1c2 e3e2 c2c1 b5b4,3011,111,87,380,advantage deflection middlegame pin queensideAttack veryLong,https://lichess.org/ZT7i6kVU#53,
aNXrX,r4r2/ppp3k1/1b4p1/1B2q1p1/Q3n1P1/4B3/PP3PP1/R4RK1 w - - 3 22,a1e1 f8f2 f1f2 e4f2,3020,122,87,380,crushing master middlegame short,https://lichess.org/w98hD6B4#43,
rBNad,r1b1r1k1/p1p2ppp/1pP5/8/8/5N2/Pq2BPPP/R2QK2R w KQ - 4 16,a1b1 e8e2 e1f1 c8a6 b1b2 e2b2 f1g1 a6e2 d1e1 a8d8 h2h4 d8d1 e1d1 e2d1,3059,129,77,380,crushing discoveredAttack discoveredCheck middlegame pin quietMove veryLong,https://lichess.org/HzCCZhPP#31,Queens_Gambit_Declined Queens_Gambit_Declined_Modern_Variation
xxF9X,8/8/3P1k2/3K1p2/5Pn1/3Np2p/7P/8 b - - 1 48,g4f2 d3c1 f2e4 d5c6,3057,105,87,380,crushing defensiveMove endgame knightEndgame quietMove short,https://lichess.org/VS8s10lW/black#96,
CxknT,4Rnk1/6p1/3q1p1p/p1r4P/3p1PP1/npNQ4/1P6/3KR3 b - - 5 39,d6f4 d3e4 f4e4 c3e4,3049,128,87,379,crushing master middlegame short,https://lichess.org/OCwel4Lp/black#78,
Dzuae,4r1k1/pp3ppp/8/2Qr3q/3p4/4P3/PP1B1P2/2R1K1R1 w - - 6 24,c5c7 d4d3 f2f3 h5f3 c7h2 d5e5 h2f2 e5e3 d2e3 e8e3 e1f1 f3h3 g1g2 h7h6 f1g1 e3e2,3016,117,81,379,advantage middlegame quietMove veryLong,https://lichess.org/x2eRB0LS#47,
cqpPM,2rq1rk1/pp3pp1/7R/4QP2/4n3/3p1N2/PP3P2/1K1R4 b - - 2 27,e4f2 f5f6 f2d1 f6g7 c8c1 b1c1 d8c8 c1d1,3005,103,86,379,advancedPawn advantage middlegame sacrifice veryLong,https://lichess.org/rXy3btQS/black#54,
OwUZj,8/6p1/5b2/1k1B1KpP/4P3/8/8/8 b - - 3 58,b5c5 e4e5 f6d8 d5f3 g5g4 f3g4 d8c7 g4f3 c7a5 f5g6,3051,108,86,378,bishopEndgame clearance crushing endgame quietMove veryLong,https://lichess.org/HBNbvrTo/black#116,
QnTsI,1rb2k1r/2Nqp1b1/p1np1npp/4P3/7P/3Q2B1/1pP1B1P1/1K1R1R2 b - - 1 23,d7c7 e5f6 c8f5 f1f5 g6f5 d3f5,3015,135,82,378,advantage long middlegame,https://lichess.org/zKUVDMtU/black#46,
SDBwP,r3k2r/ppp2ppp/2P1b3/8/QbPqn3/2N5/PP4PP/R1BK1BNR w kq - 2 11,d1c2 e8c8 c6b7 c8b8 a4b4 e4c5 b2b3 d4f2,3077,114,87,378,castling crushing middlegame sacrifice veryLong,https://lichess.org/U8YVFZVA#21,Scandinavian_Defense Scandinavian_Defense_Icelandic-Palme_Gambit
M1v6R,8/8/8/5k1P/n2p1P1K/B7/2p5/8 w - - 0 54,a3c1 a4c5 h5h6 f5f6 f4f5 c5b3 c1g5 f6f7 h4g4 d4d3,3081,120,86,376,crushing defensiveMove endgame quietMove veryLong,https://lichess.org/KhJItU4u#107,
Ypl9M,6k1/pp3r1p/3pq3/3N2b1/2PB4/1PQ3pP/P5r1/R4R1K w - - 0 29,d5f6 f7f6 h1g2 e6e2 g2g3 f6g6 f1f4 h7h5,3029,117,81,376,crushing defensiveMove exposedKing middlegame quietMove sacrifice veryLong,https://lichess.org/sfN9dMrm#57,
3lpkw,r1b1kb1Q/ppp4p/2n5/7n/2Ppp2q/P2B4/1P4PP/RNBK2NR w q - 0 14,d3e2 c8f5 h8g8 h5g7,3019,114,87,374,crushing defensiveMove master opening quietMove short,https://lichess.org/hwZXY4Kx#27,Queens_Gambit_Declined Queens_Gambit_Declined_Albin_Countergambit
pZeR1,r5k1/5pp1/4p3/2p5/Pb3PKP/1r1N4/6P1/3R3R w - - 0 33,d3b4 f7f5 g4h5 b3g3 h1h3 g3g2,3034,108,83,374,crushing endgame long,https://lichess.org/vcGWHRRc#65,
qct7L,8/3k4/1p3p2/p3p3/2P1P3/PP2K3/8/8 b - - 0 48,d7c6 b3b4 c6d7 e3f3 d7e6 f3g4 a5a4 g4g3,3058,130,87,374,crushing defensiveMove endgame master pawnEndgame veryLong,https://lichess.org/w74MqPX4/black#96,
LwZHb,1k2q1r1/ppp2p1p/3b1Q2/7r/8/5N2/PP1N1PP1/R1B2RK1 w - - 1 19,d2c4 g8g2 g1g2 e8c8 f6h8 c8h8,3020,113,87,373,advantage long master middlegame quietMove sacrifice,https://lichess.org/qF7vQ4Sk#37,
ULEqr,5r1k/p6P/1p6/4p3/2P3PK/2Q5/PP3q2/7R w - - 2 33,h4h5 f2f7 h5h4 f7f6 h4h3 f6h6 h3g2 h6f4,3043,113,95,373,crushing endgame veryLong,https://lichess.org/V97iIMud#65,
17N38,8/1p1n2k1/4Q1Pp/3p1P2/1n1P4/5P2/2q1NK2/7r b - - 0 31,h1h2 f2g1 h6h5 e6d7 g7h6 d7h7 h6g5 h7e7,3012,98,84,372,crushing defensiveMove endgame veryLong,https://lichess.org/u1ehTae3/black#62,
6ABPL,1k1r3r/pbppq3/4p2b/QP2P3/N1PN1PR1/P2P3p/7P/R3K3 w Q - 0 24,c4c5 d8g8 b5b6 c7b6 c5b6 a7a6 a4c5 g8g4 c5a6 b8c8,3077,113,87,372,crushing defensiveMove middlegame quietMove veryLong,https://lichess.org/mNivlKmT#47,
USJEf,8/5p1p/p1k3p1/P1P1p3/2KpP3/7P/5PP1/8 b - - 5 43,f7f5 e4f5 g6f5 f2f4 d4d3 c4d3 c6c5 f4e5 c5d5 e5e6 d5e6 d3d4 e6d6 h3h4 d6c6 d4c4,3016,129,84,372,crushing defensiveMove endgame master pawnEndgame quietMove veryLong,https://lichess.org/QkSTt3MU/black#86,
DTREF,6k1/8/3p4/1N1P3p/PPp3p1/8/1b6/5K2 b - - 0 37,h5h4 a4a5 b2c1 b5a3 c1a3 a5a6 g8f7 a6a7,3004,117,89,370,endgame master,https://lichess.org/8EoSOJrj/black#74,
71QU7,2r3r1/pqB1k3/p3pn1p/PbQp1pp1/3P4/4PN1P/1P3PP1/2R3K1 b - - 2 24,e7f7 f3e5 f7e8 c5d6 g8g7 d6e6 g7e7 e6f6 e7c7 c1c5 c7c5 f6h8,3074,114,86,369,advantage collinearMove fork middlegame sacrifice veryLong,https://lichess.org/lN6ugGYQ/black#48,
HPtX5,1r4k1/p4ppp/3q4/2pP1Q2/p1P5/P5PP/PrKR4/5R2 w - - 3 29,c2c3 d6g3 f1f3 b2a2 f5f7 g8h8 f7e8 b8e8 f3g3 a2a3,3020,109,85,369,crushing endgame veryLong,https://lichess.org/L6NqcUl1#57,
gJFEY,4r3/3k4/1pppRp2/p2P1Ppp/P1PK4/6P1/6P1/8 b - - 3 41,e8e6 f5e6 d7e7 g3g4 c6d5 g4h5 d5c4 h5h6 e7e6 h6h7,3060,115,89,369,advancedPawn crushing endgame veryLong,https://lichess.org/0BLdgWLB/black#82,
4PLMA,8/p7/2rR2p1/1k5p/7P/3K2P1/2P5/8 w - - 2 55,d6c6 b5c6 d3d4 a7a6 d4c3 c6b5,3006,96,87,368,crushing defensiveMove endgame long quietMove zugzwang,https://lichess.org/UZWPG54B#109,
80dMK,k2r4/1pb2p2/p1p2q2/P1Np2p1/Q2P4/3BP1Pb/1PR2P1r/1K3R2 w - - 3 31,c5b7 h3f1 d3f1 a8b7 f1a6 b7a8 c2c6 f6f2 a4b5 f2f5,3091,109,85,368,advantage intermezzo middlegame veryLong,https://lichess.org/KaqdzKh5#61,
EhUIt,5rk1/7p/Q2bp3/3p1r2/2pPpp2/2P1B1Pq/PP3R1P/R5K1 w - - 0 25,e3f4 f5f4 g3f4 d6f4 a1e1 e4e3 f2f4 f8f4 a6c8 f4f8,3011,104,86,368,advantage middlegame veryLong,https://lichess.org/kv2Ebivj#49,
YzikM,4R3/2p2ppk/2B4p/1P6/2R5/5rP1/3r1q1P/2Q4K w - - 2 28,c1b1 f3d3 b1d3 g7g6 d3g6 f7g6,3077,130,90,368,crushing defensiveMove long middlegame sacrifice,https://lichess.org/BbcmJR45#55,
aJCUG,1r2kr2/1b2b1Qp/pq1p4/1pp1P3/8/1P6/PBP3PP/R4RK1 b - - 0 19,d6d5 f1f6 e7f6 e5f6 b6e6 g7g3,3030,118,84,368,advantage collinearMove long middlegame sacrifice,https://lichess.org/0mGXVT8c/black#38,Vienna_Game Vienna_Game_Omaha_Gambit
3pJSa,8/4rpkp/1r3bp1/2qBp3/4P1Q1/p2P2P1/5R2/5R1K b - - 0 35,b6b2 f2f6 a3a2 g4f3 c5c8 g3g4,3009,127,83,367,advantage defensiveMove long middlegame quietMove,https://lichess.org/pymUUoLJ/black#70,
ek3nQ,8/pp5p/8/4kpp1/1PP5/4K1PP/P7/8 b - - 0 33,h7h5 h3h4 g5g4 a2a3 b7b6 a3a4 a7a5 b4b5 e5d6 e3f4 d6e6 f4g5 e6e5 g5h5 e5e4 c4c5,3001,120,83,367,crushing endgame pawnEndgame quietMove veryLong zugzwang,https://lichess.org/r5qkY2Ia/black#66,
krT5k,6kr/2p5/2q3Pr/pp1pQp2/3Pp3/PPP1P3/6R1/1NB2K2 w - - 3 36,c1b2 h6h1 f1e2 h1b1 b2c1 c6d7,3052,127,85,367,advantage defensiveMove long middlegame skewer,https://lichess.org/3SFn8a4F#71,
y5qHw,3r4/p4kp1/1pq1ppRp/2p4P/3r2N1/3P1PP1/P1P3K1/2Q5 b - - 6 26,c6d5 g6g7 f7g7 c1h6 g7f7 h6f6 f7e8 g4e5 d8d7 f6h8 e8e7 c2c4,3000,109,87,367,advantage attraction endgame quietMove sacrifice veryLong,https://lichess.org/JA2qb790/black#52,
okiSj,r4rk1/pb3ppp/8/3p4/5Q2/3B2N1/q1P3PP/5R1K b - - 1 20,a8d8 f4d4 g7g6 f1a1 a2a1 d4a1,3007,118,84,366,crushing long middlegame trappedPiece,https://lichess.org/twffWuh0/black#40,
4Jxk5,8/3b1p2/3k4/3p1p1p/pK1P2p1/P1N4P/5PP1/8 w - - 0 36,c3a4 h5h4 a4c3 g4h3 g2h3 f5f4 c3e2 d7h3,3006,95,86,365,crushing discoveredAttack endgame quietMove veryLong,https://lichess.org/zBeueMf0#71,
eXSzi,3r2k1/5pp1/4p2p/1bP5/3PQP2/P5P1/3q1KP1/R6R w - - 3 25,f2f3 g7g5 a1d1 g5g4 f3g4 b5e2 g4h3 e2d1,3028,121,86,365,attraction crushing endgame fork veryLong,https://lichess.org/vHo9Kuzr#49,
xkDmb,2k3rr/1pp1q3/pn1p4/3PbP1p/P1P5/2NB3P/1P4P1/R2QR2K w - - 0 23,a4a5 g8g2 e1e5 e7h4 h1g2 h8g8 d1g4 h5g4,3054,131,84,365,advantage kingsideAttack middlegame sacrifice veryLong,https://lichess.org/FDN8aJwf#45,
ANtEo,8/6k1/3K4/p1pB4/P1P1P3/1r6/8/8 b - - 0 50,b3b4 d6c5 b4a4 c5d6 a4b4 c4c5 a5a4 c5c6,3005,112,86,364,crushing endgame quietMove veryLong,https://lichess.org/3s0o4rLy/black#100,
DU0Iw,8/5k1p/5p2/8/PPrpp3/6P1/1R3P1P/6K1 w - - 0 30,a4a5 d4d3 a5a6 e4e3 f2e3 c4c2,3024,110,83,364,crushing endgame long master rookEndgame,https://lichess.org/Ns6jrI2x#59,
v8B9H,8/2p5/8/p1p2k1p/1p3pp1/PPPP1P1P/1K4P1/8 w - - 0 42,h3g4 h5g4 a3a4 g4f3 g2f3 f5e6,3062,119,84,364,crushing defensiveMove endgame long pawnEndgame,https://lichess.org/m8j2QXmI#83,
UzixS,1r5k/1q3pbP/3p4/Q4P2/5B2/2pB4/PrP5/KR5R w - - 1 30,b1g1 b2c2 a5b5 c2g2 g1g2 c3c2 f4e5 g7e5 b5e5 d6e5,3080,125,87,363,advancedPawn advantage discoveredAttack discoveredCheck middlegame sacrifice veryLong,https://lichess.org/6Qc9SJnI#59,
kTZEI,8/pp6/2p5/2P3k1/4p1P1/1P4K1/P7/8 b - - 0 35,b7b6 c5b6 a7b6 a2a3 b6b5 g3f2 b5b4 a3a4,3041,121,84,363,crushing defensiveMove endgame master pawnEndgame quietMove veryLong zugzwang,https://lichess.org/J4ND752f/black#70,
WLuBm,8/7p/6p1/3k1p2/5P2/4K1P1/7P/8 w - - 4 52,h2h3 d5c4 e3e2 c4c3 e2f3 h7h5 f3e2 h5h4,3084,116,87,361,crushing endgame pawnEndgame quietMove veryLong,https://lichess.org/FdaUxZdq#103,
matwd,8/1p6/p2k2p1/PPp3p1/2P2pP1/2P2K1P/8/8 w - - 2 40,f3e4 d6c7 b5a6 c7b8,3047,113,85,360,crushing defensiveMove endgame pawnEndgame short,https://lichess.org/bKEiIZ7a#79,
wonIE,3R4/6pk/2Q2p1p/p7/8/1P2r2P/P1P1q1PK/8 w - - 3 46,c6c5 e2f2 c5d6 h6h5 d6b8 e3e5,3063,101,85,360,advantage defensiveMove endgame long quietMove,https://lichess.org/Wz93jzkF#91,
4HkaP,r6k/2p1q1pb/3p3p/b7/5QPP/2P1BP2/1P6/2KR2R1 w - - 1 29,e3d4 a5c3 b2c3 e7e2 d4g7 h8g7 d1d2 e2b5,3059,116,86,359,crushing defensiveMove middlegame sacrifice veryLong,https://lichess.org/vHI8uPCq#57,
5Rm9r,R7/1p2q1kp/2b5/5pp1/2PppQ2/3P2P1/4PP1P/6K1 w - - 2 25,f4b8 e4d3 b8h8 g7g6 h8g8 g6h6 a8a2 d3e2,3048,108,92,359,advancedPawn crushing endgame veryLong,https://lichess.org/JRZmL5qt#49,
KeYwG,1k6/1p2r2p/3p1pp1/2pP4/Q1P1nB2/2q4P/3N1PPK/8 b - - 1 27,g6g5 d2e4 e7e4 f4d6 b8c8 a4a7 c8d7 a7b6,3009,127,89,359,capturingDefender crushing endgame queensideAttack veryLong,https://lichess.org/nwE8lnDs/black#54,
SxSth,8/8/2R5/1R5P/5P2/4r1P1/2Pnk1K1/r7 w - - 1 41,h5h6 a1g1 g2g1 e3g3 g1h1 e2f2 c6c3 g3c3 b5h5 d2f3 h6h7 c3e3 h5h2 f3h2 h1h2 e3e8 h2h3 f2f3,3030,113,86,358,attraction crushing deflection endgame quietMove sacrifice veryLong,https://lichess.org/UgThnJkv#81,
k6dRG,2r3k1/1p2qppp/3p4/2bP4/1p3P2/4r2N/1P1QP1PP/1KR2B1R w - - 2 19,h3g5 e7e8 g5e6 f7e6 c1c5 e8g6,3018,118,87,358,crushing long middlegame quietMove,https://lichess.org/HLbHNh18#37,
ORa07,2r4k/6p1/3RQ2p/p2pPp2/P2q1P2/1P4RP/6PK/2r5 w - - 0 37,g3g6 d4f4 g6g3 c1c2 e6d5 c2c3 d6g6 c3g3 g6g3 c8c3 d5f3 c3f3,3058,109,89,357,crushing endgame pin veryLong,https://lichess.org/6htFXrQx#73,
Nti69,5b2/8/8/4pk2/1NK5/8/6PP/8 b - - 0 52,f8b4 c4b4 f5e4 b4c4 e4e3 h2h4 e3f4 c4d5 e5e4 d5d4 e4e3 d4d3 f4g3 d3e3,3048,114,87,356,crushing endgame quietMove veryLong,https://lichess.org/sCKI5NUO/black#104,
b7GQI,r3kb1r/pp2nppp/4p3/1bppN3/3P4/2q1B3/P2N1PPP/1R1Q1RK1 b kq - 1 12,b5f1 d1a4 e7c6 b1b7 c5d4 d2c4 c3c4 e5c4,3050,118,85,355,crushing middlegame pin quietMove veryLong,https://lichess.org/eYCeeJYy/black#24,French_Defense French_Defense_Advance_Variation
nzstV,r3k2r/1ppb1p1p/p3P2Q/3p1P2/2q5/8/P1P3PP/4RR1K b kq - 0 18,f7e6 h6f6 h8f8 e1e6 d7e6 f6e6 e8d8 f1d1 c7c6 e6d6,3067,122,83,355,crushing exposedKing intermezzo middlegame veryLong,https://lichess.org/5JitaZcc/black#36,Englund_Gambit_Complex Englund_Gambit_Complex_Englund_Gambit
wjSeO,1r3r2/p1p1k1p1/7p/4p3/4B1b1/5n2/PPPP1bPP/RNBK1R2 w - - 0 16,g2f3 f8f3 d1e2 f3f4 e4f3 g4f3 e2f2 f3h5 f2g2 f4g4 g2h3 b8f8,3042,122,87,355,advantage discoveredAttack discoveredCheck middlegame veryLong,https://lichess.org/wTjVNDgO#31,Italian_Game Italian_Game_Two_Knights_Defense
gC6WX,8/8/1kp5/p3rRp1/1p4Pp/1P3K1P/P7/8 b - - 1 44,e5f5 g4f5 b6c7 f3g4 c7d7 g4g5 d7e7 g5g6 e7f8 g6f6 c6c5 f6e6 a5a4 b3a4 c5c4 a4a5 b4b3 a2b3 c4b3 a5a6 b3b2 a6a7 f8g7 a7a8q,3042,121,87,354,advancedPawn crushing endgame promotion quietMove veryLong,https://lichess.org/GbkZFVnA/black#88,
MZo4b,8/8/3p2p1/2kP4/1pn1PB2/3K3P/8/8 w - - 0 55,h3h4 b4b3 f4g3 c5b5 d3c3 b5a4,3016,106,91,353,crushing defensiveMove endgame long master masterVsMaster,https://lichess.org/BsoPs77t#109,
DoEWy,8/5pp1/4p2p/3kP2P/5PP1/4K3/8/8 b - - 2 47,d5c4 e3e4 c4b5 e4d4 b5c6 d4c4 c6c7 c4b5,3024,107,86,351,crushing defensiveMove endgame pawnEndgame veryLong zugzwang,https://lichess.org/QZBVhwyD/black#94,
eaadY,r2r1k2/5p1p/p1p2P2/1p1bqR2/1P6/P2P3P/5QP1/5R1K b - - 2 34,e5c3 f5g5 h7h6 g5g7,3047,118,85,351,crushing middlegame short,https://lichess.org/tQx9WVzW/black#68,
sWVB0,6rq/pp3k2/3p4/3N1p2/1P3Pp1/4Pp1r/PR5R/5QK1 w - - 6 35,f1c4 h8h4 d5c7 f7f8 c7e6 f8e7 h2h3 g4h3,3078,108,93,351,crushing defensiveMove discoveredAttack discoveredCheck middlegame quietMove veryLong,https://lichess.org/kHV2Mq0I#69,
BsqBl,r1b5/ppp2p1k/3p4/6N1/2nB4/2P3R1/P1q1rPPP/R5K1 b - - 3 23,h7h6 g5f7 h6h5 g3g5 h5h4 d4f6 e2e6 f6d8 c8d7 f2f3,3009,101,82,350,advantage defensiveMove exposedKing middlegame quietMove veryLong,https://lichess.org/mIGQD8fk/black#46,
ik593,r6r/3p1pk1/p1b3pp/1p1qP3/2p2R2/P3QPP1/1P3KP1/1B5R b - - 12 30,h8e8 f4f7 g7f7 b1g6 f7e7 h1h6 e7d8 g6e8,3037,117,94,350,advantage attraction middlegame sacrifice veryLong,https://lichess.org/e52cFnqM/black#60,
6AjHy,5qk1/1b6/6Q1/1p1pP1P1/1PpP1P2/2P3K1/2r5/8 b - - 10 38,g8h8 g6c2 b7c8 c2h2 h8g7 e5e6 f8f5 h2h6 g7g8 g5g6 f5d3 g3h4 c8e6 h6h7 g8f8 g6g7,3044,111,85,349,advancedPawn crushing endgame exposedKing hangingPiece veryLong,https://lichess.org/I83YqDEk/black#76,
KPxX9,8/p7/3k4/8/P1QP4/2P5/4pqPK/8 w - - 13 51,c4a6 d6e7 a6b7 e7f6 b7c6 f6g5 c6d5 f2f5,3052,115,86,349,crushing defensiveMove endgame queenEndgame veryLong,https://lichess.org/4CgbyBfW#101,
Dp6cy,8/1r3pR1/8/4pkPP/8/1p4P1/1K6/8 b - - 0 55,e5e4 g5g6 b7b8 g3g4 f5e6 g7f7,3033,114,82,348,endgame,https://lichess.org/ZdF3GCIW/black#110,
GUvD9,1k5r/1pp2pp1/p7/2bP1QP1/2P2P2/P5q1/1P6/2K1RR2 w - - 7 26,f5f7 g3d3 d5d6 c5d4 f7e8 h8e8,3028,123,83,347,crushing endgame long master,https://lichess.org/LSFN8lvy#51,
OZaz6,8/p7/k7/2p5/5K1p/2P2P1P/8/8 w - - 0 46,f4e3 a6b5 e3d3 a7a6 c3c4 b5c6 d3c3 c6d6 c3b3 d6e5,3075,117,86,347,crushing defensiveMove endgame pawnEndgame quietMove veryLong zugzwang,https://lichess.org/3UtNa57S#91,
xoeGo,4r1k1/p1n3p1/2p1r2p/3p4/PP3P2/3QP3/2P3RR/3q1NK1 b - - 17 36,d1e1 g2g7 g8g7 h2g2 g7h8 d3d4 e6e5 f4f5 e1b4 d4b4,3028,122,84,347,attraction crushing kingsideAttack middlegame pin quietMove sacrifice veryLong,https://lichess.org/ynHogAVB/black#72,
iukml,rnb4r/pppp1Q1p/6n1/4qNk1/7P/8/PPP3P1/5R1K b - - 0 22,g5g4 f7b3 g6f4 f5e3 g4h4 g2g3,3085,122,86,346,crushing long middlegame,https://lichess.org/blqSnDeo/black#44,
Ll2h5,8/pp4k1/2p2p2/6p1/1PQRP3/5q1r/P5Pr/4KR2 b - - 1 34,f3e3 e1d1 h2h1 d4d7 g7h6 d7d8 h1f1 c4f1,3057,131,83,344,advantage endgame quietMove veryLong,https://lichess.org/9qgcghDv/black#68,
j1sEj,8/8/2k2B2/2P2Kp1/5bP1/8/8/8 b - - 4 51,c6c5 f6g5 f4g3 g5e3 c5c6 g4g5 c6d7 f5g4 g3d6 g4h5,3020,107,87,344,bishopEndgame crushing defensiveMove endgame quietMove veryLong,https://lichess.org/PTtxPVU8/black#102,
jOTvW,r4r2/1b4qk/p3Q1N1/1p6/5p2/2P1n3/PP1N2PP/3R1R1K w - - 3 27,g6f8 a8f8 e6h3 h7g8 f1g1 f8d8,3020,115,89,344,advantage long middlegame,https://lichess.org/AvIsdwAr#53,
pfOEd,2k1bq1r/1p1r2nB/2p1p1P1/3pB3/5P2/2P5/PR2Q3/1K5R b - - 0 29,f8f5 b1a1 e8g6 h1b1 h8h7 e2a6 c8d8 b2b7,3017,120,83,344,clearance crushing defensiveMove middlegame quietMove sacrifice veryLong,https://lichess.org/cSfELcmU/black#58,
vOcNQ,8/2p5/5p2/K3p3/3kP1B1/8/8/8 w - - 4 62,g4f5 c7c5 f5g4 d4d3 g4d7 d3e4,3058,119,85,344,bishopEndgame crushing endgame long quietMove,https://lichess.org/F807WGbC#123,
OOKOc,8/2k5/2P3Kp/5P2/7R/7p/8/5r2 b - - 1 51,c7c6 h4h3 c6d7 g6f6,3017,103,86,343,crushing defensiveMove endgame master rookEndgame short,https://lichess.org/GXWK9loX/black#102,
mzFjX,r7/ppkn1pP1/2p4p/2b4P/6P1/8/PB2rP1N/1R4KR w - - 4 22,g4g5 e2f2 b2a3 f2f5 a3c5 f5g5,3041,107,84,343,advantage discoveredAttack discoveredCheck kingsideAttack long middlegame,https://lichess.org/6ICwt2IB#43,
8JK4b,r4rk1/3q1p2/2p2Rpp/1p1bP3/p2P4/6RP/2PQ2PN/7K b - - 1 25,a4a3 d2h6 a3a2 h2f3 a2a1q h1h2 a1c1 h6c1,3077,107,84,342,advantage middlegame quietMove veryLong,https://lichess.org/EfWl48KA/black#50,
DMlnB,8/8/4k3/2pp2B1/1pP1p3/1P3p2/5K2/8 w - - 0 46,g5h6 d5c4 b3c4 e6d6 h6f4 d6c6 f2e3 c6b6,3043,116,89,342,bishopEndgame crushing defensiveMove endgame veryLong,https://lichess.org/yEOwSIIY#91,
cTGEX,8/q4pk1/2p2Q2/3pPp2/8/p3P3/5K1P/8 b - - 6 45,g7f8 e5e6 f5f4 f2g2 a7b7 f6d8 f8g7 e6e7 b7b2 g2f3 f4e3 e7e8q,3006,112,85,342,advancedPawn crushing endgame promotion queenEndgame veryLong,https://lichess.org/TptD9Y85/black#90,
7TqIx,8/2p1k2p/p2r1p2/3R1P2/1P6/2PK3P/8/8 w - - 4 48,d5d6 e7d6 d3d4 h7h6 d4e4 c7c5 e4f3 h6h5,3035,100,94,340,crushing defensiveMove endgame quietMove veryLong zugzwang,https://lichess.org/uqb7BzVT#95,
bHah2,r1b3k1/p7/1ppq2r1/3p2pN/3Pp3/4P1R1/PP3QP1/5RK1 b - - 5 27,c8e6 g3g5 g6g5 f2f6 g5g4 f1f4 d6d7 f4g4 e6g4 f6g5 g8f8 g5h6,3090,120,85,340,advantage clearance exposedKing kingsideAttack middlegame sacrifice veryLong,https://lichess.org/puzNB2cd/black#54,
crGo0,6k1/1p2r2p/4p1pQ/p3Bp1P/1qp5/4R3/PP3PPK/3r4 b - - 4 27,c4c3 h5g6 c3b2 e3g3 b4g4 e5b2,3033,120,85,340,crushing endgame long quietMove,https://lichess.org/06piymG9/black#54,
eszbv,8/p7/2k3pp/1pp1p3/4PP2/PPK3PP/8/8 w - - 3 37,b3b4 e5f4 g3f4 g6g5 f4g5 h6g5,3046,121,86,340,advantage endgame long pawnEndgame,https://lichess.org/v8dF181R#73,
qHp8G,8/N1p3pk/p5rp/P7/1P1q4/4p2P/6P1/2Q3RK w - - 0 38,c1c7 d4e4 a7c8 e3e2 c8d6 e4e3,3022,119,88,340,advancedPawn advantage clearance endgame long,https://lichess.org/YoZFdeMM#75,
3xdie,r4k2/5qbQ/bpp1p2p/7P/1P1P1Pp1/p1P3P1/P1B2R2/2K5 b - - 3 32,e6e5 c2b3 a6c4 b3c4 f7c4 f4e5 f8e8 c1d1,3017,115,83,339,crushing defensiveMove discoveredAttack discoveredCheck exposedKing middlegame veryLong,https://lichess.org/07Fwz9Nl/black#64,
5JZqC,3r1rk1/1p6/p1b4p/3pP1P1/3Q1pq1/2P2R2/P4PP1/4R1K1 b - - 0 30,h6g5 e5e6 d8e8 f3h3 e8e6 h3h8 g8f7 h8h7 f7e8 e1e5,3054,108,84,339,advantage collinearMove exposedKing middlegame quietMove veryLong,https://lichess.org/wz6XYp67/black#60,
MJv87,7r/2R2P2/4Pk2/6p1/3K4/7p/8/8 w - - 3 52,e6e7 h8h4 d4e3 f6f7 c7c1 h4g4 c1h1 g4g3,3047,118,87,339,crushing endgame quietMove rookEndgame veryLong,https://lichess.org/cNE8Gk1g#103,
h1zYB,8/4N3/7p/p3p3/P1K2p2/5Pk1/8/8 w - - 1 48,e7g6 g3f3 g6e5 f3e2 c4b5 h6h5 b5a5 h5h4 a5b6 h4h3,3009,122,88,339,crushing endgame knightEndgame quietMove veryLong,https://lichess.org/CdJDc1xl#95,
xjCso,7R/8/8/8/5p1p/5krP/7K/8 w - - 6 73,h8h4 g3g2 h2h1 g2e2 h4h7 f3e3,3036,103,87,339,crushing defensiveMove endgame long quietMove rookEndgame,https://lichess.org/tcKfAH9I#145,
s7o5b,8/p7/6p1/4kp2/2p5/P3KP2/6PP/8 w - - 4 45,f3f4 e5d5 a3a4 d5c5 e3d2 c5b4 h2h3 b4a4 d2c3 a4b5 g2g4 b5c5,3055,123,86,338,crushing defensiveMove endgame pawnEndgame veryLong,https://lichess.org/9PQiDyfu#89,
kgiDo,3k4/2q1pQ2/3p1n2/2pP4/8/6PB/1r2r2P/2R2RK1 w - - 2 32,f7g7 c5c4 g7h8 f6e8 h8d4 e2d2,3062,122,85,337,crushing long middlegame quietMove,https://lichess.org/sbtuXhuS#63,
qfmXX,3r3k/3rQ1pp/1p1P4/p1p5/q1P1P3/5P2/3R2PP/3R2K1 w - - 7 36,e4e5 d7e7 d6e7 d8d4 d2d4 c5d4,3018,96,87,337,advantage clearance collinearMove endgame long,https://lichess.org/1NefqIhq#71,
wVNPg,5rk1/p4p1p/b4Qp1/3pP1N1/8/1P5P/q5P1/4R2K b - - 1 31,a6c8 e5e6 c8e6 g5e6 f7e6 f6e6 g8g7 e6e5 g7h6 e5e3,3088,105,85,337,crushing endgame veryLong,https://lichess.org/lEuGZTvf/black#62,
7Gc6e,r3kbnr/pp3ppp/2n5/3pP3/3P4/2P1B1Pb/PP1NQ2P/2KR1B1q b kq - 5 12,h3g4 e2g4 h1h2 f1h3 a8d8 d1f1 g8f6 e5f6,3048,134,78,336,advantage clearance middlegame quietMove veryLong,https://lichess.org/xHeWsXyg/black#24,Kings_Pawn_Game Kings_Pawn_Game_Leonardis_Variation
F6h7i,8/ppp2nk1/2qr1pp1/2N4P/1P3p2/2P4Q/P6P/4R1K1 w - - 0 26,h5g6 f7g5 h3h5 c6d5 e1e7 g7f8,3046,120,82,336,crushing defensiveMove endgame long,https://lichess.org/ig7G3n6j#51,
Z9CTP,4r1k1/p1r2p1p/4pQ2/3p1pP1/q2P3P/pN6/P4P2/1K1R3R w - - 1 30,h4h5 a4c4 d1d2 e8b8 h1d1 c7b7 d2b2 c4c3,3026,121,88,336,advantage middlegame veryLong,https://lichess.org/ltFNveyw#59,
a3HpH,r2q1rk1/ppp2ppp/3p4/3Nb1P1/2B4Q/7P/PP4P1/5R1K b - - 2 20,c7c6 d5f6 e5f6 g5f6 g8h8 f1f5 g7g6 f5f4,3002,105,85,336,advantage defensiveMove kingsideAttack middlegame quietMove veryLong,https://lichess.org/n7J0JeeQ/black#40,
kZlxh,2r3k1/1b4b1/p6p/2rPp2P/2B1Pp2/qP6/P1RQ4/1K1R4 b - - 2 30,c5a5 d5d6 g8h8 d2g2,3024,118,84,336,advantage discoveredAttack discoveredCheck master middlegame short,https://lichess.org/mfcWdLiZ/black#60,
1Lsfv,5rk1/p2b3p/3P1ppB/3pp3/7P/5Q1N/Pq2r1P1/5R1K b - - 1 28,f8f7 f3d5 b2b5 d5a8 d7e8 f1c1 f7b7 c1c8 b5b1 h3g1 e2e4 c8e8 g8f7 e8e7 b7e7 a8f8 f7e6 f8e7,3054,120,87,334,attraction clearance crushing kingsideAttack middlegame pin quietMove veryLong,https://lichess.org/YHTAlsLU/black#56,
SxkZZ,7k/6p1/p4p1p/P1pB1Q2/N1P5/1b2b2P/6PK/3q4 b - - 3 38,b3a4 f5c8 h8h7 c8g8 h7g6 g8f7 g6g5 f7g7 g5f5 g7h7 f5e5 h7e4,3034,101,87,334,advantage deflection endgame veryLong,https://lichess.org/A7TaPXgi/black#76,
oq8g1,r4rk1/p1p2p2/3pb3/4q2p/1p2PR1N/4Q1PP/5R1K/8 b - - 1 29,b4b3 f4f6 b3b2 h4g6 f7g6 f6g6 e5g7 g6g7,3055,101,86,334,advantage middlegame sacrifice veryLong,https://lichess.org/dZX1h9tT/black#58,
sC1BV,8/1rp5/8/1pK2P2/8/1k6/8/1R6 b - - 13 55,b3c3 b1b5 b7a7 c5d5 c3d3 b5c5,3006,102,94,334,clearance crushing endgame long rookEndgame,https://lichess.org/HH5oQb1S/black#110,
wmG7V,4r1k1/p1p3pp/1p1p4/4rPp1/2b1P2P/2q2R2/P5QK/2B3R1 b - - 1 28,c3b4 g2g5 e8e7 g5f6 b4e1 f3g3,3010,121,87,334,crushing long middlegame pin,https://lichess.org/sHcqgIx0/black#56,
77stW,8/5pp1/3K1k1p/3B4/6PP/8/8/5r2 b - - 0 47,f1h1 d5h1 h6h5 g4g5 f6f5 d6d5 f5f4 d5d4,3024,114,84,333,crushing defensiveMove endgame exposedKing hangingPiece veryLong,https://lichess.org/G5UsaGCj/black#94,
7cFSe,3r1r2/p3q1k1/Q1p4p/1p1nP2B/3R1ppP/6P1/PP3P2/4RK2 w - - 0 31,g3f4 d5f4 d4f4 f8f4 a6c6 f4f2 f1g1 d8d2,3037,115,86,333,crushing middlegame veryLong,https://lichess.org/SItlwdIT#61,
LQzYk,8/8/3k4/6PK/2r4p/7R/8/8 b - - 1 60,d6e6 g5g6 c4c8 h5g5 e6e7 g5h6,3009,110,87,333,crushing defensiveMove endgame long rookEndgame,https://lichess.org/iGfvsy5E/black#120,
fZyCd,8/p2B2k1/1pp4q/4p2n/3p1r2/P2P1rpR/1PP2PQ1/1K3R2 b - - 3 38,c6c5 d7e8 f3f2 f1f2 f4f2 g2b7 g7f8 b7c8,3021,124,84,333,advantage exposedKing middlegame pin veryLong,https://lichess.org/PJht43Ya/black#76,
hiLib,8/7p/2k1ppp1/p7/P1PK1P2/7P/6P1/8 w - - 2 47,g2g4 g6g5 f4g5 f6g5 d4e5 c6d7 e5f6 h7h6 f6e5 d7e7 c4c5 e7d7 c5c6 d7c6,3005,116,86,333,crushing endgame pawnEndgame quietMove veryLong,https://lichess.org/DEoMjbr6#93,
5F5rc,2b2rk1/1p3p1p/1p4pQ/4R3/5P1P/3Bp1K1/2P3P1/1q1n4 b - - 0 27,d1f2 e5h5 f8e8 d3g6 f7g6 h6h7 g8f8 h7h8 f8e7 h5h7 e7d6 h8e8,3034,114,85,332,crushing deflection middlegame quietMove veryLong,https://lichess.org/ctMl2CA9/black#54,
oAg3L,4k3/8/p3K3/6PR/rp6/5P2/8/8 b - - 1 39,e8f8 e6f6 f8g8 g5g6 a4a3 f3f4 a3c3 h5h7 c3c6 f6g5 c6c5 g5h6,3006,116,85,332,crushing defensiveMove endgame quietMove rookEndgame veryLong,https://lichess.org/fxIiKd40/black#78,
uPETK,8/8/pp5p/3ppk2/PP6/2PK1PP1/8/8 b - - 1 36,e5e4 f3e4 d5e4 d3d4 h6h5 d4e3 b6b5 a4a5,3011,113,85,332,crushing defensiveMove endgame pawnEndgame veryLong zugzwang,https://lichess.org/TKWdRzKD/black#72,
6XVM8,2kr3r/ppp5/4p2p/2P1Qp1q/3n2p1/6P1/P4P1P/3R1RNK b - - 1 20,d4f3 g1f3 g4f3 c5c6 h5h3 f1g1,3023,110,84,331,crushing defensiveMove long middlegame,https://lichess.org/ZjBkSyiZ/black#40,
X7vWL,4R3/pp3r1p/2p2k2/2Pb1r2/3R3B/KP3p1P/P7/8 b - - 11 39,f6g6 e8g8 g6h5 h4g3 h5h6 g3e1 f5f4 e1d2 h6h5 d2f4 f7f4 d4f4,3022,103,85,331,advantage endgame pin quietMove veryLong,https://lichess.org/DpwSMWtK/black#78,
L0qBS,1Q6/R4ppk/4p2p/3p1b2/3Pn3/P3P1PP/5PBK/3q4 w - - 6 36,f2f3 e4c3 g3g4 c3e2 h3h4 d1g1 h2h3 g1f2,3033,120,84,330,crushing endgame quietMove veryLong,https://lichess.org/c0POlzvE#71,
j1raJ,5rk1/pp2pp2/6pK/7p/2Q1PP2/2P2RP1/Pq6/7r b - - 3 29,h1h2 c4d4 f7f6 d4c4 g8h8 c4c7 b2a3 f3d3,3006,122,85,330,crushing defensiveMove endgame veryLong,https://lichess.org/CoXFitOA/black#58,
qBfQb,r4r2/1pp2k2/p7/2bPRp2/2P5/1P4QP/P1Bq2P1/4RK2 w - - 1 31,e5e7 c5e7 c2f5 d2h6,3010,108,91,330,advantage middlegame short,https://lichess.org/ZVysjgY4#61,
PIXYo,8/5p2/b3pNpk/3pPP2/1P1P3P/1qp2QK1/8/8 b - - 0 47,a6e2 f3f4 h6g7 f6e8 g7f8 f5g6 c3c2 g3h2 b3f3 g6g7 f8e7 f4f6 f3f6 e5f6,3020,116,87,329,advancedPawn collinearMove crushing deflection endgame pin veryLong,https://lichess.org/AtKe2Qx8/black#94,
YtHy1,r1b2rk1/1pqn1p1p/2pp2p1/p5BP/P1BbP3/5Q2/1PP2PP1/R3K2R b KQ - 0 15,d4b2 h5g6 d6d5 f3h3 d7f6 g6h7 g8h8 h3a3 f6d7 a3b2,3099,121,84,328,advancedPawn advantage middlegame pin veryLong,https://lichess.org/Izjt8wrT/black#30,Philidor_Defense Philidor_Defense_Other_variations
QghY8,8/8/p7/1ppk4/5P1p/1P1K3P/P7/8 w - - 0 50,d3e3 d5e6 e3e4 a6a5 f4f5 e6f6 a2a4 b5b4,3005,108,91,327,crushing defensiveMove endgame pawnEndgame quietMove veryLong zugzwang,https://lichess.org/i7JerAaK#99,
TFFTj,8/3N4/8/7p/4pK1P/3k1bP1/8/8 b - - 5 62,f3d1 d7c5 d3e2 c5e4 e2f1 e4c3 d1b3 g3g4 b3f7 g4g5 f1g2 f4f5,3053,120,84,327,crushing defensiveMove deflection endgame quietMove veryLong,https://lichess.org/uI9w9kUS/black#124,
5JxaK,1q3k2/5ppp/R2p4/4p1b1/8/2P5/1r3PPP/1Q2KB1R w K - 0 22,b1h7 g5d2 e1e2 b8b7 a6d6 d2c3,3046,125,87,325,advantage discoveredAttack discoveredCheck long master masterVsMaster middlegame,https://lichess.org/0byMWK75#43,
OKjCw,8/3b4/1p5p/1PpK2k1/2P3P1/8/4B3/8 b - - 3 44,d7g4 e2f1 g4f3 d5d6 g5f5 d6c7 f5e5 c7b6 e5d4 b6a6 h6h5 b5b6 h5h4 a6b5 f3e4 f1h3,3022,111,87,325,bishopEndgame crushing defensiveMove endgame quietMove veryLong,https://lichess.org/hu32iWBZ/black#88,
ZtKmS,8/8/8/p2k4/K1pb1p2/4p1p1/4B3/6R1 w - - 0 62,a4a5 d5e4 g1f1 g3g2 e2f3 e4e5 f1b1 c4c3,3034,123,82,325,advancedPawn crushing defensiveMove endgame veryLong,https://lichess.org/RKXbjALp#123,
ajyUC,8/7R/6p1/4pbP1/3k4/2p3P1/8/2K5 w - - 2 46,h7f7 e5e4 g3g4 f5e6 f7f6 e6d5,3007,117,83,325,crushing defensiveMove endgame long quietMove,https://lichess.org/bpcoarvu#91,
1B7lq,r6n/1Q3pk1/3N1p2/3PpP2/1P2P3/6Pp/q6P/5RKB w - - 3 31,b4b5 a8a3 f1e1 a2d2 g1f1 d2d3,3036,111,86,324,crushing long middlegame,https://lichess.org/WqfeqwJ0#61,
8Mx9h,1r6/5p2/p2P4/2P1k1p1/6P1/4NK2/P7/8 b - - 0 35,b8c8 e3c4 e5e6 d6d7 c8f8 c5c6 f7f5 g4f5 f8f5 f3e3 f5f8 e3d4 g5g4 d4c5,3039,118,84,324,advancedPawn crushing defensiveMove endgame veryLong,https://lichess.org/kqmBDbf8/black#70,
9uKIK,r6k/p1RR2pp/1p2N3/n3pp2/8/4Bb2/PP4rP/5K2 b - - 1 29,g2h2 e3g5 a5c4 d7g7 c4e3 g5e3,3006,121,82,323,crushing long middlegame quietMove,https://lichess.org/UNyfZ7u3/black#58,
EouQQ,8/p4p2/2k4p/8/1PK2p2/8/5PPP/8 b - - 5 35,f7f5 b4b5 c6b6 f2f3 h6h5 c4b4 h5h4 b4c4,3030,117,89,323,crushing defensiveMove endgame pawnEndgame quietMove veryLong,https://lichess.org/mZcxaHOh/black#70,
aAUh8,7r/2p2kp1/1p1p1pR1/rq1PpP1p/p3P2B/6QP/2P3P1/6K1 b - - 1 38,h8h7 h4f6 g7f6 g3h4 f7e8 h4f6,3016,113,87,323,clearance crushing endgame long sacrifice,https://lichess.org/AxRO2XEe/black#76,
lRSJs,8/7p/2p3p1/5p2/1P2pPP1/1kPpK2P/3B4/8 w - - 1 42,e3d4 b3c2 d4e3 g6g5 g4f5 g5f4 e3e4 c2d2 f5f6 d2c2 f6f7 d3d2 f7f8q d2d1q,3009,113,81,323,advancedPawn bishopEndgame crushing endgame promotion veryLong,https://lichess.org/u12tIFJ7#83,
3FYhG,6r1/8/7P/5p2/4pp1K/5P2/2R3P1/5k2 w - - 1 68,h4h5 e4e3 h6h7 g8f8 c2c1 f1g2,3033,123,89,321,advantage endgame long quietMove rookEndgame,https://lichess.org/XrRpBcmu#135,
FZ1Ko,8/8/8/8/1r5P/1p3p1R/1K2kP2/8 w - - 0 49,h3h2 b4b6 h4h5 b6h6 b2b3 e2f1 b3c4 f1g1,3061,101,95,321,crushing endgame master quietMove rookEndgame veryLong,https://lichess.org/d8IzOfhc#97,
IurLP,6k1/1R3p2/p1p1b1Bp/2P5/8/5P1P/2Qr2PK/4q3 w - - 3 31,b7b8 g8g7 c2e4 e1f2 e4e5 f7f6 b8b7 e6d7 e5g3 f2g3 h2g3 g7g6,3015,121,81,321,advantage defensiveMove endgame veryLong,https://lichess.org/13KdySCs#61,
XYWKV,8/8/3k2p1/1p1p1p1p/3K1P2/n1P3PP/3B4/8 b - - 7 47,a3b1 d2c1 d6c6 d4d3 c6c5 c1b2 b5b4 c3b4 c5b4 d3c2,3008,109,86,320,crushing endgame quietMove veryLong,https://lichess.org/KZcWLBNE/black#94,
gitqm,b3Q3/8/3K4/3p4/3k4/1p6/8/3q4 b - - 0 54,d1g4 e8a4 d4c3 a4g4 b3b2 g4f5 c3d2 f5b1,3040,120,81,320,crushing endgame fork skewer veryLong,https://lichess.org/0GICz0MX/black#108,
OSJK5,8/8/3b4/3k1p2/2p1p1p1/2P1P1P1/2K2P2/1N6 w - - 2 51,c2b2 f5f4 g3f4 d6c5 f4f5 c5e3,3015,124,88,319,crushing endgame long,https://lichess.org/mJCIbV1I#101,
9EHjv,4b3/8/8/2K5/8/1P5k/P7/8 b - - 1 46,h3g4 b3b4 g4f5 b4b5 f5e6 a2a4 e8g6 c5b6,3058,107,85,318,bishopEndgame crushing defensiveMove endgame quietMove veryLong,https://lichess.org/wdQ8e3iu/black#92,
BTp9j,r5k1/1pp3rp/3p1Q2/2qPpR2/2n1P3/1P6/4N1P1/2KR1B2 w - - 0 25,f6e6 g8h8 b3c4 c5b4 f5f8 a8f8,3016,104,85,318,advantage long middlegame sacrifice,https://lichess.org/hBFUpviy#49,
RRkBL,3k3N/6R1/pp2Rp1p/rn5P/3r1P2/1PK5/P7/8 w - - 3 44,c3c2 a5a2 c2c1 d4f4 h8f7 d8c8 f7d6 b5d6,3009,109,96,318,crushing endgame veryLong,https://lichess.org/uZsrx0rq#87,
p4WIT,4r2k/4P1p1/1p5p/4Q3/pq2R3/7P/6PK/8 b - - 1 43,b4a3 e4h4 e8e7 h4h6 h8g8 e5d5 e7f7 h6c6 a3f8 c6d6,3039,115,83,318,crushing endgame pin veryLong,https://lichess.org/dxtm2Twe/black#86,
3q8ln,r6r/p2nqkb1/1p1pBnp1/3Pp1B1/4P3/7Q/PP3PP1/R3K2R b KQ - 4 20,f7f8 h3h8 g7h8 h1h8 f8g7 h8a8 d7c5 a8g8 g7h7 g8c8,3041,111,86,317,crushing exposedKing middlegame skewer veryLong,https://lichess.org/2UUhisi8/black#40,
69x4U,4R3/6p1/p2r2kp/1p6/1P1p1RPP/rb1P2K1/5P2/8 b - - 1 34,b3e6 h4h5 g6h7 f4f8 e6g8 g4g5,3058,104,86,317,advantage endgame long quietMove,https://lichess.org/QKTN9qTX/black#68,
COHPG,6k1/1R5p/p1p3p1/P3Pp2/3rpn1q/4N2P/1PP3P1/5Q1K w - - 0 35,f1a6 f4g2 a6a8 d4d8,3080,109,85,317,advantage endgame short,https://lichess.org/a9y9fqlb#69,
KWra3,8/p4k1p/1p6/4p2P/P3P3/8/5PK1/8 w - - 0 43,g2f3 a7a6 f3e3 f7g7 f2f4 g7h6,3040,125,87,317,crushing endgame long master pawnEndgame quietMove,https://lichess.org/ohw0PvJr#85,
pmx0B,8/8/8/8/PPP1r3/6pk/2R5/4K3 w - - 6 43,e1d1 e4f4 c2c3 h3g4 c3g3 g4g3 b4b5 f4c4,3074,115,87,317,crushing endgame rookEndgame veryLong,https://lichess.org/Rn2TnSVT#85,
sMQzv,3r2k1/b3qppp/prRN4/1p1QP3/3p4/P7/5PPP/2R3K1 b - - 3 23,d4d3 c6c7 d3d2 d5d2 e7e5 c7c8 b6b8 d6f7,3020,104,82,317,crushing middlegame pin veryLong,https://lichess.org/X3PDtzkT/black#46,
ucMgq,rnbq1r1k/pp3p1P/3p2pQ/3N4/3pP3/3n4/P5P1/R1B2RK1 b - - 2 19,b8d7 c1g5 f7f6 d5f6 d7f6 h6h4,3019,102,92,317,advantage defensiveMove long opening sacrifice,https://lichess.org/73eL1jUc/black#38,
9mi6r,3r1rk1/5ppp/p3p2P/2bq2P1/1p1N1P2/4Q3/PPP1N3/2KR4 b - - 0 26,d5a2 e3e5 c5d4 e2d4 f7f6 e5c7 a2a1 c1d2 d8d4 d2e3 d4e4 e3e4 f6f5 e4e5,3020,115,88,316,advantage middlegame sacrifice veryLong,https://lichess.org/THGsag9B/black#52,
PmBfU,6k1/4r1p1/3QPp1p/p2p4/P2q4/7P/6P1/2R4K b - - 3 36,d4a7 c1c8 g8h7 d6f4 e7b7 h1h2 a7b6 f4f5 g7g6 f5f6 b6d6 g2g3 b7g7 f6d8 d6d8 c8d8,3021,115,83,316,crushing deflection endgame veryLong,https://lichess.org/aU8jHmxn/black#72,
ooT1z,6k1/pBr2pp1/2P2b2/3p1bnp/QP2p3/1NP1qP2/P5PP/2R2R1K w - - 0 24,b3c5 e4f3 g2f3 g5h3 c1e1 h3f2,3011,97,83,316,advantage kingsideAttack long middlegame quietMove,https://lichess.org/4TL7f11o#47,
vwtga,8/1p6/p1n1k3/1bR5/1P3P1P/3pK3/8/8 b - - 0 43,e6d6 h4h5 c6b4 c5g5 b4c2 e3d2 c2d4 g5b5 a6b5 h5h6,3006,121,83,316,crushing defensiveMove endgame quietMove sacrifice veryLong,https://lichess.org/9K5PzRyC/black#86,
MJYJ1,8/8/1k2n3/N1p5/1pP1K3/1P6/P7/8 w - - 8 48,e4d5 e6f4 d5d6 b6a5 d6c5 f4e2,3008,116,87,315,crushing defensiveMove endgame knightEndgame long,https://lichess.org/fVYVdtvc#95,
YMVQm,r4rk1/p4ppp/2pQ2n1/q3n3/4PR2/1B5P/PPP3P1/R1B3K1 w - - 1 19,f4f2 f8d8 c1d2 a5b6 d6b4 b6b4 d2b4 a7a5 b4c3 a5a4 b3a4 a8a4,3013,115,86,314,advantage middlegame veryLong,https://lichess.org/KGCPLepm#37,Kings_Gambit Kings_Gambit_Other_variations
hk26h,1r1q1rk1/3b1pp1/3p3p/2pB4/1p2P3/3PB2P/1PPKQ1P1/5R2 b - - 0 22,d8a5 e2h5 d7e6 e3h6 b4b3 d2e2,3018,111,84,314,advantage defensiveMove long middlegame,https://lichess.org/HZ6lrT20/black#44,
0wxYC,2rr2k1/p1n2pp1/2P4p/8/3p1KPP/P2R4/B7/2R5 b - - 0 35,c7e6 a2e6 f7e6 f4e5 d8d5 e5e6 c8d8 e6e7,3000,113,84,313,crushing endgame veryLong,https://lichess.org/OIsZKPD1/black#70,
8b7nf,2r4k/p3Q1p1/7p/3B1p2/1P2nP2/P5P1/6KP/4r3 w - - 3 36,e7f7 e4d6 f7a7 e1e2,3040,125,84,313,crushing endgame short,https://lichess.org/TEXqdbef#71,
9gdF2,6k1/p1Q2p2/6p1/7p/1p2rB2/1NPq1K2/PP6/R7 w - - 0 34,f3f2 g6g5 b3c5 e4f4 c7f4 d3c2 f2f3 g5f4,3000,112,90,313,crushing endgame exposedKing sacrifice veryLong,https://lichess.org/QFI9shA4#67,
P8Ny0,8/1Q3pkp/1P2p1p1/2npP3/5P2/2P5/6PP/1q4BK w - - 3 36,b7c6 c5d3 h2h3 b1b2 c6c5 d3c5,3006,106,85,313,crushing endgame long,https://lichess.org/4W3wu6Qq#71,
ZlMe8,6k1/6b1/Q2R2p1/p4p2/1p5P/3NPp2/1P1Kn3/1q6 b - - 3 39,g7b2 d6g6 b2g7 a6e6 g8h7 e6f7 b1a1 g6c6 a1c3 c6c3,3043,98,94,313,clearance crushing endgame exposedKing pin quietMove veryLong,https://lichess.org/WTmy3uxT/black#78,
m6k8t,2k5/8/3K1p2/1P2p1p1/6P1/5P2/1r5p/7R b - - 6 48,f6f5 g4f5 e5e4 f5f6 b2d2 d6e7 e4f3 h1c1 c8b7 f6f7 d2c2 f7f8q c2c1 f8f3,3058,103,83,313,advancedPawn crushing endgame exposedKing promotion rookEndgame veryLong,https://lichess.org/7Hx7oTTl/black#96,
p1iLl,8/pp2pk2/8/1P2K3/4P3/2P5/8/8 b - - 0 41,a7a5 b5a6 b7a6 e5d5 a6a5 c3c4 a5a4 d5d4 f7e6 d4c3 e6e5 c4c5,3026,109,85,313,crushing defensiveMove enPassant endgame pawnEndgame quietMove veryLong,https://lichess.org/r3863I6q/black#82,
H5Su3,r4r2/pQ1k4/2p5/4p3/3pP2p/2b2pq1/R1P1P3/2B2K1R b - - 0 25,d7d6 c1a3 c6c5 b7d5 d6e7 a3c5 e7f6 c5e7 f6e7 d5b7 e7f6 a2a6 f6g5 b7g7 g5f4 g7h6 f4e4 h1h4 g3h4 h6h4,3015,109,82,312,advantage attraction deflection middlegame sacrifice veryLong,https://lichess.org/lTefSEaZ/black#50,
X3etY,8/R6p/2k3p1/5p2/1P6/3r4/6PP/6K1 b - - 0 37,d3d7 b4b5 c6d6 a7d7 d6d7 g1f2 g6g5 f2e3 d7d6 b5b6,3000,120,87,312,crushing endgame exposedKing rookEndgame veryLong,https://lichess.org/Uz3XR9BU/black#74,
fChHP,3q1rk1/p1p3bp/6p1/2nPpn2/P1P1B3/5b2/1PQ3PP/R1B2RK1 w - - 0 23,e4f3 e5e4 f3e2 d8h4 g2g3 h4h3 f1f5 g7d4 g1h1 f8f5,3002,110,82,312,crushing intermezzo middlegame sacrifice veryLong,https://lichess.org/e0XKnbjr#45,
CALC4,8/1k6/1P5P/1R4K1/8/4pp2/5r2/8 w - - 0 62,g5g4 f2f1 h6h7 f3f2,3095,120,85,311,advancedPawn crushing endgame quietMove rookEndgame short,https://lichess.org/vTVvSy2H#123,
VQjsv,r1b5/5rkp/p2p1qp1/Qp6/3PP3/N7/PP1B1nPP/R4RK1 w - - 0 20,h2h3 f6h4 d2h6 h4h6 f1f2 f7f2,3066,130,86,311,crushing long middlegame,https://lichess.org/uy6X0gyd#39,
qdkcI,8/3k4/5p2/p1pp4/1P3KP1/P1P5/8/8 b - - 0 43,c5b4 c3b4 a5a4 f4e3 d7d6 e3d3,3031,110,79,310,crushing defensiveMove endgame long pawnEndgame,https://lichess.org/Ed2IKjTl/black#86,
Db1r7,r1qr2k1/ppp2pb1/1nn1p1b1/1N3P2/6P1/1BB5/PPP1Q3/2KR3R b - - 0 29,e6f5 d1f1 f5f4 c3g7 g8g7 e2h2 d8h8 h2f4,3019,120,87,309,crushing master middlegame veryLong,https://lichess.org/icJXm8EL/black#58,
nuByL,4r1k1/R7/1R5p/4Bb2/1NP5/pq1P4/3K4/8 b - - 1 43,a3a2 b6b7 e8d8 b7g7 g8f8 g7f7,3057,95,80,309,crushing exposedKing long middlegame quietMove,https://lichess.org/9BL7H5Zg/black#86,
FK9TD,8/7B/2p5/8/pkP2P2/3K1P2/5b2/8 w - - 0 39,h7g8 b4b3 c4c5 b3b2 d3c4 f2e1,3037,109,87,307,bishopEndgame crushing defensiveMove endgame long,https://lichess.org/9wX5Wb9v#77,
hpcjR,2N3k1/1pQ2pb1/1B6/3Pp3/4P3/6Pp/1P2q2N/r4RK1 w - - 3 29,c8e7 g8h7 b6f2 e2e4 h2f3 e4f3 c7c2 e5e4 f2e1 g7d4 g1h2 a1c1 f1f3 c1c2 h2h3 e4f3,3029,112,86,307,advantage clearance defensiveMove exposedKing middlegame pin veryLong,https://lichess.org/dHWT9ZB7#57,
wVfHz,2r3k1/pp2pp1p/3pb2Q/q6p/2n1P1P1/1BP2P2/P1P1N3/1K1R4 b - - 0 20,h5g4 d1h1 a5e5 b3c4 c8c4 h1h5 e5h5 h6h5,3027,120,90,307,advantage middlegame quietMove veryLong,https://lichess.org/ZnoEDY3M/black#40,
x0MUa,8/8/8/2P2k2/8/2Bp2P1/p1n2K2/8 w - - 1 40,g3g4 f5f4 c5c6 c2e3 c6c7 e3d1 f2g2 d1c3 c7c8q a2a1q,3048,122,86,307,advancedPawn crushing defensiveMove endgame exposedKing fork promotion veryLong,https://lichess.org/jrGgpG5U#79,
MCx5r,2k5/6R1/2r3p1/P1p5/8/3K4/1P6/8 b - - 5 42,c8b8 d3c4 b8a8 b2b3,3000,104,86,306,crushing defensiveMove endgame rookEndgame short,https://lichess.org/QSHlmzsw/black#84,
MLqVZ,8/5p2/4p1p1/4P2p/3k1P1P/5KP1/8/8 w - - 7 53,g3g4 h5g4 f3g4 d4e4 g4g5 e4e3,3068,120,87,306,crushing endgame long pawnEndgame zugzwang,https://lichess.org/GJjdjRRp#105,
g1wf3,2q1r1k1/1r4p1/3b1pNp/1p1p4/p2P3P/P1P2RP1/1P3QK1/5R2 w - - 4 30,f3f6 g7f6 f2f6 e8e2 g2g1 g8h7 f6d6 c8g4 g6f8 h7g7,3040,120,86,306,advantage middlegame veryLong,https://lichess.org/5U9ZsOCa#59,
9mCpO,r1b1k3/p4p1Q/4p3/4q3/8/P1p1n3/2P2PBP/R3K2R w KQq - 0 19,g2a8 e3d5 e1d1 e5f4 h7d3 c8a6,3028,105,85,305,crushing discoveredAttack discoveredCheck long middlegame,https://lichess.org/190h316M#37,
OJQFo,8/1R4p1/1P1kpp2/p2p4/1b1P2Pn/4B3/1P2K2r/R7 w - - 1 38,e2d3 e6e5 d4e5 f6e5 b7f7 e5e4 d3d4 d6e6 a1f1 h2b2,3021,117,82,304,crushing endgame veryLong,https://lichess.org/DwlBwb3D#75,
VFQxh,r1b2rk1/ppp2p2/4pPp1/6P1/3qPP1Q/3p3P/PP1N2K1/n4B1R b - - 2 20,a1c2 h1g1 c2e3 g2h2 d4e4 d2e4,3064,101,86,304,advantage defensiveMove long middlegame quietMove,https://lichess.org/vSLIgx3p/black#40,
62Wqe,1r2r1k1/Q1p2ppp/3b1q2/4nb2/8/P1P1PBB1/1P3PPP/2KR2NR w - - 1 16,g1e2 e5f3 g2f3 f6e6,3017,114,86,303,crushing middlegame short,https://lichess.org/UxShOkxw#31,Horwitz_Defense Horwitz_Defense_Other_variations
InCrd,1b3N2/8/7p/2k5/P7/2p3PP/5P2/5K2 w - - 2 54,f8e6 c5d5 f1e2 d5e6 f2f4 b8a7,3025,124,83,303,advantage defensiveMove endgame long,https://lichess.org/M8hXyHWv#107,
rIikf,r1b2rk1/2qn1ppB/p1n1p3/1p1pP3/8/2N2N2/PPP1QPPP/R3R1K1 b - - 0 14,g8h7 f3g5 h7g6 e2d3 g6g5 d3h7 d7e5 h7g7 e5g6 e1e3 f8h8 e3g3,3070,115,84,303,advantage fork middlegame sacrifice veryLong,https://lichess.org/zsl4eJhE/black#28,Caro-Kann_Defense Caro-Kann_Defense_Other_variations
XlKeL,8/6p1/p1p1p2p/P3k3/2P5/4K2P/5PP1/8 b - - 7 41,c6c5 g2g4 h6h5 f2f3 h5g4 h3g4 e5f6 e3e4,3009,110,84,302,crushing defensiveMove endgame pawnEndgame quietMove veryLong zugzwang,https://lichess.org/qqBCONl8/black#82,
y0P7e,8/8/4k3/p1bp1p2/Pp4p1/1P2PPP1/5B2/5K2 w - - 0 35,e3e4 d5d4 e4f5 e6f5 f3g4 f5e4 f2g1 e4d3,3032,111,84,301,bishopEndgame crushing defensiveMove endgame master quietMove veryLong,https://lichess.org/u5jVWscw#69,
7RDDK,8/8/2p5/3k4/3P1K2/1pB1P3/6b1/8 w - - 2 39,c3b2 d5c4 d4d5 c6c5 d5d6 g2h3,3009,119,83,300,bishopEndgame crushing defensiveMove endgame long quietMove,https://lichess.org/Ltpuh5m9#77,
UvcjK,8/8/1p6/p1k1p3/2PpK3/5P2/P2RBr2/8 w - - 4 51,e4e5 d4d3 d2d3 f2e2 e5f4 e2a2 f4e3 a5a4 f3f4 a4a3 f4f5 a2a1,3006,112,84,300,crushing defensiveMove deflection endgame quietMove veryLong,https://lichess.org/a9yCrggI#101,
LeNBS,8/1p1Q1pk1/p1p5/3pb2P/6N1/6P1/5P1K/1q6 b - - 4 45,e5f6 h5h6 g7g6 g4f6 g6f6 d7d8 f6g6 d8h8,3055,112,86,299,attraction crushing defensiveMove endgame veryLong,https://lichess.org/7NF4qAxC/black#90,
P1oD3,8/1R6/4N1rP/k3n3/2p5/7K/2P5/8 w - - 2 58,b7h7 g6e6 h3h4 e6f6 h4g5 f6f8 h7b7 e5f7 g5g6 f7h6,3035,122,85,299,crushing endgame exposedKing hangingPiece quietMove veryLong,https://lichess.org/tg7gMx7J#115,
Rdr94,r5k1/1bq4p/3p2p1/2p1n3/1pPpPQB1/1P1P2NP/r5PK/1R3R2 b - - 9 34,e5d3 f4f6 c7g7 f6e6 g8h8 f1f7,3064,112,85,299,advantage clearance long middlegame,https://lichess.org/GJlWyPcs/black#68,
x4ndx,4b3/8/6kp/1p1PP1p1/1P2K3/6P1/7P/8 b - - 0 37,h6h5 h2h3 g6f7 e4f5 f7e7 g3g4,3096,110,86,299,bishopEndgame crushing endgame long master quietMove zugzwang,https://lichess.org/vmtwruhK/black#74,
6D57v,2r2rk1/pp1q4/4p2R/4B1p1/3PQ1P1/8/P1p2PK1/8 b - - 0 29,f8f5 g4f5 e6f5 e4f3 c2c1q h6h8 g8f7 h8h7,3030,100,85,297,advantage endgame exposedKing veryLong,https://lichess.org/SBLpM66a/black#58,
EWJr9,k7/P2q4/Qp6/1P1pK2p/2p5/2P2P2/4r3/R5R1 w - - 1 46,e5f4 d7d6 f4g5 e2e8 g5h4 d6h2,3068,124,87,297,crushing endgame long quietMove,https://lichess.org/egZEG9TE#91,
GfugR,r4r2/pp4k1/2p2p1p/5RP1/6Q1/3R4/PqP3P1/7K b - - 0 25,f6g5 d3d7 g7h8 h1h2 f8d8 d7e7 d8d4 g4f3 d4h4 h2g3 h4f4 f5f4 g5f4 g3h2 b2b4 e7e6,3087,123,84,297,crushing endgame veryLong,https://lichess.org/n75nzQo4/black#50,
TFxuF,6k1/6pp/5p2/Q7/8/1p1q1KPP/8/6B1 w - - 4 45,f3g2 h7h6 g1f2 d3e4 g2g1 e4b1,3035,122,84,297,crushing endgame long quietMove,https://lichess.org/UIVTNpAo#89,
XjvYs,8/7r/1p6/1P1Ppq1k/1Q2Np2/6Pp/1PP2P1P/6K1 w - - 11 36,g3g4 f5g4 g1f1 g4d1 b4e1 d1c2 e1e2 c2e2,3045,108,82,297,crushing endgame veryLong,https://lichess.org/XpVsJq0U#71,
g8auy,8/Q5kp/1p4p1/2q5/2Brpp2/7P/5NPK/8 b - - 3 34,g7h6 f2g4 h6g5 a7g7 c5d6 g4e5 g5f5 e5f7,3010,125,87,297,crushing endgame master masterVsMaster veryLong,https://lichess.org/FC2gnDU9/black#68,
hKMsG,8/b7/7p/1N4p1/3p1k2/7P/6P1/5K2 b - - 3 50,f4e3 b5a7 d4d3 a7b5 g5g4 h3g4 e3f4 g4g5 f4g5 b5d6,3067,123,82,296,crushing defensiveMove endgame hangingPiece quietMove veryLong,https://lichess.org/wvjZeXaM/black#100,
wDXUq,8/1R4pk/1p3p2/p1p5/1rP3KP/6P1/1PR2P2/3r4 b - - 3 46,d1b1 c2e2 b4c4 f2f4 b1g1 h4h5,3061,114,86,296,advantage defensiveMove endgame long master quietMove rookEndgame,https://lichess.org/YjTMyCoU/black#92,
4kzVz,r4b2/ppk4B/2pp1B2/8/8/8/q4PPP/3RR1K1 b - - 0 22,f8h6 e1e7 c7b6 f6d4 c6c5 d4c3 a8d8 d1a1 a2a1 c3a1,3015,122,84,295,advantage middlegame quietMove veryLong,https://lichess.org/xmVWVGQf/black#44,
gZyiR,6k1/bp2n1pp/pq3p2/4p3/2P1Q3/BPn2NP1/5PKP/3N4 w - - 2 28,d1c3 b6f2 g2h3 f2f1 h3h4 e7g6 h4g4 g6f4 f3e5 h7h5 g4f5 f1h3,3086,114,82,295,advantage middlegame quietMove veryLong,https://lichess.org/LXetN84V#55,
hthG9,r2qNQ2/pp3p1p/2n1b1p1/5k2/2P1pP2/NP1p4/P5PP/5RK1 b - - 0 22,d8e8 g2g4 f5f6 g4g5 f6f5 f8h6 c6e5 f4e5 f5e5 h6g7 e5d6 a3b5 d6e7 g7f6,3043,123,87,295,advantage attraction discoveredAttack discoveredCheck middlegame veryLong,https://lichess.org/gQlw8eSs/black#44,
0H41G,6k1/b3q1p1/p1p2rpp/3Pp3/B7/2P3NP/Pr3PP1/R2QR1K1 w - - 0 22,a4c6 f6f2 g1h1 e7h4 e1e2 b2e2 g3e2 h4e4 d1g1 f2e2,3053,129,79,294,crushing middlegame veryLong,https://lichess.org/DO6f4jaY#43,
BtFNY,5r2/3k3b/5P2/3KR1P1/8/8/8/8 b - - 2 67,h7g6 e5e7 d7d8 e7g7 g6f7 d5e5 f8e8 e5f5 f7e6 f5g6,3086,108,82,294,crushing defensiveMove endgame veryLong,https://lichess.org/jiwT2Q48/black#134,
ENcIr,1r4k1/6pp/3N4/3Pp3/b7/2p1P3/5PPP/2R3K1 w - - 4 33,d6c4 b8b3 f2f3 c3c2 c1c2 b3b1 g1f2 a4c2,3083,130,87,294,advancedPawn advantage discoveredAttack endgame master quietMove veryLong,https://lichess.org/M2SOPM9h#65,
YZqZg,2r5/6k1/p2p2Pb/4pN2/2p1Q3/6R1/PP1q1r2/1K6 b - - 5 30,f2f5 e4b7 g7f8 g6g7 h6g7 b7c8 f8f7 c8d7 f7f6 d7g7 f6e6 g3g6 e6d5 g7b7 d5c5 b7c7,3039,100,95,293,advancedPawn crushing endgame exposedKing fork veryLong,https://lichess.org/fHepYlhp/black#60,
1M9kK,3k4/1p5R/p1qp4/4p3/4P3/2P1Q1P1/PP5P/2K2r2 w - - 3 28,c1c2 c6a4 b2b3 a4a2 c2d3 a2b3 e3g5 d8c8 h7h8 c8d7 g5g7 f1f7,3005,118,86,292,crushing deflection endgame veryLong,https://lichess.org/4nvcGR0x#55,
LwfkY,6k1/8/p3N3/1p1P2p1/1P2P1p1/r7/6P1/5K2 b - - 0 41,a3b3 d5d6 b3d3 e4e5 g8f7 e6c7 d3e3 d6d7 e3d3 f1e2 d3d4 e2e3,3042,103,83,292,advancedPawn advantage endgame quietMove veryLong,https://lichess.org/QzFyzZk0/black#82,
ZHtfi,6k1/r2p1p2/pp1BR1p1/3bP1Qp/7P/1q3P2/6P1/5RK1 b - - 0 34,d5e6 g5h6 b3d3 f1e1 d3d4 e1e3,3031,116,86,292,crushing defensiveMove endgame long quietMove,https://lichess.org/mRnzQGPj/black#68,
1n5zD,q4rk1/2p2pp1/p1P4n/Np5Q/5P2/r7/3R3K/6R1 b - - 1 36,f8d8 d2g2 g8h8 h5e5 h6g4 g2g4,3026,105,80,291,advantage long master middlegame,https://lichess.org/t3TlU1wK/black#72,
e4BsC,r5k1/3N1pp1/1pP1p2p/1Pb5/2N5/2n5/5PPP/2R3K1 b - - 5 26,c3e2 g1f1 e2c1 d7c5 b6c5 b5b6 c1b3 c6c7 b3d4 c4a3,3021,104,86,291,advancedPawn crushing defensiveMove endgame sacrifice veryLong,https://lichess.org/P6QjIJD3/black#52,
fsJQR,8/2q1k1p1/2P5/8/4K3/4N2p/2R4P/8 b - - 0 48,e7d8 e3d5 c7d6 e4d4 d6e6 c6c7 d8c8 c2f2,3064,116,86,291,advancedPawn crushing defensiveMove endgame exposedKing veryLong,https://lichess.org/mKLuI5Uc/black#96,
oug4i,8/4R3/p1b4r/2P5/3k4/1P1B1p2/P1P4P/6K1 w - - 2 48,e7h7 h6h7 d3h7 d4e3 h7d3 f3f2 g1f1 c6f3 h2h3 f3c6 a2a4 e3f3 b3b4 c6d7,3033,107,81,291,endgame,https://lichess.org/lWY0KvXB#95,
7IRk0,r1bqr1k1/pppn2b1/2n3Q1/8/3p1N2/2N1B3/PP3PP1/2KR3R b - - 0 18,d4c3 h1h8 g8h8 g6h5 g7h6 h5h6 h8g8 h6g6,3038,102,84,290,attraction crushing exposedKing kingsideAttack middlegame pin sacrifice veryLong,https://lichess.org/XOZHhVWm/black#36,Alekhine_Defense Alekhine_Defense_Exchange_Variation
FFKXS,1Q5r/4kppp/2P5/1N1q4/P3n3/6Pb/5P1P/R5KR w - - 3 26,b8b7 e7f6 b7b6 f6g6 c6c7 f7f6,3041,98,84,290,crushing defensiveMove long middlegame,https://lichess.org/V2VN0zMx#51,
IiNKw,8/8/b7/P4k2/N1p1p3/4P3/3K4/8 b - - 2 60,a6b5 a4c3 b5c6 c3a2,3021,112,86,290,crushing defensiveMove endgame master short,https://lichess.org/v4rWFnfT/black#120,
gjl6o,8/8/1PKnk3/6p1/8/6P1/5P2/8 b - - 1 43,e6e7 b6b7 d6b7 c6b7 e7d6 b7c8 d6d5 c8d8,3036,109,84,289,advancedPawn crushing defensiveMove endgame knightEndgame veryLong,https://lichess.org/DfohhqHv/black#86,
Tp7wC,r2q1rk1/p5pp/1bQ1pn2/2n2bB1/2P5/2N2N2/PP3PPP/R3KB1R w KQ - 1 14,f1e2 a8c8 c6b5 a7a6 b5b4 b6a5 b4a3 d8b6 e1g1 a5b4 c3a4 b6b8,3005,105,90,288,advantage clearance middlegame veryLong,https://lichess.org/PiPkmHEN#27,Vant_Kruijs_Opening Vant_Kruijs_Opening_Other_variations
Olz1l,3r1rk1/p1R3pp/2R1p1q1/8/1P2p3/PQ4p1/4PP1P/6K1 w - - 0 27,h2g3 e4e3 b3e3 d8d1 g1g2 g6h5 e3e6 g8h8 f2f4 f8d8 g2f2 h5h2,3018,120,87,287,endgame,https://lichess.org/OhFIx1QN#53,
1ZIYU,8/5ppp/2k5/p7/P2K4/6PP/5P2/8 b - - 0 42,h7h6 g3g4 g7g6 h3h4 c6d6 d4c4,3002,116,86,286,crushing defensiveMove endgame long pawnEndgame quietMove,https://lichess.org/AwKMiomT/black#84,
COq2D,8/8/1Pk2p1R/6p1/8/1r3pP1/5K1P/8 b - - 0 36,c6b6 h6f6 b6c7 f6g6 b3b2 f2f3 b2h2 f3g4,3021,128,83,286,crushing endgame rookEndgame veryLong,https://lichess.org/lQt7LDBW/black#72,
SXHrL,Nb2k2r/1p4pp/p7/4P3/1P1Bqn2/P5P1/7P/R2QK1R1 w k - 10 34,e1f1 f4d3 d4f2 d3f2 d1e2 e4c6 b4b5 a6b5,3000,106,89,284,crushing middlegame quietMove veryLong,https://lichess.org/j8nEgAxX#67,
VZIJ8,8/8/KP1k4/7r/8/6p1/3R4/8 b - - 1 48,d6c6 d2c2 c6d5 c2c3 g3g2 c3g3,3000,99,84,283,crushing endgame long rookEndgame,https://lichess.org/OqHqNNIl/black#96,
jKgqZ,1k1B3r/1p1Q3p/2p5/4pp1q/Nbb3p1/7P/PP3PP1/3R2K1 b - - 5 29,g4h3 d7c7 b8a7 d1d7 c4a6 c7e5,3015,107,85,283,advantage clearance long middlegame,https://lichess.org/aGE8y2Ks/black#58,
3cpjS,8/8/q5p1/3Qpk2/5p2/P1P2P2/KP6/8 w - - 0 40,d5d7 a6e6 d7e6 f5e6 a2b1 e5e4 b1c1 e4f3 c1d2 e6f5,3051,115,86,282,advantage defensiveMove endgame queenEndgame veryLong,https://lichess.org/FBCc0Ehj#79,
iPxfg,1k5r/2pQ1p2/p2p1p2/8/Pp1KPq2/8/1PR5/2R5 w - - 2 35,d4d5 f4e5 d5c4 e5e4 c4b3 e4e3 b3a2 b4b3 a2b1 b3c2,3010,110,85,282,advancedPawn advantage deflection endgame fork veryLong,https://lichess.org/NoyvQ8QS#69,
RIFmU,8/r3kpp1/4p2p/2P5/RK3P2/8/6PP/8 b - - 0 43,a7a4 b4a4 e7d7 a4b5 d7c7 g2g3 f7f6 c5c6 g7g6 b5c5,3041,102,94,281,crushing defensiveMove endgame quietMove veryLong,https://lichess.org/uoW3KrSv/black#86,
qKnjL,6k1/8/p7/2p5/P5b1/1P1N1pK1/8/8 b - - 1 42,c5c4 g3g4 c4d3 g4f3 g8f7 f3e3 d3d2 e3d2 f7e6 d2d3 e6d5 b3b4,3010,116,86,281,crushing defensiveMove endgame veryLong,https://lichess.org/e4BYhtA9/black#84,
xdKbO,1r4k1/1q3pp1/4p2p/8/2RP3P/2P3P1/1P2QPK1/8 w - - 1 28,g2h3 b7h1 h3g4 b8b2,3009,114,84,281,crushing discoveredAttack endgame short,https://lichess.org/1xL0lZb6#55,
bW9Z7,2Q5/1p3pk1/3P3p/pP4r1/q3pp2/7P/6P1/6RK b - - 1 44,f4f3 c8c3 g7h7 d6d7 g5g8 c3c5,3022,100,86,280,advancedPawn advantage defensiveMove endgame long master,https://lichess.org/i7JtB0DS/black#88,
gml1D,q1b3k1/pp3ppp/5n2/2p1N3/2P1n3/6P1/PPQr2BP/R4RK1 w - - 2 20,c2a4 c8h3 g2h3 e4g5 a4b3 g5h3,3021,116,85,280,crushing kingsideAttack long middlegame sacrifice,https://lichess.org/ukqu73dn#39,
Vg2Xk,7k/5p1P/pb2pPQ1/n2pP1N1/2qP3p/2p4P/6K1/1N3R2 b - - 0 32,f7g6 b1c3 c4f1 g2f1,3022,99,85,279,crushing endgame master short,https://lichess.org/s5DIIGkm/black#64,
W5Op2,5r1k/p2qn2p/1p6/nP2p3/2P2P2/3PB2b/5P1P/R2QR1KB w - - 1 23,d1h5 f8g8 h1g2 g8g2 g1h1 g2g7,3004,113,86,279,advantage defensiveMove long master middlegame,https://lichess.org/Wz2IiVAp#45,
mXiTS,5r2/pP3rbk/2P3p1/2Pp4/3Pp1q1/2N1P1p1/Q3R1KP/4R3 w - - 0 35,h2g3 g7e5 d4e5 f7f3 c3e4 d5e4 e1h1 h7g7,3033,106,85,279,crushing defensiveMove middlegame sacrifice veryLong,https://lichess.org/ZbE9H245#69,
8Zu0P,2r3k1/6p1/5rPp/p2Q1P2/1p6/1P5R/P1q5/K3R3 b - - 0 32,g8h8 e1g1 c2c7 h3h6 g7h6 g6g7 c7g7 g1g7,3073,120,82,278,advancedPawn crushing endgame master quietMove sacrifice veryLong,https://lichess.org/60oGhX63/black#64,
Muf3L,8/pp6/5p2/8/2Pk4/8/P1P1KP2/8 w - - 0 46,e2d2 a7a5 c4c5 d4c5,3015,116,85,278,crushing endgame pawnEndgame quietMove short,https://lichess.org/aU6PGl5B#91,
T8BMh,5rk1/1Bp3p1/2P4p/2q2r1P/4QP2/8/P2p4/R4R1K w - - 0 31,a1d1 f5f4 f1f4 c5h5 h1g2 f8f4 e4f4 h5e2 f4f2 e2g4 g2h2 g4d1 b7c8 d1h5,3087,118,83,278,crushing discoveredAttack exposedKing fork middlegame sacrifice veryLong,https://lichess.org/NQN5Iyk3#61,
BY8hi,2q1QK2/8/5P2/8/6k1/8/1pp5/1B6 w - - 0 76,b1c2 c8c2 e8e6 g4f4 f6f7 b2b1q e6h6 f4f5,3045,108,85,277,advancedPawn crushing defensiveMove endgame hangingPiece promotion veryLong,https://lichess.org/bHYCNJfS#151,
K7xGA,2r3r1/3QPRbk/4N1pp/p7/1pq5/8/P5PP/5R1K w - - 5 39,e6g7 c4f7 g7f5 f7e8 d7e8 c8e8,3029,97,94,277,advantage long middlegame,https://lichess.org/HIWdi9tr#77,
pRkU0,6k1/1p5p/p3N1p1/P4p2/2p1nP2/4P2P/1P2Q1PK/2q5 b - - 1 41,c4c3 e2c4 c3b2 c4d4 c1c3 d4d8 g8f7 d8d7 f7f6 e6f8 g6g5 d7e6 f6g7 e6e7 g7g8 f8e6,3073,105,93,277,clearance crushing endgame veryLong,https://lichess.org/gm3U0xhh/black#82,
wS6st,4r1k1/3p1ppp/R6r/8/3P1P2/1PP2QPn/2q1B1KP/5R2 w - - 9 32,a6h6 e8e2 g2h3 e2h2 h3g4 g7h6 f4f5 f7f6 g4f4 h2e2,3019,120,90,277,crushing defensiveMove middlegame quietMove veryLong,https://lichess.org/M0H9L7V2#63,
P5AP2,6k1/5pp1/p6p/1p2NP2/4N1Pn/1b1R4/r6P/6K1 b - - 1 30,b3c2 d3d8 g8h7 e5d7 h4f3 g1h1 h6h5 g4g5 a2a1 h1g2 a1g1 g2f3,3058,119,83,276,advantage endgame quietMove veryLong,https://lichess.org/1Bq57WHu/black#60,
H132i,8/PK1k4/8/6N1/4P1P1/8/8/1r6 w - - 3 55,b7a8 d7c6 g5f7 c6c7 e4e5 b1f1 e5e6 f1f6 e6e7 f6e6 f7d6 e6e7,3006,117,89,275,crushing endgame veryLong,https://lichess.org/Rgik94Vp#109,
Cs5DQ,1K6/8/1Pk3p1/2np1p2/3BpPpP/4P1P1/8/8 b - - 1 57,c5d7 b8a7 c6b5 a7b7 b5c4 b7c6,3014,112,88,274,crushing defensiveMove endgame long zugzwang,https://lichess.org/zdWNAn8S/black#114,
LzCdZ,8/2p5/2q3k1/4rp2/P3P1p1/1P4Pp/5P1P/1Q3RK1 w - - 1 42,e4f5 g6f6 f2f3 c6c5 g1h1 g4f3 b1b2 f6f7 b2d2 c5c6 d2f2 e5e2 h1g1 e2f2,3027,116,82,274,crushing defensiveMove endgame veryLong,https://lichess.org/AXgKWzdG#83,
qVvxU,6k1/pq3pp1/2p1p2p/3P4/3P3Q/2r2B1P/5PPK/2R5 b - - 0 32,c3c1 h4d8 g8h7 f3e4 g7g6 d5d6 h7g7 e4g6,3029,111,83,274,advantage endgame veryLong,https://lichess.org/5Zgv2yjU/black#64,
w9P36,7R/3r4/1k6/2p5/5K2/p1P2P2/6P1/8 w - - 0 41,g2g4 d7a7 h8h1 b6b5 f4e5 a3a2 h1a1 b5c4,3053,115,84,274,advancedPawn crushing endgame master quietMove rookEndgame veryLong,https://lichess.org/vH2eK3ec#81,
s3FDP,5rn1/1p3r1k/p1pNn3/P6p/5p1q/2B4P/1P3bP1/R2QR2K b - - 1 31,f4f3 d1c2 f7f5 d6f5 f3g2 h1h2 h4f4 f5g3 f8f5 c2f5 f4f5 g3f5,3010,96,82,273,crushing discoveredAttack discoveredCheck exposedKing fork middlegame veryLong,https://lichess.org/QFjIRcKT/black#62,
yQsRJ,1r3r2/p4pkp/8/2N3qp/2pR1P2/2Q5/PP3P2/2K5 b - - 0 23,g5f6 c5d7 f6h4 d7b8 f8b8 d4d5 g7g8 d5g5 h4g5 f4g5,3061,111,82,273,advantage discoveredAttack discoveredCheck endgame fork veryLong,https://lichess.org/WLfMOtz0/black#46,
YfsZY,3q1k2/5p2/p4n2/2p2QR1/2B1P1Pr/1P6/P2r2K1/5R2 w - - 3 36,f1f2 d8c7 f5c5 c7c5 g5c5 d2f2 g2f2 f6e4 f2e3 e4c5,3006,111,93,271,attraction crushing exposedKing fork middlegame pin quietMove veryLong,https://lichess.org/kX2AOMqJ#71,
aekb9,r5r1/1pp3pp/pb1kN3/3P1bQ1/1q1n4/8/PP3PPP/RNB2K1R w - - 8 17,c1f4 d6d7 e6d4 f5d3 d4e2 a8f8 g5g4 f8f5,3034,100,86,271,advantage middlegame sacrifice veryLong,https://lichess.org/45tI0Neq#33,Ponziani_Opening Ponziani_Opening_Other_variations
f2hIN,8/1k6/1P2Kp1p/2P1p1pP/1P1nP3/5P2/8/8 w - - 7 50,e6f6 d4f3 f6f5 b7c8,3052,124,90,271,crushing defensiveMove endgame knightEndgame short,https://lichess.org/NNl7jOfj#99,
SOnfx,1r6/2q2ppk/1pr1p2p/1QP1P3/3R1P1P/3K2B1/5P2/2R5 w - - 2 35,c1c4 b6c5 b5a4 b8b2,3016,107,89,270,advantage middlegame short,https://lichess.org/nAKiVq3x#69,
XG8Vx,3rr1k1/p4ppp/5n1B/5q2/Qb6/1BN5/PP5P/2K3R1 b - - 9 26,f5f2 b3f7 g8f7 g1g7 f7e6 a4a6 d8d6 a6c4 d6d5 c3d5 f6d5 c4c6,3036,117,80,270,advantage attraction fork middlegame pin veryLong,https://lichess.org/Y76RMPK2/black#52,
bt3zW,8/8/2p5/pp5p/8/1PP4k/P6P/6K1 w - - 0 37,a2a3 c6c5 b3b4 c5b4 c3b4 a5a4 g1h1 h3h4,3022,116,85,270,crushing defensiveMove endgame pawnEndgame quietMove veryLong,https://lichess.org/dUQvFUj2#73,
zMosK,4r1k1/3q1pp1/p1R4p/1B1p1n2/Q2P4/1P4P1/P4P1P/6K1 w - - 0 29,c6a6 e8e1 b5f1 d7e7 a4b5 e7e4 b5b8 g8h7 b8e5 e4b1 e5e1 b1e1,3041,123,81,270,crushing endgame quietMove veryLong,https://lichess.org/pqXeJ8F4#57,
fPtiZ,r3r1k1/5pp1/2pBpn1P/p1P5/6p1/3RQ3/2q2P2/4R1K1 b - - 1 24,f6d5 e3g5 g7g6 d6e5 g8h7 d3d5 c2f5 g5f5,3013,119,90,269,advantage middlegame quietMove veryLong,https://lichess.org/ExLu4Fyb/black#48,
2CxrV,6k1/ppp4p/6pB/5p1n/3Pb1Q1/1PP2N1P/4q1BK/8 w - - 0 31,f3g1 e2a6 g4h4 a6d6,3008,98,93,268,advantage middlegame quietMove short,https://lichess.org/zftcyQak#61,
55udH,r4rk1/7p/p3P1p1/1pp2pP1/5P1P/1PBQP3/q1P5/2K4R b - - 0 23,f8d8 d3e2 c5c4 h4h5 d8d3 e2g2 a8b8 e6e7,3013,105,84,268,advancedPawn advantage endgame veryLong,https://lichess.org/cbQ1nNln/black#46,
LEOkN,2rN4/5p2/1P2pQ2/1kPp4/8/1K6/3q1n2/1R6 b - - 10 45,f2e4 b6b7 c8b8 f6f1 b5c5 b1c1,3007,99,86,268,advancedPawn advantage endgame long,https://lichess.org/88gJuqNP/black#90,
VMVJL,4nk2/6p1/4K1p1/7p/5P2/3R4/8/8 b - - 1 49,h5h4 d3d8 h4h3 e6d7 f8f7 d8e8 g6g5 e8h8,3000,119,82,267,crushing endgame veryLong,https://lichess.org/uY6uS8ci/black#98,
R213d,2n2rk1/8/3p1qpQ/2p1pN2/2P3B1/1b6/6K1/7R b - - 1 36,g8f7 h6h7 f7e8 h7c7 g6f5 g4h5 f8f7 h5f7,3004,123,91,266,attackingF2F7 crushing middlegame sacrifice veryLong,https://lichess.org/zQnd9tYH/black#72,
vD6lI,4q2k/1p4r1/3P4/5p2/2QN1P1b/3Pr1P1/3R1RK1/8 w - - 1 36,f2f3 h4g3 f3e3 e8e3 c4c8 g7g8,3015,104,87,266,advantage long middlegame,https://lichess.org/7n2mpG9G#71,
GeNZW,7r/1p1Rnpkp/p3pNp1/4P3/1P4R1/5N1P/P1r2bPK/8 b - - 1 23,e7f5 f3g5 f5e3 h3h4,3018,106,85,265,crushing defensiveMove middlegame short,https://lichess.org/X5Zyd19J/black#46,
HeCes,1k5r/pp1b3q/2BP4/8/1r4p1/6Q1/7P/2R2RK1 b - - 0 32,d7c6 d6d7 b8a8 g3d6 h7g8 c1c6 b7c6 d6c6 b4b7 f1e1,3042,91,86,265,advancedPawn advantage clearance defensiveMove discoveredAttack middlegame veryLong,https://lichess.org/60LzKnuC/black#64,
RS27O,7B/8/7p/5p1K/2k2P2/pp6/3b4/1R6 w - - 0 49,h5h6 c4b4 b1d1 d2c3 h8e5 a3a2,3002,112,83,265,endgame,https://lichess.org/EoUVGLQx#97,
zVaQI,8/K1k5/2P3p1/1P1n3p/7P/6P1/5P2/8 b - - 1 45,d5b6 f2f3 b6c8 a7a6 c8e7 g3g4 c7b8 g4g5,3043,118,85,265,crushing defensiveMove endgame knightEndgame quietMove veryLong zugzwang,https://lichess.org/kW34jyOw/black#90,
Fps1J,6k1/8/2p5/p1Pp4/P2Pr1qp/5R2/3Q1KP1/8 b - - 6 34,e4d4 d2h6 g4g7 h6c6 g8h7 c6e8,3029,122,85,264,crushing defensiveMove endgame long,https://lichess.org/4q59ooyv/black#68,
5cCdP,r2q2rk/8/3pPb2/2pP3P/2P1BB2/pP2Q3/1P3P2/2KN4 w - - 0 35,f4d6 g8g5 b2a3 d8d6,3048,121,86,263,advantage intermezzo master middlegame short,https://lichess.org/0RQPujTT#69,
DFM0H,r1b2rk1/1p1n1pb1/1q4p1/1P6/p1B4Q/P2p4/1B4PP/4RR1K b - - 1 25,g7b2 f1f7 f8f7 e1e8 d7f8 c4f7 g8g7 e8e7,3014,108,92,262,crushing intermezzo kingsideAttack middlegame pin sacrifice veryLong,https://lichess.org/O0Kr1p4g/black#50,
dgJNs,R7/8/8/8/8/2k3P1/p5K1/r7 b - - 20 102,a1b1 a8a2 c3d4 a2a5,3030,91,85,262,advantage defensiveMove endgame rookEndgame short,https://lichess.org/Bf3UDLKo/black#204,
a8pfV,6r1/pp1k4/2nN3p/4p3/2Q2Bqb/8/PPP1R1P1/6K1 w - - 2 28,f4e5 c6e5 c4d5 e5c6 d6f5 d7c7 d5d6 c7b6 f5e3 g4d4,3022,117,83,261,crushing middlegame quietMove veryLong,https://lichess.org/oxP4hzum#55,
Y2Oqq,8/1B6/6p1/P1R5/3ppk1P/r7/4K3/8 w - - 0 51,a5a6 d4d3 e2f1 a3a1 f1g2 a1a2 g2h3 d3d2 c5d5 e4e3 d5d4 f4e5,3010,113,86,260,advancedPawn crushing endgame exposedKing veryLong,https://lichess.org/6wRymZFo#101,
tqqZ7,8/pp5p/8/4kpp1/1PP5/4K1PP/P7/8 b - - 1 32,h7h5 h3h4 g5g4 a2a3 b7b6 a3a4 a7a6 a4a5 b6a5 b4a5 f5f4 g3f4,3046,117,86,259,crushing endgame pawnEndgame quietMove veryLong zugzwang,https://lichess.org/KAm28iUF/black#64,
xx7Oo,8/1pk5/1b2B2P/6p1/4Pp2/1P6/R6K/6r1 b - - 0 38,f4f3 a2c2 c7d6 h6h7 b6d4 e4e5 d6e6 h7h8q,3032,95,87,259,advancedPawn crushing endgame promotion veryLong,https://lichess.org/2eqT2FK4/black#76,
IgcnS,3r2k1/1N2Rpbp/2RP4/3r1q2/pP2n3/P5QP/5PP1/6K1 w - - 5 32,g3e3 d5d1 g1h2 e4d2 e3d2 d1d2,3082,106,85,258,crushing long master middlegame quietMove,https://lichess.org/QQ3q5MzW#63,
c5YrF,8/8/3p4/2p1p3/2P1Pb1p/k1BP1p1P/2K2P2/8 w - - 26 63,c3b2 a3a4 b2c3 f4e3,3008,101,84,258,bishopEndgame crushing defensiveMove endgame master short,https://lichess.org/Rb6rEcGY#125,
7eUKL,r6b/1p3R2/p6k/q1p3p1/2B1P1bP/4Q3/1PP3P1/6K1 b - - 0 29,a8g8 e4e5 a5d8 c4d3,3047,120,89,257,advantage master middlegame pin quietMove short,https://lichess.org/WQsQz2nh/black#58,
kFulK,r4r2/4np2/pq2pkp1/3p2N1/p4P1Q/3b1R2/1P4PP/R6K b - - 1 25,d3f5 f3h3 f5h3 g5e6 g6g5 h4g5 f6e6 a1e1 e6d7 g5e7,3023,122,81,257,advantage discoveredAttack discoveredCheck middlegame quietMove sacrifice veryLong,https://lichess.org/iKJlt6Nd/black#50,
kMYs5,r4r2/bp5k/2np1pPp/4pN2/p3P2P/P1PB1Q2/2K3P1/7q b - - 0 33,h7g8 d3c4 d6d5 f5h6 g8h8 h6f5,3045,106,84,257,crushing defensiveMove exposedKing kingsideAttack long middlegame,https://lichess.org/TTcPllF1/black#66,
oF8Ks,2kr4/ppp3p1/8/2b2NNr/P3PP2/1K4Q1/4q2p/R4R1B w - - 3 31,a1c1 h5h6 f5h6 d8d3 g3d3 e2d3,3013,99,83,255,crushing fork long middlegame quietMove sacrifice,https://lichess.org/5j8y2xHh#61,
lab9U,3b1r2/p2R1pk1/4pp1p/1p5Q/1P4NP/6P1/5PK1/2q5 b - - 0 36,f6f5 g4e5 d8e7 d7e7 g7f6 e7d7,3004,114,80,254,crushing endgame long master,https://lichess.org/fqLXhMwr/black#72,
0oBjF,4q1k1/2p4p/P5p1/2Q1n3/8/2P3R1/1r2r1PP/R4NK1 w - - 2 33,c5c7 e8a8 f1e3 e2e3 a1d1 a8f8,3006,112,85,253,advantage defensiveMove long middlegame,https://lichess.org/CQhNLShB#65,
s8Js0,2Q5/7k/p5pp/6q1/1P2Q3/P7/4p1PP/2Rr2K1 w - - 1 44,g1f2 g5f4 e4f4 e2e1q f2f3 d1d3 f3g4 h6h5 g4g5 e1e7 f4f6 d3d5 g5h4 e7f6 h4h3 h7h6 c1e1 g6g5 c8e6 g5g4 h3g3 d5d3 e1e3 f6e6,3010,103,93,253,advancedPawn crushing deflection endgame pin promotion quietMove veryLong,https://lichess.org/s0HIWBcp#87,
1Y09P,8/7p/1ppk2p1/5PP1/1PP1K3/8/8/8 b - - 0 40,g6f5 e4f5 d6e7 f5e5 e7f7 e5d6 f7g6 d6c6 g6g5 b4b5,3033,111,87,252,crushing defensiveMove endgame pawnEndgame veryLong zugzwang,https://lichess.org/XErDfCLD/black#80,
JKepi,8/6pp/8/p7/P1k2PP1/1p6/3K3P/8 w - - 2 46,g4g5 g7g6 d2c1 c4b4 c1b1 b4a3 h2h4 a3a4 h4h5 g6h5 f4f5 h5h4 b1b2 h4h3,3004,114,90,250,crushing endgame pawnEndgame quietMove veryLong zugzwang,https://lichess.org/um01eaWy#91,
HoFRD,8/8/8/1bP5/3Kp3/4Pk2/p4P2/N7 w - - 1 53,d4d5 f3f2 d5e4 f2e2 a1b3 e2d1 c5c6 b5a6,3082,130,84,249,crushing defensiveMove endgame master veryLong,https://lichess.org/B0ikZG5Q#105,
Ik9yJ,7k/p7/1pP3Bp/2n5/2P1p3/P2r1q2/2K2P2/4Q1R1 w - - 2 40,g6e4 c5e4 g1g3 e4g3 c6c7 g3e2,3009,115,86,249,crushing defensiveMove endgame long,https://lichess.org/09SuiY16#79,
PMYJw,8/5p2/3kpP2/1K4p1/6P1/P7/8/8 w - - 2 57,b5b6 e6e5 b6b5 e5e4 b5c4 d6e5 a3a4 e5f4 a4a5 e4e3 c4d3 f4f3 a5a6 e3e2 a6a7 e2e1q a7a8q f3f4 a8a4 f4g3,3060,126,88,249,advancedPawn crushing defensiveMove endgame pawnEndgame promotion quietMove veryLong,https://lichess.org/VsblP1sK#113,
Tw1kE,3r3k/2r3pp/8/8/P2pQ3/2p4P/5PP1/2R3K1 w - - 1 33,a4a5 d4d3 g1h2 c7c8 c1b1 c3c2,3015,114,83,249,advancedPawn advantage endgame long queenRookEndgame quietMove,https://lichess.org/v2dDp0zl#65,
1uzAu,r7/4RP2/2p5/3kP3/4p2p/2p5/2K2P2/8 b - - 0 43,a8f8 e5e6 h4h3 e7e8 h3h2 e8f8 h2h1q f8b8 h1a1 f7f8q,3044,105,85,248,advancedPawn clearance crushing endgame master promotion quietMove rookEndgame veryLong,https://lichess.org/qd3TooUi/black#86,
lhBK5,3r2kr/3b1p2/2pQ1P2/1q6/p3P2p/P6P/1PB3P1/3R3K b - - 4 36,g8h7 d6f4 b5e2 f4g5 h8g8 e4e5 g8g6 c2g6,3036,112,86,248,crushing discoveredAttack discoveredCheck exposedKing master middlegame veryLong,https://lichess.org/ys9Qis8a/black#72,
wJ96e,8/8/1p2k1p1/1P3p1p/2K2P1P/8/8/8 b - - 6 51,g6g5 f4g5 f5f4 c4d4 e6f5 d4c3 f5e5 c3d3,3000,106,80,248,crushing defensiveMove endgame pawnEndgame veryLong zugzwang,https://lichess.org/NdHoeLeW/black#102,
JFuT5,8/pp5p/2p1Q1pk/2P5/3P2P1/q7/5PK1/8 b - - 1 40,a3b4 e6e7 b4d4 g2g3 g6g5 e7d6 d4d6 c5d6 h6g6 d6d7,3027,107,83,247,advancedPawn crushing endgame queenEndgame veryLong,https://lichess.org/Pd0VdDl2/black#80,
SqfGF,1r3r1k/6p1/p1q1B1Qp/4Pp2/P2R1P2/7P/6P1/7K b - - 0 35,c6c3 d4c4 c3e1 h1h2 e1f1 a4a5 b8b2 c4d4 b2d2 d4b4 d2d8 e6f5 f8f5 g6f5,3012,116,81,246,crushing endgame quietMove veryLong,https://lichess.org/1PXUf5d0/black#70,
DEKol,r7/8/4P2p/2R5/3pk3/pP6/P5PP/6K1 w - - 1 38,c5c1 d4d3 c1c6 d3d2 c6d6 e4e3 e6e7 a8c8 h2h3 e3e2 d6e6 e2d3 g1h2 d2d1q e7e8q c8e8,3006,117,81,245,advancedPawn crushing endgame master promotion quietMove rookEndgame veryLong,https://lichess.org/OH6PRaZG#75,
Y852r,8/p5p1/1pp5/3k1p1p/3P1P2/PP1K2PP/8/8 w - - 0 32,a3a4 a7a6 d3e3 c6c5 d4c5 d5c5,3027,115,84,245,crushing endgame long pawnEndgame quietMove zugzwang,https://lichess.org/yc9X9FO9#63,
PrvUF,rnbq4/ppp4p/5Rpk/4B3/2BP2p1/8/PPP3PP/R5K1 b - - 0 18,c8f5 e5f4 h6h5 f6f5 g6f5 c4f7 h5h4 c2c3 g4g3 h2g3,3070,112,86,244,advantage middlegame quietMove sacrifice veryLong,https://lichess.org/r3gDMwsz/black#36,Kings_Gambit_Accepted Kings_Gambit_Accepted_Cunningham_Defense
AoHCP,8/k7/4n1P1/3p3K/1p2p3/8/3N1P2/8 b - - 1 43,b4b3 d2b3 a7b6 h5g4 e6g7 g4f4,3013,111,81,243,crushing endgame knightEndgame long,https://lichess.org/4unQuFEm/black#86,
gOG4t,8/7p/5k2/p4pp1/2p1p1P1/2P1P1KP/P4P2/8 w - - 0 39,f2f4 e4f3 g3f3 a5a4 f3e2 f6e5,3022,122,86,243,crushing defensiveMove enPassant endgame long pawnEndgame quietMove,https://lichess.org/1bxCDEMW#77,
tnaiM,8/6N1/6k1/p2P3p/Pb1K1P2/8/8/8 w - - 2 46,g7h5 g6h5 d4e5 h5g4 d5d6 b4d2 d6d7 d2f4,3005,99,83,243,crushing endgame hangingPiece veryLong,https://lichess.org/RLwTjIWs#91,
FVIcM,2B1b3/8/4P3/1p4pp/1P6/K1k5/7P/8 b - - 4 52,g5g4 c8d7 e8g6 d7b5 h5h4 a3a4 g4g3 h2g3,3054,113,87,242,bishopEndgame crushing endgame interference veryLong,https://lichess.org/z7fFEalJ/black#104,
umIPp,2Q5/3P1pkp/6p1/1K2p3/3q4/7P/6P1/8 b - - 11 55,d4d5 b5a6 d5d3 a6a7 d3d4 a7a8,3070,115,94,242,crushing defensiveMove endgame long master queenEndgame,https://lichess.org/FdfNe0xy/black#110,
qExHa,5QR1/5p1p/1q2p1p1/3rPk2/7P/8/5PP1/Bn4K1 w - - 1 32,g2g4 f5g4 f8f7 d5d3 g1h2 d3h3,3001,114,86,241,crushing endgame long quietMove,https://lichess.org/I4CialDQ#63,
R0hfK,5r2/2q3kp/1p4p1/r2pP1P1/p1p5/P1P5/1P1Q3P/R4RK1 b - - 0 27,c7e5 f1f8 g7f8 a1e1 e5c7 d2f2 c7f7 f2g3,3011,115,86,240,advantage defensiveMove endgame veryLong,https://lichess.org/Ohe5nBqG/black#54,
MKck2,8/8/8/pKp2N2/P6p/1P3k1P/8/4b3 w - - 2 67,b5c5 f3f4 f5d4 f4g3 c5d5 g3h3 d5e4 h3g4,3005,119,81,239,crushing defensiveMove endgame veryLong,https://lichess.org/FP7fGq2F#133,
2KkoY,1q6/4k3/1Pp1p1r1/4Pp1p/3Q3B/8/P6K/8 b - - 3 43,e7f8 d4d8 b8d8 h4d8 g6g4 d8c7 g4a4 a2a3,3001,121,88,238,crushing defensiveMove endgame quietMove veryLong,https://lichess.org/FZiEKYnn/black#86,
IJqgy,8/4P3/4R3/7P/4k3/4r3/5K2/q7 b - - 1 53,e4d4 e6e3 a1a2 e3e2 a2f7 f2e1 f7e8 h5h6 d4c3 e2e3,3006,112,67,238,crushing endgame veryLong,https://lichess.org/G1jIoSSj/black#106,
GAdbz,K7/P7/3R4/2p5/2P3k1/8/4p3/1r6 w - - 0 80,d6e6 e2e1q e6e1 b1e1 a8b7 e1b1 b7c6 b1a1 c6c5 a1a6,3012,93,85,237,advancedPawn crushing endgame promotion veryLong,https://lichess.org/D9uzBXae#159,
tBgPU,1k3rr1/pp6/2p5/1PPpq2p/Q2R3P/2P1P1p1/P4PP1/5RK1 w - - 0 29,b5c6 g3f2 f1f2 f8f2 g1f2 e5h2,3015,99,74,231,advancedPawn crushing endgame kingsideAttack long,https://lichess.org/OpVx5V89#57,
olKKB,8/P1K2k2/8/7R/2n4P/8/1r6/8 b - - 0 60,c4b6 h5h8 f7g7 h8b8 b6a8 c7c8 b2a2 b8b7 g7f6 c8b8,3019,102,98,230,crushing defensiveMove endgame exposedKing quietMove veryLong,https://lichess.org/ugl8SolL/black#120,
5uhsB,8/7p/6p1/6Pk/P2R3P/3p4/r7/3K4 w - - 0 38,a4a5 a2a5 d1d2 a5a1 d4d3 a1a2 d2e3 h5h4,3020,119,87,229,advantage endgame exposedKing quietMove rookEndgame veryLong,https://lichess.org/KoLeDFwj#75,
lcwll,7k/2p1P1p1/1b5p/p4Q2/P3r3/7P/1p2qPP1/1R1R2K1 w - - 3 35,d1e1 e2e1 b1e1 e4e1 g1h2 b6d4,3019,96,84,227,advantage endgame long,https://lichess.org/Zng56uaG#69,
qyG5M,8/6k1/2p5/1p2NPP1/3pn1K1/8/8/8 b - - 1 52,c6c5 g4f4 d4d3 e5d3 e4d6 d3e5 d6e8 e5d7,3035,111,92,227,crushing endgame knightEndgame quietMove veryLong,https://lichess.org/MMuprInf/black#104,
x82RW,7k/2r1b1p1/1K4Pp/3B4/8/4R3/8/8 b - - 7 49,c7d7 d5f7 e7d8 b6a6,3022,105,81,227,crushing defensiveMove endgame master quietMove short,https://lichess.org/jBG6dZa4/black#98,
eUgYk,8/r2q1p1k/4p1p1/1pPpP2p/1P3P1P/R1Q3P1/5K2/8 b - - 6 40,h7g7 c5c6 d7c7 a3a7 c7a7 c3c5 a7a2 f2e1 d5d4 c5d4 a2c2 d4c5,3027,111,82,226,crushing endgame veryLong,https://lichess.org/JxsCTFc2/black#80,
L6o9W,r1b2r1k/1p4pp/1qn5/p1nBP3/5P2/P1N2NP1/1P2Kb1P/R1BQ3R w - - 5 18,e2f2 c5e4 f2e2 b6f2 e2d3 e4c3 d3c3 c8f5,3001,114,78,225,advantage defensiveMove discoveredCheck doubleCheck master middlegame veryLong,https://lichess.org/MmRDCqtd#35,French_Defense French_Defense_Tarrasch_Variation
O6X0w,8/4r3/4p3/1R1bPpR1/2p2P1P/6P1/1K1k4/8 w - - 0 83,b5c5 e7a7 g5g8 c4c3,3048,112,86,224,crushing endgame quietMove short,https://lichess.org/oOycCNAw#165,
yND0K,4Q3/p2N1pkp/6p1/5p2/1K1pb3/6P1/PP3P1P/3q4 b - - 0 39,a7a5 b4a3 g7h6 e8f8 h6g5 h2h3,3014,116,84,224,endgame,https://lichess.org/u52unczT/black#78,
DstJ8,1k6/2p2p2/pp6/4PNqr/3PQ3/2PK2p1/r7/1R4R1 w - - 6 37,g1g3 g5d2 d3c4 a2a4 b1b4 a4b4 c3b4 d2a2 c4d3 a2a3 d3e2 h5h2,3019,101,81,223,crushing middlegame veryLong,https://lichess.org/L1TA0bGk#73,
OpW5P,3r2rk/5p1p/5p2/5Nq1/1P3n2/P4P2/2Q2RB1/2R2K2 w - - 4 29,c1b1 d8d3 f5e7 f4g2 c2d3 g2f4 e7g8 f4d3,3086,117,80,222,crushing middlegame sacrifice veryLong,https://lichess.org/IsbULrVh#57,
m3eRA,5r1k/ppp3bp/4Q1p1/1q2n3/4p3/2P5/PP3PPP/RN3RK1 w - - 0 22,e6b3 e5f3 g2f3 b5h5 b3e6 g7e5 h2h4 f8f5 e6e8 h8g7 e8e7 g7h6 b1d2 e4f3,3037,114,86,222,advantage clearance middlegame sacrifice veryLong,https://lichess.org/r2P9ppNs#43,
wta3W,r2q1r2/1bp1npk1/1p2pNnR/4p1N1/p2P2Q1/2PB2P1/PP3PP1/2K5 b - - 0 23,g7f6 d3g6 e7g6 g5f7,3036,113,84,222,crushing middlegame short,https://lichess.org/W035tJOS/black#46,
bV6z0,6bk/r6p/n3q1B1/2p5/p2pPB1Q/P2P4/1P6/1K5R b - - 9 42,e6a2 b1c2 a7g7 h4d8,3006,114,79,221,advantage middlegame pin short,https://lichess.org/kWRMVDPd/black#84,
bb9td,1k5r/pp1qNQ2/3p4/2p1p3/4P3/3P2p1/PPP1nPKP/R4R2 w - - 1 20,h2g3 d7h3 g2f3 e2d4 f3e3 h3g4 e7c6 b7c6,3053,100,84,221,crushing middlegame veryLong,https://lichess.org/5jZLCjyZ#39,
6tRnc,5Brk/7p/p1p1pb2/Q2p1p2/3P1q2/1P5P/P4PP1/2R1R1K1 w - - 1 29,f8a3 f6h4 g1h1 g8g2 a5d8 g2g8 d8g8 h8g8 e1g1 g8f7,3006,121,87,220,crushing defensiveMove middlegame veryLong,https://lichess.org/clSPR7wm#57,
aXss1,8/1R6/p1n5/1p6/2p5/1kP1K3/8/8 w - - 2 44,e3d2 b3b2 b7b6 c6e7 b6a6 e7d5 a6a5 d5c3,3072,129,88,219,crushing endgame quietMove veryLong,https://lichess.org/8wtdUEeJ#87,
CPGB6,2r2bk1/1p1q1r2/pQ1p4/3Pp3/4PnNp/5N1P/PPR3P1/5RK1 w - - 5 30,g4e5 d6e5 f3e5 d7e8 e5f7 c8c2,3021,115,76,216,crushing long middlegame,https://lichess.org/Di3O4Tey#59,
P54yF,8/p7/1p6/2p1pk2/2Pp3P/1P1P1K2/P7/8 w - - 0 49,h4h5 a7a5 a2a3 f5g5,3000,97,83,216,crushing endgame pawnEndgame quietMove short,https://lichess.org/VwXOI8IF#97,
tthKD,r3r1k1/5p2/pq1p1NpB/1ppP4/2P5/P5Q1/6PP/b5K1 b - - 0 23,g8h8 g3h3 a1d4 g1f1 e8e1 f1e1 b6a5 h6d2,3062,103,86,213,advantage defensiveMove discoveredAttack discoveredCheck middlegame quietMove veryLong,https://lichess.org/YecWCVyU/black#46,
HaOlC,r6r/pp1bqkNp/2pp3n/4P3/8/2P5/PP2Q1PP/2KR1B1R w - - 0 18,e2h5 f7g7 d1d6 h6f7 d6f6 h8e8 f1c4 f7e5,3007,114,85,207,advantage middlegame quietMove veryLong,https://lichess.org/7QBhrhS2#35,Three_Knights_Opening Three_Knights_Opening_Other_variations
eT8t8,6k1/2q3p1/4N2p/1p1b2b1/1PpP2P1/2P3r1/4R3/R3QBK1 w - - 1 32,f1g2 g5e3 e2f2 c7d6 a1a6 d6a6,3008,115,85,204,advantage long middlegame pin,https://lichess.org/HzE6BQt8#63,
0gUA8,r3k2r/2qn3p/b3P1p1/p2p2Q1/3n4/2p5/2B2RPP/R1B3K1 b kq - 0 23,d4c2 e6d7 c7d7 g5f6,3074,113,86,203,advancedPawn crushing master middlegame short,https://lichess.org/eFz54y2o/black#46,
ZP7Fj,r3k3/1ppq1pp1/4r3/2b5/pn6/1PNP1Q2/P1P2PPP/2KR1B1R w q - 0 14,f3b7 d7d4 b7a8 e8e7 c3a4 d4f2,3012,124,87,203,advantage defensiveMove long middlegame sacrifice,https://lichess.org/hBZImttZ#27,Scandinavian_Defense Scandinavian_Defense_Other_variations
gdcUc,8/5R1P/8/3k4/4pp1r/8/8/6K1 w - - 8 72,h7h8q h4h8 f7f4 d5d4 f4f5 d4d3 g1g2 h8a8 f5b5 a8a2 g2g3 d3e2 g3f4 e4e3 b5b3 a2a4,3008,105,87,202,crushing endgame exposedKing quietMove veryLong,https://lichess.org/ygmc4z17#143,
IKveu,r1b2r1k/1p5P/p1n1p1p1/3pP3/1bp2NQ1/q3P3/P1P2P2/1R1K3R b - - 0 22,f8f4 g4f4 b4e7 h1h6 c8d7 h6g6 d7e8 g6g8,3004,116,80,200,advantage hangingPiece kingsideAttack middlegame veryLong,https://lichess.org/SjxiP5RG/black#44,
1BNJG,8/p4k2/3P3p/3NPp2/P1p5/2P2P2/6K1/r7 b - - 2 42,a1d1 d5c7 d1e1 f3f4 a7a5 g2f3,3006,103,83,199,crushing defensiveMove endgame long quietMove,https://lichess.org/C11lPhto/black#84,
B4dJ4,8/6k1/p4p2/2KPnP1p/8/P1P4P/8/8 b - - 6 48,g7h6 c5d6 h6g5 d6e6 e5d3 d5d6 d3f4 e6e7 g5f5 d6d7 f4e6 e7d6 e6d8 c3c4 f5e4 c4c5 d8b7 d6c6,3000,100,79,199,advancedPawn crushing defensiveMove endgame knightEndgame quietMove veryLong,https://lichess.org/UEeTsrD5/black#96,
CxBJM,6k1/p7/4p1Kp/4N1p1/3r4/7P/PPR2Pp1/6n1 b - - 1 31,d4f4 c2c7 g1f3 c7c8 f4f8 c8f8 g8f8 e5f3,3048,114,86,196,advantage endgame exposedKing veryLong,https://lichess.org/rfxR7caw/black#62,
B8Dpe,r5r1/2p2ppk/p1p1q2p/3pPn2/4pP2/1PQ1P2P/PBP2R2/R4NK1 w - - 3 19,f2g2 g7g5 c3e1 g5f4,3001,105,81,194,advantage middlegame short,https://lichess.org/1O0SG0yv#37,
wHo6w,6k1/1P4p1/4Pr2/1pq5/3pP1p1/2p3P1/2Q3KP/3R4 b - - 1 35,c5b6 c2a2 g8h7 e6e7 c3c2 a2c2,3010,102,93,191,advancedPawn crushing endgame long quietMove,https://lichess.org/pWKRoEVk/black#70,
t7kiU,1r6/5R2/8/6pp/1PK1p3/6kP/6P1/8 w - - 6 51,f7f5 b8g8 b4b5 g3g2 b5b6 g2h3,3006,101,79,189,crushing endgame long quietMove rookEndgame,https://lichess.org/gNpdIU4P#101,
GQxdH,r7/8/P1n1k3/2K5/8/2P5/8/R7 b - - 8 65,c6a7 c5b6 e6d5 a1d1 d5c4 b6b7 a8h8 b7a7 c4c5 d1b1,3054,97,82,187,crushing defensiveMove endgame exposedKing veryLong,https://lichess.org/ZylX2nGZ/black#130,
RiLYA,8/8/4p3/7k/1p1P1p1P/1Pr4R/6K1/8 b - - 5 47,c3h3 g2h3 f4f3 d4d5 f3f2 h3g2 e6d5 g2f2,3010,95,95,185,crushing endgame veryLong zugzwang,https://lichess.org/PK6Crm0s/black#94,
0Rokb,5rk1/1b3N2/pq4p1/1p1p4/3r4/1P3Q2/P6P/R4R1K b - - 0 25,d4h4 f7h6 g8h7 f3f8 d5d4 h1g1 d4d3 f1f2 b6e3 h6f5 e3g5 g1f1 g6f5 f8f7,3032,108,87,184,crushing deflection discoveredAttack middlegame veryLong,https://lichess.org/35p5owTc/black#50,
hxsEl,8/1R3p1k/4pnpp/p1Np4/3P4/3QP1KP/5PP1/r1q5 b - - 1 39,h7g7 d3a6 g6g5 a6e6 f6h5 g3g4,3021,96,94,180,advantage endgame long pin,https://lichess.org/ZNCdPEyF/black#78,
p7Jau,8/8/5p2/k2p1Pp1/b1pP2Pp/2P4P/2B5/2K5 w - - 5 56,c2b1 a4b3 c1b2 a5b5,3021,102,84,178,advantage bishopEndgame defensiveMove endgame quietMove short,https://lichess.org/K4pH3t6G#111,
bLCBi,r2q4/pb2n1Q1/1p5p/3p4/2p3P1/1k1B1R2/6NP/6K1 b - - 1 40,c4d3 g7d4 b7a6 f3f1 d8h8 f1b1 b3c2 d4b4 h8d4 b4d4,3027,111,83,176,advantage middlegame pin quietMove veryLong,https://lichess.org/v1V27mN6/black#80,
jZnQt,8/p1R4b/N2k4/P7/4p3/8/1PP4r/2K5 w - - 3 36,c7a7 e4e3 a7h7 h2h7 c1d1 d6d5 d1e2 h7h6,3028,96,94,175,crushing endgame veryLong,https://lichess.org/3VzNsIq1#71,
e2vfL,8/8/5pp1/p2k3p/5P1P/PP1K4/8/8 w - - 2 40,d3c3 d5e4 b3b4 a5b4 a3b4 e4f4 c3d4 f4f5 b4b5 f5e6 d4c5 g6g5 h4g5 f6g5 c5c6 h5h4 b5b6 h4h3 b6b7 h3h2,3000,100,75,174,advancedPawn crushing endgame pawnEndgame quietMove veryLong,https://lichess.org/6AUvvzLa#79,
P8BCD,3r1rk1/6b1/pq2p1Np/1p1bP2Q/8/8/PPP3PP/2KRR3 b - - 4 24,f8f5 g6e7 g8h8 e7f5 e6f5 e5e6 b6a5 h5h4 d8e8 d1d5,3001,104,85,171,crushing fork middlegame veryLong,https://lichess.org/sGYE18rA/black#48,
PVugv,8/p7/5k1p/1p1pp3/3Pp1P1/1PP1K2P/P7/8 b - - 0 31,a7a5 d4e5 f6e5 a2a4 b5b4 c3b4 d5d4 e3e2 e5f4 b4a5 d4d3 e2d2 f4f3 a5a6 e4e3 d2d3 e3e2 a6a7 e2e1q a7a8q,3004,110,87,159,advancedPawn crushing endgame pawnEndgame promotion veryLong,https://lichess.org/wVtRwzde/black#62,
BPIdt,q4rk1/1b3ppp/2pbp3/1p2NP1Q/n1pPP3/2P1B1P1/6BP/3R2K1 b - - 0 18,a4c3 f5f6 d6e5 d4e5 f8d8 d1c1,3046,102,73,118,advantage long middlegame,https://lichess.org/GOoa5Z9E/black#36,Queens_Pawn_Game Queens_Pawn_Game_Other_variations
